experiment,hft_frac,info_lag,liquidity_setting,metric,interaction_point,interaction_boot_mean,ci_low,ci_high,p_two_sided,ci_excludes_zero,positive_point,p_holm,p_bh,significant_holm_5pct,significant_bh_5pct,metric_family,supports_original_h3,contradicts_original_h3
book_depth,0.0,1,book_volume=1000,acf_abs_ret_1,0.0074898373469071,0.0062621848641063,-0.0813663504163035,0.0930891311027359,0.874,False,True,1.0,0.9762765957446808,False,False,core_clustering,False,False
book_depth,0.0,1,book_volume=1000,acf_abs_ret_5,-0.0376110296120841,-0.0368753851481922,-0.1079208512529849,0.0337239243931695,0.312,False,False,1.0,0.9024324324324324,False,False,core_clustering,False,False
book_depth,0.0,1,book_volume=1000,high_vol_cluster_share,0.1257525083612042,0.1320986622073579,-0.0365746934225196,0.306329431438127,0.128,False,True,1.0,0.7785365853658536,False,False,context,False,False
book_depth,0.0,1,book_volume=1000,vol_persistence,0.0003817421759629,0.0006728818461178,-0.007971308249053,0.008441017898104,0.854,False,True,1.0,0.9762765957446808,False,False,core_clustering,False,False
book_depth,0.0,1,book_volume=1000,vol_ratio,0.1199668389119881,0.0904230237360093,-0.8201415857316693,0.9553956408046492,0.842,False,True,1.0,0.9762765957446808,False,False,context,False,False
book_depth,0.0,1,book_volume=300,acf_abs_ret_1,0.0033978566829614,0.00331796195979,-0.075307910002278,0.0825316265069377,0.906,False,True,1.0,0.9782005141388176,False,False,core_clustering,False,False
book_depth,0.0,1,book_volume=300,acf_abs_ret_5,-0.0840061033139862,-0.0851065788017718,-0.1555301488062747,-0.0144841370268412,0.02,True,False,1.0,0.72,False,False,core_clustering,False,False
book_depth,0.0,1,book_volume=300,high_vol_cluster_share,0.0755852842809364,0.0753255295429208,-0.0888127090301004,0.2411705685618728,0.368,False,True,1.0,0.9181395348837209,False,False,context,False,False
book_depth,0.0,1,book_volume=300,vol_persistence,0.0037705694628459,0.0039152490154017,-0.0041122799824018,0.0122545400345642,0.37,False,True,1.0,0.9181395348837209,False,False,core_clustering,False,False
book_depth,0.0,1,book_volume=300,vol_ratio,0.3888542698062247,0.3863734453016862,-0.6829708599741791,1.5068565349496312,0.454,False,True,1.0,0.919103139013453,False,False,context,False,False
book_depth,0.0,1,book_volume=600,acf_abs_ret_1,0.0150991918111686,0.0140474191907536,-0.0684413614036725,0.0925901910365219,0.696,False,True,1.0,0.9753947368421052,False,False,core_clustering,False,False
book_depth,0.0,1,book_volume=600,acf_abs_ret_5,-0.0383356508191996,-0.038229598514054,-0.1062157609072223,0.0314332185937082,0.294,False,False,1.0,0.9024324324324324,False,False,core_clustering,False,False
book_depth,0.0,1,book_volume=600,high_vol_cluster_share,0.0185061315496098,0.0169365663322185,-0.1438322185061315,0.1850585284280936,0.874,False,True,1.0,0.9762765957446808,False,False,context,False,False
book_depth,0.0,1,book_volume=600,vol_persistence,0.0025915905818858,0.0025882487969775,-0.0056883979729997,0.0106537629090937,0.524,False,True,1.0,0.9365106382978724,False,False,core_clustering,False,False
book_depth,0.0,1,book_volume=600,vol_ratio,-0.245829763669044,-0.2230840251898315,-0.9722380736420632,0.5783799922704108,0.59,False,False,1.0,0.9548201438848921,False,False,context,False,False
book_depth,0.0,3,book_volume=1000,acf_abs_ret_1,0.0037198551753536,0.0018794766529135,-0.0727546702820128,0.0740286761281856,0.96,False,True,1.0,0.9980000000000001,False,False,core_clustering,False,False
book_depth,0.0,3,book_volume=1000,acf_abs_ret_5,0.020713094563747,0.0221278419930993,-0.0446935119288141,0.0869442825552447,0.498,False,True,1.0,0.9296,False,False,core_clustering,False,False
book_depth,0.0,3,book_volume=1000,high_vol_cluster_share,0.0635451505016723,0.0657015607580825,-0.1201254180602007,0.2478678929765887,0.466,False,True,1.0,0.919103139013453,False,False,context,False,False
book_depth,0.0,3,book_volume=1000,vol_persistence,0.0015026051201473,0.0014363484592297,-0.0068712263425361,0.010488983063483,0.778,False,True,1.0,0.9762765957446808,False,False,core_clustering,False,False
book_depth,0.0,3,book_volume=1000,vol_ratio,-0.1936621950694559,-0.1998376857711969,-1.130529967894256,0.7043534525615031,0.672,False,False,1.0,0.9718771331058023,False,False,context,False,False
book_depth,0.0,3,book_volume=300,acf_abs_ret_1,0.0260362863293913,0.0261636701165748,-0.0464768045785387,0.1026016897774995,0.506,False,True,1.0,0.9345454545454546,False,False,core_clustering,False,False
book_depth,0.0,3,book_volume=300,acf_abs_ret_5,0.0059809549516728,0.0064307827912523,-0.0635105645293813,0.0807552719282261,0.888,False,True,1.0,0.9782005141388176,False,False,core_clustering,False,False
book_depth,0.0,3,book_volume=300,high_vol_cluster_share,-0.1022296544035674,-0.1038426978818283,-0.2777341137123744,0.0764046822742472,0.278,False,False,1.0,0.9024324324324324,False,False,context,False,False
book_depth,0.0,3,book_volume=300,vol_persistence,0.0045353127508959,0.0043699049802004,-0.0045410748171075,0.0132864242530989,0.322,False,True,1.0,0.9063157894736843,False,False,core_clustering,False,False
book_depth,0.0,3,book_volume=300,vol_ratio,-0.2045664964555449,-0.2047688197853073,-1.2311357671745562,0.8163051703812249,0.686,False,False,1.0,0.9733783783783784,False,False,context,False,False
book_depth,0.0,3,book_volume=600,acf_abs_ret_1,-0.0327581924591848,-0.0302570230813416,-0.0989207276519825,0.0400365596461513,0.436,False,False,1.0,0.919103139013453,False,False,core_clustering,False,False
book_depth,0.0,3,book_volume=600,acf_abs_ret_5,0.0301671766622869,0.0307125813346944,-0.0411432386892215,0.1045940926784148,0.396,False,True,1.0,0.919103139013453,False,False,core_clustering,False,False
book_depth,0.0,3,book_volume=600,high_vol_cluster_share,-0.0712374581939797,-0.0738612040133778,-0.2516248606465999,0.0957831661092528,0.432,False,False,1.0,0.919103139013453,False,False,context,False,False
book_depth,0.0,3,book_volume=600,vol_persistence,0.0027124688176519,0.0026797175045019,-0.0063345011549485,0.012192704754231,0.536,False,True,1.0,0.9415,False,False,core_clustering,False,False
book_depth,0.0,3,book_volume=600,vol_ratio,-0.2423831351699785,-0.2516427251988343,-1.1864544789660811,0.6154035497361602,0.602,False,False,1.0,0.9548201438848921,False,False,context,False,False
book_depth,0.0,5,book_volume=1000,acf_abs_ret_1,0.059694249764465,0.0598233127975438,-0.0228974563013445,0.140012241238817,0.148,False,True,1.0,0.7785365853658536,False,False,core_clustering,False,False
book_depth,0.0,5,book_volume=1000,acf_abs_ret_5,0.0245334873149183,0.0244081676487639,-0.046534718736227,0.0948154630190583,0.502,False,True,1.0,0.9329203539823009,False,False,core_clustering,False,False
book_depth,0.0,5,book_volume=1000,high_vol_cluster_share,-0.050947603121516,-0.0487688963210702,-0.2310312151616499,0.129551282051282,0.618,False,False,1.0,0.9548201438848921,False,False,context,False,False
book_depth,0.0,5,book_volume=1000,vol_persistence,0.0034108634122227,0.0032014024254745,-0.0058707779719745,0.0122757958350879,0.476,False,True,1.0,0.919103139013453,False,False,core_clustering,False,False
book_depth,0.0,5,book_volume=1000,vol_ratio,-0.0727298337150439,-0.0879587961060215,-1.0516421179513116,0.8767409986884616,0.852,False,False,1.0,0.9762765957446808,False,False,context,False,False
book_depth,0.0,5,book_volume=300,acf_abs_ret_1,0.0768561790625429,0.0774905208423551,0.0042997395318921,0.1498672737680836,0.038,True,True,1.0,0.72,False,False,core_clustering,False,False
book_depth,0.0,5,book_volume=300,acf_abs_ret_5,0.0005336007908553,0.0009887162666331,-0.0629759166907902,0.0672432727584966,0.986,False,True,1.0,0.9980000000000001,False,False,core_clustering,False,False
book_depth,0.0,5,book_volume=300,high_vol_cluster_share,-0.1345596432552953,-0.1334691192865106,-0.300381828316611,0.0479710144927535,0.14,False,False,1.0,0.7785365853658536,False,False,context,False,False
book_depth,0.0,5,book_volume=300,vol_persistence,0.0055097436218346,0.0050432619702353,-0.0033319731837843,0.0133417574178304,0.222,False,True,1.0,0.8823529411764706,False,False,core_clustering,False,False
book_depth,0.0,5,book_volume=300,vol_ratio,-0.4247202920178581,-0.4239355153555308,-1.261295834260609,0.3964017822696108,0.302,False,False,1.0,0.9024324324324324,False,False,context,False,False
book_depth,0.0,5,book_volume=600,acf_abs_ret_1,0.04779994278415,0.048688932162985,-0.0161239794867697,0.1152289776187389,0.15,False,True,1.0,0.7785365853658536,False,False,core_clustering,False,False
book_depth,0.0,5,book_volume=600,acf_abs_ret_5,0.0345625896662379,0.0344794734433492,-0.0309304932471985,0.0972973177473212,0.284,False,True,1.0,0.9024324324324324,False,False,core_clustering,False,False
book_depth,0.0,5,book_volume=600,high_vol_cluster_share,-0.1241917502787068,-0.1233918617614269,-0.2829180602006688,0.0441304347826086,0.14,False,False,1.0,0.7785365853658536,False,False,context,False,False
book_depth,0.0,5,book_volume=600,vol_persistence,0.0047729269109876,0.0046641255866675,-0.002977339392689,0.0121137170883351,0.23,False,True,1.0,0.8823529411764706,False,False,core_clustering,False,False
book_depth,0.0,5,book_volume=600,vol_ratio,-0.2002957594688359,-0.1882594882754696,-0.9212982292561588,0.5918729411667276,0.6,False,False,1.0,0.9548201438848921,False,False,context,False,False
book_depth,0.2,1,book_volume=1000,acf_abs_ret_1,0.0208473501580373,0.0192036456987905,-0.0557695279194485,0.0986111883928902,0.678,False,True,1.0,0.9718771331058023,False,False,core_clustering,False,False
book_depth,0.2,1,book_volume=1000,acf_abs_ret_5,0.0655780841805304,0.0655019199529719,-0.0054417435001728,0.1424666612861461,0.072,False,True,1.0,0.7785365853658536,False,False,core_clustering,False,False
book_depth,0.2,1,book_volume=1000,high_vol_cluster_share,0.0201783723522854,0.0231570791527313,-0.1612458193979932,0.2048467112597545,0.83,False,True,1.0,0.9762765957446808,False,False,context,False,False
book_depth,0.2,1,book_volume=1000,vol_persistence,0.0032034897858679,0.0031960813642702,-0.0051773612883291,0.0120858563010669,0.46,False,True,1.0,0.919103139013453,False,False,core_clustering,False,False
book_depth,0.2,1,book_volume=1000,vol_ratio,0.0161559218020488,0.0098371271924987,-1.0705170626701777,1.083802573788177,0.998,False,True,1.0,0.9980000000000001,False,False,context,False,False
book_depth,0.2,1,book_volume=300,acf_abs_ret_1,0.0277545392852042,0.0293738518446583,-0.0471998375947594,0.1093166998180353,0.456,False,True,1.0,0.919103139013453,False,False,core_clustering,False,False
book_depth,0.2,1,book_volume=300,acf_abs_ret_5,0.0535096468330479,0.0528900604540595,-0.0236214334534662,0.120674819589322,0.15,False,True,1.0,0.7785365853658536,False,False,core_clustering,False,False
book_depth,0.2,1,book_volume=300,high_vol_cluster_share,-0.0247491638795986,-0.0286200668896321,-0.200225752508361,0.136488294314381,0.78,False,False,1.0,0.9762765957446808,False,False,context,False,False
book_depth,0.2,1,book_volume=300,vol_persistence,0.0031094228201645,0.0029376599063727,-0.0047058749462429,0.0110004915871948,0.464,False,True,1.0,0.919103139013453,False,False,core_clustering,False,False
book_depth,0.2,1,book_volume=300,vol_ratio,-0.2742001387968438,-0.2689196271494329,-1.1090735218091576,0.5818937757327451,0.582,False,False,1.0,0.9548201438848921,False,False,context,False,False
book_depth,0.2,1,book_volume=600,acf_abs_ret_1,-0.0049327247460431,-0.0072681273070109,-0.0942147553871166,0.0766352450845415,0.872,False,False,1.0,0.9762765957446808,False,False,core_clustering,False,False
book_depth,0.2,1,book_volume=600,acf_abs_ret_5,0.0213561000119641,0.0200633477747074,-0.059022532385595,0.0938583018296516,0.624,False,True,1.0,0.9548201438848921,False,False,core_clustering,False,False
book_depth,0.2,1,book_volume=600,high_vol_cluster_share,-0.1375696767001115,-0.1396465997770345,-0.3075111482720179,0.0300055741360088,0.1,False,False,1.0,0.7785365853658536,False,False,context,False,False
book_depth,0.2,1,book_volume=600,vol_persistence,0.004054412957699,0.0041878671630324,-0.004415661272968,0.0124822054232712,0.346,False,True,1.0,0.9181395348837209,False,False,core_clustering,False,False
book_depth,0.2,1,book_volume=600,vol_ratio,-0.6481318338933839,-0.6472833823018358,-1.6548942815941088,0.3058011598700163,0.19,False,False,1.0,0.822680412371134,False,False,context,False,False
book_depth,0.2,3,book_volume=1000,acf_abs_ret_1,-0.0005456831352138,0.0012410424385174,-0.0728127264853917,0.0684759369594494,0.978,False,False,1.0,0.9980000000000001,False,False,core_clustering,False,False
book_depth,0.2,3,book_volume=1000,acf_abs_ret_5,-0.0326502730146045,-0.0295672777786995,-0.0986917664675696,0.0420323329372749,0.39,False,False,1.0,0.919103139013453,False,False,core_clustering,False,False
book_depth,0.2,3,book_volume=1000,high_vol_cluster_share,-0.181828316610925,-0.1852128205128204,-0.3560089186176142,-0.0137068004459308,0.024,True,False,1.0,0.72,False,False,context,False,False
book_depth,0.2,3,book_volume=1000,vol_persistence,0.0002427734693465,0.000333031918247,-0.0088759343044326,0.0093667129801364,0.91,False,True,1.0,0.9789312977099237,False,False,core_clustering,False,False
book_depth,0.2,3,book_volume=1000,vol_ratio,-1.141108856203243,-1.1307271659842015,-2.261176779502571,-0.0890339894723998,0.034,True,False,1.0,0.72,False,False,context,False,False
book_depth,0.2,3,book_volume=300,acf_abs_ret_1,0.0320632222377209,0.0318215320454396,-0.0473065103259759,0.107019818709408,0.416,False,True,1.0,0.919103139013453,False,False,core_clustering,False,False
book_depth,0.2,3,book_volume=300,acf_abs_ret_5,0.0388458498375027,0.0374845021318949,-0.0348984588924561,0.1098706717859437,0.31,False,True,1.0,0.9024324324324324,False,False,core_clustering,False,False
book_depth,0.2,3,book_volume=300,high_vol_cluster_share,-0.1257525083612038,-0.1216918617614269,-0.2992363433667782,0.0493924191750278,0.168,False,False,1.0,0.7933333333333334,False,False,context,False,False
book_depth,0.2,3,book_volume=300,vol_persistence,0.0062988574625538,0.0062567041653464,-0.0020097927545043,0.0147847648151196,0.128,False,True,1.0,0.7785365853658536,False,False,core_clustering,False,False
book_depth,0.2,3,book_volume=300,vol_ratio,-0.6748504949003178,-0.6740662266551328,-1.7241428561153802,0.3078650666292051,0.208,False,False,1.0,0.8649504950495049,False,False,context,False,False
book_depth,0.2,3,book_volume=600,acf_abs_ret_1,0.0335318426061258,0.0328993052341187,-0.0484301560352131,0.1108276291616936,0.404,False,True,1.0,0.919103139013453,False,False,core_clustering,False,False
book_depth,0.2,3,book_volume=600,acf_abs_ret_5,-0.0104336636584001,-0.0119953506225987,-0.0912220097749399,0.0643471318071001,0.758,False,False,1.0,0.9762765957446808,False,False,core_clustering,False,False
book_depth,0.2,3,book_volume=600,high_vol_cluster_share,-0.1643255295429206,-0.1632810479375696,-0.3267725752508361,-0.006231884057971,0.048,True,False,1.0,0.72,False,False,context,False,False
book_depth,0.2,3,book_volume=600,vol_persistence,0.0101941464972081,0.0101039700008562,0.0007025032496304,0.0192922518518196,0.036,True,True,1.0,0.72,False,False,core_clustering,False,False
book_depth,0.2,3,book_volume=600,vol_ratio,-0.8154145166395539,-0.8196064914370927,-1.978050447156659,0.219052951779444,0.116,False,False,1.0,0.7785365853658536,False,False,context,False,False
book_depth,0.2,5,book_volume=1000,acf_abs_ret_1,-0.0192030788226593,-0.0188914974117113,-0.0996961626456241,0.0599495159543376,0.616,False,False,1.0,0.9548201438848921,False,False,core_clustering,False,False
book_depth,0.2,5,book_volume=1000,acf_abs_ret_5,0.0293496327492338,0.030402451551219,-0.0369815079153461,0.10264981001444,0.36,False,True,1.0,0.9181395348837209,False,False,core_clustering,False,False
book_depth,0.2,5,book_volume=1000,high_vol_cluster_share,0.0201783723522854,0.0264063545150501,-0.161474358974359,0.2102898550724637,0.752,False,True,1.0,0.9762765957446808,False,False,context,False,False
book_depth,0.2,5,book_volume=1000,vol_persistence,-0.0013555793753426,-0.0014115817658909,-0.0106153178947807,0.007654152719326,0.782,False,False,1.0,0.9762765957446808,False,False,core_clustering,False,False
book_depth,0.2,5,book_volume=1000,vol_ratio,-0.5505107721772116,-0.5643155759434776,-1.4711190187116912,0.4187905692046758,0.248,False,False,1.0,0.8823529411764706,False,False,context,False,False
book_depth,0.2,5,book_volume=300,acf_abs_ret_1,0.0087013577031961,0.0087031440757669,-0.0750461990322226,0.0958573345977246,0.846,False,True,1.0,0.9762765957446808,False,False,core_clustering,False,False
book_depth,0.2,5,book_volume=300,acf_abs_ret_5,0.1060487379568809,0.1050930267305235,0.0350209856388562,0.1781116573230272,0.006,True,True,1.0,0.72,False,False,core_clustering,False,False
book_depth,0.2,5,book_volume=300,high_vol_cluster_share,0.0016722408026756,0.0033918617614269,-0.1824275362318842,0.1834002229654404,0.95,False,True,1.0,0.9980000000000001,False,False,context,False,False
book_depth,0.2,5,book_volume=300,vol_persistence,0.0078706966576275,0.0082030069709912,0.0002596277015738,0.0160333293149952,0.044,True,True,1.0,0.72,False,False,core_clustering,False,False
book_depth,0.2,5,book_volume=300,vol_ratio,-0.2139663177155908,-0.2073486885700891,-1.1693201235352335,0.7920423228146101,0.652,False,False,1.0,0.9676325088339224,False,False,context,False,False
book_depth,0.2,5,book_volume=600,acf_abs_ret_1,-0.0201927466441833,-0.0189442938626661,-0.0992759189408172,0.0651793582261665,0.624,False,False,1.0,0.9548201438848921,False,False,core_clustering,False,False
book_depth,0.2,5,book_volume=600,acf_abs_ret_5,0.0441316360248799,0.0452926066858638,-0.0292138631451288,0.118599645189991,0.248,False,True,1.0,0.8823529411764706,False,False,core_clustering,False,False
book_depth,0.2,5,book_volume=600,high_vol_cluster_share,-0.0696767001114826,-0.0716051282051282,-0.255685618729097,0.1201978818283165,0.452,False,False,1.0,0.919103139013453,False,False,context,False,False
book_depth,0.2,5,book_volume=600,vol_persistence,0.0066205913734804,0.0064021982645743,-0.0026202976213408,0.0150957886395275,0.148,False,True,1.0,0.7785365853658536,False,False,core_clustering,False,False
book_depth,0.2,5,book_volume=600,vol_ratio,0.0905171737772247,0.1013618140537118,-0.9809259481183924,1.151546707977146,0.85,False,True,1.0,0.9762765957446808,False,False,context,False,False
book_depth,0.4,1,book_volume=1000,acf_abs_ret_1,-0.0263132806055772,-0.025817097249494,-0.0934471436742879,0.0440110989130454,0.452,False,False,1.0,0.919103139013453,False,False,core_clustering,False,False
book_depth,0.4,1,book_volume=1000,acf_abs_ret_5,-0.0385176127228057,-0.038915200726377,-0.1071138883456831,0.0342606214764886,0.278,False,False,1.0,0.9024324324324324,False,False,core_clustering,False,False
book_depth,0.4,1,book_volume=1000,high_vol_cluster_share,-0.0023411371237461,-0.0035542920847269,-0.1701727982162766,0.1597798216276477,0.986,False,False,1.0,0.9980000000000001,False,False,context,False,False
book_depth,0.4,1,book_volume=1000,vol_persistence,0.0011763137513381,0.00121542203642,-0.0074810860122458,0.0098734895318985,0.78,False,True,1.0,0.9762765957446808,False,False,core_clustering,False,False
book_depth,0.4,1,book_volume=1000,vol_ratio,-0.0500147131851451,-0.0316982807438242,-1.1830505675471397,1.18326959406638,0.952,False,False,1.0,0.9980000000000001,False,False,context,False,False
book_depth,0.4,1,book_volume=300,acf_abs_ret_1,0.0141291634100599,0.0156891699252876,-0.0560246023122736,0.0913997571497643,0.7,False,True,1.0,0.9753947368421052,False,False,core_clustering,False,False
book_depth,0.4,1,book_volume=300,acf_abs_ret_5,-0.0339552585543139,-0.0350454187205323,-0.1078744263521816,0.0368369004254394,0.358,False,False,1.0,0.9181395348837209,False,False,core_clustering,False,False
book_depth,0.4,1,book_volume=300,high_vol_cluster_share,-0.0246376811594207,-0.0208885172798217,-0.2114994425863992,0.1755211817168339,0.862,False,False,1.0,0.9762765957446808,False,False,context,False,False
book_depth,0.4,1,book_volume=300,vol_persistence,-0.0023809517286118,-0.0022415787106096,-0.0107207012209932,0.0063017975982349,0.63,False,False,1.0,0.9548201438848921,False,False,core_clustering,False,False
book_depth,0.4,1,book_volume=300,vol_ratio,0.0974356564950107,0.1102603231817602,-1.103205556327456,1.3280742309708873,0.856,False,True,1.0,0.9762765957446808,False,False,context,False,False
book_depth,0.4,1,book_volume=600,acf_abs_ret_1,0.0274673561594856,0.0277873370572067,-0.0446300421190007,0.0945113890111973,0.458,False,True,1.0,0.919103139013453,False,False,core_clustering,False,False
book_depth,0.4,1,book_volume=600,acf_abs_ret_5,-0.0068037026277872,-0.0055604556684729,-0.071978733765755,0.0606004929895788,0.858,False,False,1.0,0.9762765957446808,False,False,core_clustering,False,False
book_depth,0.4,1,book_volume=600,high_vol_cluster_share,0.0085841694537344,0.0098877369007803,-0.1901254180602006,0.2114046822742474,0.934,False,True,1.0,0.993113924050633,False,False,context,False,False
book_depth,0.4,1,book_volume=600,vol_persistence,0.0008456838830548,0.0008225794491501,-0.007182197782699,0.0095573907260193,0.878,False,True,1.0,0.9781432360742706,False,False,core_clustering,False,False
book_depth,0.4,1,book_volume=600,vol_ratio,-0.155190369463682,-0.1805795812648467,-1.3567434622614165,1.0504709617795387,0.802,False,False,1.0,0.9762765957446808,False,False,context,False,False
book_depth,0.4,3,book_volume=1000,acf_abs_ret_1,-0.0123698163823918,-0.0121481401261963,-0.0739651094791755,0.0511453746424022,0.706,False,False,1.0,0.9753947368421052,False,False,core_clustering,False,False
book_depth,0.4,3,book_volume=1000,acf_abs_ret_5,-0.0181415435373176,-0.0189754741834716,-0.0892470783889917,0.0559034965814156,0.624,False,False,1.0,0.9548201438848921,False,False,core_clustering,False,False
book_depth,0.4,3,book_volume=1000,high_vol_cluster_share,-0.0483835005574138,-0.046665663322185,-0.2225278706800446,0.1334782608695651,0.59,False,False,1.0,0.9548201438848921,False,False,context,False,False
book_depth,0.4,3,book_volume=1000,vol_persistence,0.0034730937702985,0.0035593006679609,-0.0049776260488625,0.0120610283472273,0.404,False,True,1.0,0.919103139013453,False,False,core_clustering,False,False
book_depth,0.4,3,book_volume=1000,vol_ratio,-0.0130575333841118,0.0088642680262923,-1.2874589307999516,1.3822847118098474,0.996,False,False,1.0,0.9980000000000001,False,False,context,False,False
book_depth,0.4,3,book_volume=300,acf_abs_ret_1,0.0500145442965666,0.0491824098995676,-0.0198904748619528,0.1145216843462123,0.14,False,True,1.0,0.7785365853658536,False,False,core_clustering,False,False
book_depth,0.4,3,book_volume=300,acf_abs_ret_5,0.0035401501083866,0.0019697699535403,-0.0754273569878143,0.080031951302797,0.956,False,True,1.0,0.9980000000000001,False,False,core_clustering,False,False
book_depth,0.4,3,book_volume=300,high_vol_cluster_share,-0.1876254180602011,-0.1900846153846154,-0.3797129319955407,-0.0186176142697881,0.032,True,False,1.0,0.72,False,False,context,False,False
book_depth,0.4,3,book_volume=300,vol_persistence,-0.0034012257026845,-0.0033777341917157,-0.0127938559760503,0.0052327407797757,0.486,False,False,1.0,0.919103139013453,False,False,core_clustering,False,False
book_depth,0.4,3,book_volume=300,vol_ratio,-0.7134101461607467,-0.7244310890361734,-1.949381158829547,0.4921059421657856,0.26,False,False,1.0,0.8950819672131147,False,False,context,False,False
book_depth,0.4,3,book_volume=600,acf_abs_ret_1,0.0270053177800327,0.0269012504955516,-0.0388354086359212,0.0951949638241179,0.436,False,True,1.0,0.919103139013453,False,False,core_clustering,False,False
book_depth,0.4,3,book_volume=600,acf_abs_ret_5,-0.0342812231306094,-0.0348451161807958,-0.1117765956896172,0.039154079772387,0.356,False,False,1.0,0.9181395348837209,False,False,core_clustering,False,False
book_depth,0.4,3,book_volume=600,high_vol_cluster_share,-0.0186176142697885,-0.0192226309921962,-0.2074888517279823,0.1694119286510591,0.844,False,False,1.0,0.9762765957446808,False,False,context,False,False
book_depth,0.4,3,book_volume=600,vol_persistence,-0.0030286097428129,-0.0032345709288957,-0.0123332808246149,0.0057175452169421,0.474,False,False,1.0,0.919103139013453,False,False,core_clustering,False,False
book_depth,0.4,3,book_volume=600,vol_ratio,-0.187919563938216,-0.131860150002431,-1.4992667903474228,1.1909664221372165,0.842,False,False,1.0,0.9762765957446808,False,False,context,False,False
book_depth,0.4,5,book_volume=1000,acf_abs_ret_1,-0.0660945872127985,-0.0656449205502654,-0.124525721496719,-0.0038851097316437,0.03,True,False,1.0,0.72,False,False,core_clustering,False,False
book_depth,0.4,5,book_volume=1000,acf_abs_ret_5,-0.0441843557287388,-0.044055314044614,-0.1207026067480302,0.027378167890424,0.226,False,False,1.0,0.8823529411764706,False,False,core_clustering,False,False
book_depth,0.4,5,book_volume=1000,high_vol_cluster_share,-0.0016722408026758,-0.0001278706800446,-0.1648522853957637,0.1721376811594203,0.99,False,False,1.0,0.9980000000000001,False,False,context,False,False
book_depth,0.4,5,book_volume=1000,vol_persistence,-0.0029206140469459,-0.0029628055981378,-0.0117840809717432,0.0057470890906611,0.546,False,False,1.0,0.9476033057851241,False,False,core_clustering,False,False
book_depth,0.4,5,book_volume=1000,vol_ratio,0.2609730563492571,0.2591571986240699,-0.9865743703042116,1.557121325657444,0.7,False,True,1.0,0.9753947368421052,False,False,context,False,False
book_depth,0.4,5,book_volume=300,acf_abs_ret_1,-0.0401866789953141,-0.0401627283128086,-0.1091615045607483,0.0280813634715271,0.274,False,False,1.0,0.9024324324324324,False,False,core_clustering,False,False
book_depth,0.4,5,book_volume=300,acf_abs_ret_5,-0.0550431549709356,-0.0545558240695523,-0.1251012253388626,0.019951709090803,0.126,False,False,1.0,0.7785365853658536,False,False,core_clustering,False,False
book_depth,0.4,5,book_volume=300,high_vol_cluster_share,-0.0680044593088074,-0.0696567447045708,-0.2416053511705685,0.1090579710144928,0.44,False,False,1.0,0.919103139013453,False,False,context,False,False
book_depth,0.4,5,book_volume=300,vol_persistence,-0.0086343340666282,-0.0086418952965937,-0.0171137340007554,-0.0007219445833372,0.038,True,False,1.0,0.72,False,False,core_clustering,False,False
book_depth,0.4,5,book_volume=300,vol_ratio,-0.048743798194855,-0.0432815297404564,-1.316662529728581,1.2500022303471765,0.922,False,False,1.0,0.9828426395939086,False,False,context,False,False
book_depth,0.4,5,book_volume=600,acf_abs_ret_1,0.016492882044497,0.0177792903660945,-0.0456363760494083,0.0856266104561641,0.59,False,True,1.0,0.9548201438848921,False,False,core_clustering,False,False
book_depth,0.4,5,book_volume=600,acf_abs_ret_5,-0.0020397961833313,-0.0017329810228503,-0.0722001537137185,0.0694784284637388,0.958,False,False,1.0,0.9980000000000001,False,False,core_clustering,False,False
book_depth,0.4,5,book_volume=600,high_vol_cluster_share,-0.0096989966555185,-0.0091931995540691,-0.1926142697881827,0.1837681159420289,0.916,False,False,1.0,0.9789312977099237,False,False,context,False,False
book_depth,0.4,5,book_volume=600,vol_persistence,-0.0008109167288384,-0.0008571165531551,-0.0095512794594693,0.0077197828412995,0.868,False,False,1.0,0.9762765957446808,False,False,core_clustering,False,False
book_depth,0.4,5,book_volume=600,vol_ratio,0.0119655733610772,0.0214500757265354,-1.1897267207004565,1.2348885867782833,0.968,False,True,1.0,0.9980000000000001,False,False,context,False,False
book_depth,0.6,1,book_volume=1000,acf_abs_ret_1,-0.0335027098100521,-0.0337097916098333,-0.1061255684231106,0.0325544368637422,0.308,False,False,1.0,0.9024324324324324,False,False,core_clustering,False,False
book_depth,0.6,1,book_volume=1000,acf_abs_ret_5,-0.0403843148276238,-0.0400818302062093,-0.1066239141523103,0.0244795920237289,0.23,False,False,1.0,0.8823529411764706,False,False,core_clustering,False,False
book_depth,0.6,1,book_volume=1000,high_vol_cluster_share,0.1070234113712374,0.1066057971014493,-0.0653567447045708,0.272123745819398,0.246,False,True,1.0,0.8823529411764706,False,False,context,False,False
book_depth,0.6,1,book_volume=1000,vol_persistence,-0.0007062268301408,-0.0006299722841918,-0.0082714556143758,0.007328321424105,0.87,False,False,1.0,0.9762765957446808,False,False,core_clustering,False,False
book_depth,0.6,1,book_volume=1000,vol_ratio,0.7548318308738691,0.7541886933017831,-0.327791798135826,1.8574104410884436,0.164,False,True,1.0,0.7933333333333334,False,False,context,False,False
book_depth,0.6,1,book_volume=300,acf_abs_ret_1,0.0127744663711305,0.0150017439033335,-0.0722571596357977,0.1041188712404031,0.752,False,True,1.0,0.9762765957446808,False,False,core_clustering,False,False
book_depth,0.6,1,book_volume=300,acf_abs_ret_5,-0.0297431833845886,-0.0317255087537092,-0.1051573388314283,0.0353267852206498,0.376,False,False,1.0,0.9181395348837209,False,False,core_clustering,False,False
book_depth,0.6,1,book_volume=300,high_vol_cluster_share,0.0028985507246377,0.0006851727982163,-0.1758138238573021,0.1992084726867334,0.994,False,True,1.0,0.9980000000000001,False,False,context,False,False
book_depth,0.6,1,book_volume=300,vol_persistence,0.0364769200328849,0.0365420939642091,-0.0019505581834277,0.10296392687637,0.132,False,True,1.0,0.7785365853658536,False,False,core_clustering,False,False
book_depth,0.6,1,book_volume=300,vol_ratio,-0.1209005846608684,-0.14501651453048,-1.3468350310992223,1.0554602211290218,0.816,False,False,1.0,0.9762765957446808,False,False,context,False,False
book_depth,0.6,1,book_volume=600,acf_abs_ret_1,0.0255319747019642,0.025379957225769,-0.0383486290415319,0.0932492027112447,0.48,False,True,1.0,0.919103139013453,False,False,core_clustering,False,False
book_depth,0.6,1,book_volume=600,acf_abs_ret_5,-0.0345605528409428,-0.0350105143256988,-0.0986067180834998,0.0289358840668335,0.294,False,False,1.0,0.9024324324324324,False,False,core_clustering,False,False
book_depth,0.6,1,book_volume=600,high_vol_cluster_share,0.0721293199554068,0.0660995540691193,-0.0980183946488294,0.2315078037904124,0.428,False,True,1.0,0.919103139013453,False,False,context,False,False
book_depth,0.6,1,book_volume=600,vol_persistence,0.0034176507946516,0.0034710099252174,-0.0054422282265569,0.0125828720529254,0.448,False,True,1.0,0.919103139013453,False,False,core_clustering,False,False
book_depth,0.6,1,book_volume=600,vol_ratio,0.4933671694174424,0.5138950716779491,-0.6163565535505788,1.640406519420624,0.392,False,True,1.0,0.919103139013453,False,False,context,False,False
book_depth,0.6,3,book_volume=1000,acf_abs_ret_1,-0.0633854992032638,-0.0646520556891252,-0.1369721871467573,0.0059859013165103,0.08,False,False,1.0,0.7785365853658536,False,False,core_clustering,False,False
book_depth,0.6,3,book_volume=1000,acf_abs_ret_5,-0.0573405801611451,-0.0562357147400435,-0.1288926575330907,0.0142816831276945,0.112,False,False,1.0,0.7785365853658536,False,False,core_clustering,False,False
book_depth,0.6,3,book_volume=1000,high_vol_cluster_share,0.03355629877369,0.0355853957636566,-0.1443868450390191,0.2194091415830545,0.724,False,True,1.0,0.9762765957446808,False,False,context,False,False
book_depth,0.6,3,book_volume=1000,vol_persistence,-0.0043059722022259,-0.0043930847903448,-0.0119930686948089,0.0031967058904708,0.286,False,False,1.0,0.9024324324324324,False,False,core_clustering,False,False
book_depth,0.6,3,book_volume=1000,vol_ratio,-0.1139367399766233,-0.1099022815406711,-1.3019213129485785,1.0453255503076524,0.886,False,False,1.0,0.9782005141388176,False,False,context,False,False
book_depth,0.6,3,book_volume=300,acf_abs_ret_1,-0.0280366383033381,-0.0259650461268871,-0.1023471926176965,0.0533900960850549,0.482,False,False,1.0,0.919103139013453,False,False,core_clustering,False,False
book_depth,0.6,3,book_volume=300,acf_abs_ret_5,-0.0213711205054789,-0.023985445077317,-0.0968864875944537,0.0475386589887432,0.53,False,False,1.0,0.9415,False,False,core_clustering,False,False
book_depth,0.6,3,book_volume=300,high_vol_cluster_share,-0.0112597547380154,-0.013010033444816,-0.199227982162765,0.175158862876254,0.902,False,False,1.0,0.9782005141388176,False,False,context,False,False
book_depth,0.6,3,book_volume=300,vol_persistence,0.0279038512505421,0.0260438693537863,-0.0111595410340556,0.0970766459223436,0.624,False,True,1.0,0.9548201438848921,False,False,core_clustering,False,False
book_depth,0.6,3,book_volume=300,vol_ratio,-0.3146165695690786,-0.3422872297506136,-1.7452138919785332,1.1198179175507663,0.63,False,False,1.0,0.9548201438848921,False,False,context,False,False
book_depth,0.6,3,book_volume=600,acf_abs_ret_1,-0.0130547280976962,-0.012288756426625,-0.0773735977606658,0.0521834408457711,0.682,False,False,1.0,0.9733783783783784,False,False,core_clustering,False,False
book_depth,0.6,3,book_volume=600,acf_abs_ret_5,-0.0490913430476329,-0.0495189752468662,-0.1222808395514664,0.0197892296355841,0.176,False,False,1.0,0.8123076923076923,False,False,core_clustering,False,False
book_depth,0.6,3,book_volume=600,high_vol_cluster_share,-0.0546265328874025,-0.0535957636566331,-0.241736343366778,0.1098272017837235,0.57,False,False,1.0,0.9548201438848921,False,False,context,False,False
book_depth,0.6,3,book_volume=600,vol_persistence,-0.0061807443469384,-0.0063843807109107,-0.0154867342170556,0.0022284378976539,0.136,False,False,1.0,0.7785365853658536,False,False,core_clustering,False,False
book_depth,0.6,3,book_volume=600,vol_ratio,-0.4312071301054749,-0.4432439369064677,-1.768831564051642,0.7743531792212284,0.486,False,False,1.0,0.919103139013453,False,False,context,False,False
book_depth,0.6,5,book_volume=1000,acf_abs_ret_1,-0.0638511907167472,-0.0633265788538485,-0.1286619984168821,0.0017423908805119,0.058,False,False,1.0,0.7658823529411765,False,False,core_clustering,False,False
book_depth,0.6,5,book_volume=1000,acf_abs_ret_5,-0.0692039061872319,-0.0697464620466639,-0.1366827651896379,-0.0070011058284263,0.034,True,False,1.0,0.72,False,False,core_clustering,False,False
book_depth,0.6,5,book_volume=1000,high_vol_cluster_share,0.1133779264214048,0.1135537346711259,-0.0603372352285395,0.2843422519509477,0.206,False,True,1.0,0.8649504950495049,False,False,context,False,False
book_depth,0.6,5,book_volume=1000,vol_persistence,-0.0062955167941067,-0.006133392797697,-0.0140778204699776,0.0026842542365369,0.14,False,False,1.0,0.7785365853658536,False,False,core_clustering,False,False
book_depth,0.6,5,book_volume=1000,vol_ratio,0.8145370553831128,0.7846207007722066,-0.4259923456201738,1.9452908732992904,0.19,False,True,1.0,0.822680412371134,False,False,context,False,False
book_depth,0.6,5,book_volume=300,acf_abs_ret_1,-0.0168719816120734,-0.0158013510704606,-0.091880998289123,0.065344942896399,0.702,False,False,1.0,0.9753947368421052,False,False,core_clustering,False,False
book_depth,0.6,5,book_volume=300,acf_abs_ret_5,0.0125369383943843,0.0117819738842758,-0.0711052111448091,0.1003447779700982,0.818,False,True,1.0,0.9762765957446808,False,False,core_clustering,False,False
book_depth,0.6,5,book_volume=300,high_vol_cluster_share,-0.1429208472686732,-0.1436093645484949,-0.3265412486064658,0.0450418060200669,0.152,False,False,1.0,0.7785365853658536,False,False,context,False,False
book_depth,0.6,5,book_volume=300,vol_persistence,0.0267275340846389,0.0258098499468118,-0.0121387340423582,0.0951040947188055,0.64,False,True,1.0,0.9591489361702128,False,False,core_clustering,False,False
book_depth,0.6,5,book_volume=300,vol_ratio,-1.0417036265135091,-1.0341702807643194,-2.3961975097582555,0.2300891680901475,0.126,False,False,1.0,0.7785365853658536,False,False,context,False,False
book_depth,0.6,5,book_volume=600,acf_abs_ret_1,-0.0595371004340799,-0.0576586475762009,-0.1250382202209186,0.0073503406670909,0.096,False,False,1.0,0.7785365853658536,False,False,core_clustering,False,False
book_depth,0.6,5,book_volume=600,acf_abs_ret_5,-0.0078115626770235,-0.0099709636529548,-0.0775319255372539,0.0572200956635725,0.754,False,False,1.0,0.9762765957446808,False,False,core_clustering,False,False
book_depth,0.6,5,book_volume=600,high_vol_cluster_share,-0.0923076923076922,-0.0879539576365663,-0.249757525083612,0.074083054626533,0.282,False,False,1.0,0.9024324324324324,False,False,context,False,False
book_depth,0.6,5,book_volume=600,vol_persistence,-0.005281529208175,-0.0053841504758295,-0.0150066950885672,0.0047643643666568,0.284,False,False,1.0,0.9024324324324324,False,False,core_clustering,False,False
book_depth,0.6,5,book_volume=600,vol_ratio,-0.4149174679035909,-0.452076964897746,-1.4792862987394564,0.6669843259609,0.412,False,False,1.0,0.919103139013453,False,False,context,False,False
softlimit_liquidity_proxy,0.0,1,softlimit=20,acf_abs_ret_1,0.0446704036596543,0.0464391045079311,-0.0313152220152923,0.1219287270741845,0.256,False,True,1.0,0.8950819672131147,False,False,core_clustering,False,False
softlimit_liquidity_proxy,0.0,1,softlimit=20,acf_abs_ret_5,0.054502744582591,0.0539503358904927,-0.022471611382003,0.1288666632475164,0.168,False,True,1.0,0.7933333333333334,False,False,core_clustering,False,False
softlimit_liquidity_proxy,0.0,1,softlimit=20,high_vol_cluster_share,-0.038573021181717,-0.0394716833890746,-0.1928372352285397,0.1170624303233,0.604,False,False,1.0,0.9548201438848921,False,False,context,False,False
softlimit_liquidity_proxy,0.0,1,softlimit=20,vol_persistence,0.0082203367622405,0.0082047458035907,0.0002877208225685,0.016907644638282,0.044,True,True,1.0,0.72,False,False,core_clustering,False,False
softlimit_liquidity_proxy,0.0,1,softlimit=20,vol_ratio,-0.393457503540763,-0.3931107888659287,-1.039636547761557,0.2392533648475592,0.232,False,False,1.0,0.8823529411764706,False,False,context,False,False
softlimit_liquidity_proxy,0.0,1,softlimit=50,acf_abs_ret_1,-0.0620467974092699,-0.0597837373408264,-0.1435666517762598,0.0259587012394477,0.18,False,False,1.0,0.8217391304347825,False,False,core_clustering,False,False
softlimit_liquidity_proxy,0.0,1,softlimit=50,acf_abs_ret_5,0.0046921423498418,0.0034051142191095,-0.0689965746943361,0.0721839383251042,0.912,False,True,1.0,0.9789312977099237,False,False,core_clustering,False,False
softlimit_liquidity_proxy,0.0,1,softlimit=50,high_vol_cluster_share,-0.1696767001114829,-0.1715396878483835,-0.3563740245261985,0.0089241917502788,0.068,False,False,1.0,0.7785365853658536,False,False,context,False,False
softlimit_liquidity_proxy,0.0,1,softlimit=50,vol_persistence,-0.0030660225192531,-0.003015980018875,-0.0109021119524989,0.0056382373916358,0.468,False,False,1.0,0.919103139013453,False,False,core_clustering,False,False
softlimit_liquidity_proxy,0.0,1,softlimit=50,vol_ratio,-0.6747766205697685,-0.682166481558612,-1.417788844360332,0.0428947752793551,0.07,False,False,1.0,0.7785365853658536,False,False,context,False,False
softlimit_liquidity_proxy,0.0,3,softlimit=20,acf_abs_ret_1,-0.0314014408053337,-0.0321042617571628,-0.1062628842349673,0.0405186175728977,0.426,False,False,1.0,0.919103139013453,False,False,core_clustering,False,False
softlimit_liquidity_proxy,0.0,3,softlimit=20,acf_abs_ret_5,-0.0557215829007948,-0.0550315953416533,-0.1230933072819589,0.0214979566103378,0.15,False,False,1.0,0.7785365853658536,False,False,core_clustering,False,False
softlimit_liquidity_proxy,0.0,3,softlimit=20,high_vol_cluster_share,-0.0261984392419175,-0.0299568561872909,-0.1796571906354515,0.1202926421404683,0.704,False,False,1.0,0.9753947368421052,False,False,context,False,False
softlimit_liquidity_proxy,0.0,3,softlimit=20,vol_persistence,0.0016602699074818,0.0017353766981165,-0.0068340224663613,0.0097864517644735,0.672,False,True,1.0,0.9718771331058023,False,False,core_clustering,False,False
softlimit_liquidity_proxy,0.0,3,softlimit=20,vol_ratio,-0.5668174662264511,-0.5567537425059697,-1.1845453427137576,0.0701233128244845,0.088,False,False,1.0,0.7785365853658536,False,False,context,False,False
softlimit_liquidity_proxy,0.0,3,softlimit=50,acf_abs_ret_1,-0.0542406916813474,-0.0532766261407874,-0.1283800640492239,0.0197212619737517,0.142,False,False,1.0,0.7785365853658536,False,False,core_clustering,False,False
softlimit_liquidity_proxy,0.0,3,softlimit=50,acf_abs_ret_5,-0.0300066056121239,-0.0303635105492226,-0.09493260331771,0.0303327236578306,0.362,False,False,1.0,0.9181395348837209,False,False,core_clustering,False,False
softlimit_liquidity_proxy,0.0,3,softlimit=50,high_vol_cluster_share,-0.0928651059085841,-0.0947060200668895,-0.2592168338907468,0.0695373467112597,0.278,False,False,1.0,0.9024324324324324,False,False,context,False,False
softlimit_liquidity_proxy,0.0,3,softlimit=50,vol_persistence,-0.0047403051586971,-0.0046875243545461,-0.0120003726821236,0.003189776139488,0.216,False,False,1.0,0.8807766990291263,False,False,core_clustering,False,False
softlimit_liquidity_proxy,0.0,3,softlimit=50,vol_ratio,-0.6788817553125504,-0.6882789707961567,-1.3872180296927463,0.0494235581966301,0.078,False,False,1.0,0.7785365853658536,False,False,context,False,False
softlimit_liquidity_proxy,0.0,5,softlimit=20,acf_abs_ret_1,-0.0054790080927407,-0.0045971152849204,-0.0759806223396111,0.0656071368057009,0.892,False,False,1.0,0.9782005141388176,False,False,core_clustering,False,False
softlimit_liquidity_proxy,0.0,5,softlimit=20,acf_abs_ret_5,0.0024832392502452,0.0007323438789765,-0.0753106908316246,0.0789677958096784,0.974,False,True,1.0,0.9980000000000001,False,False,core_clustering,False,False
softlimit_liquidity_proxy,0.0,5,softlimit=20,high_vol_cluster_share,0.0569676700111482,0.0576483835005574,-0.1085061315496097,0.2245345596432554,0.522,False,True,1.0,0.9365106382978724,False,False,context,False,False
softlimit_liquidity_proxy,0.0,5,softlimit=20,vol_persistence,0.0052889767702979,0.0053344137167161,-0.0033241546964017,0.0139442201130542,0.22,False,True,1.0,0.8823529411764706,False,False,core_clustering,False,False
softlimit_liquidity_proxy,0.0,5,softlimit=20,vol_ratio,-0.2621041789873284,-0.2571012772137734,-1.079800906798516,0.4821828345302977,0.522,False,False,1.0,0.9365106382978724,False,False,context,False,False
softlimit_liquidity_proxy,0.0,5,softlimit=50,acf_abs_ret_1,-0.0155299591213798,-0.0172090317269438,-0.0831514104203353,0.0514763708228807,0.596,False,False,1.0,0.9548201438848921,False,False,core_clustering,False,False
softlimit_liquidity_proxy,0.0,5,softlimit=50,acf_abs_ret_5,0.0349082801600617,0.0363447734813253,-0.042968384489497,0.1103662062912515,0.316,False,True,1.0,0.9024324324324324,False,False,core_clustering,False,False
softlimit_liquidity_proxy,0.0,5,softlimit=50,high_vol_cluster_share,-0.0934225195094761,-0.0946464882943143,-0.2851588628762541,0.0923773690078036,0.306,False,False,1.0,0.9024324324324324,False,False,context,False,False
softlimit_liquidity_proxy,0.0,5,softlimit=50,vol_persistence,0.0039803756101198,0.0041049771634113,-0.0034810790892789,0.012461257778886,0.328,False,True,1.0,0.9063157894736843,False,False,core_clustering,False,False
softlimit_liquidity_proxy,0.0,5,softlimit=50,vol_ratio,-0.4330063311407359,-0.4279450206606633,-1.2756133112895165,0.4312583212043817,0.318,False,False,1.0,0.9024324324324324,False,False,context,False,False
softlimit_liquidity_proxy,0.0,10,softlimit=20,acf_abs_ret_1,-0.0323498677334238,-0.0327568306808628,-0.1115605951279839,0.0406412632537651,0.404,False,False,1.0,0.919103139013453,False,False,core_clustering,False,False
softlimit_liquidity_proxy,0.0,10,softlimit=20,acf_abs_ret_5,-0.0058892435105836,-0.0071432373576389,-0.071124278910156,0.0560102572023601,0.852,False,False,1.0,0.9762765957446808,False,False,core_clustering,False,False
softlimit_liquidity_proxy,0.0,10,softlimit=20,high_vol_cluster_share,0.0387959866220734,0.0378352285395763,-0.1302201783723524,0.1848885172798216,0.632,False,True,1.0,0.9548201438848921,False,False,context,False,False
softlimit_liquidity_proxy,0.0,10,softlimit=20,vol_persistence,0.0019038480821121,0.001915602733041,-0.006624894099378,0.0100455965810387,0.662,False,True,1.0,0.9718771331058023,False,False,core_clustering,False,False
softlimit_liquidity_proxy,0.0,10,softlimit=20,vol_ratio,-0.2968978293036746,-0.2937312126931557,-0.9041747164130304,0.381563331071325,0.366,False,False,1.0,0.9181395348837209,False,False,context,False,False
softlimit_liquidity_proxy,0.0,10,softlimit=50,acf_abs_ret_1,-0.0161738608304684,-0.0164381568926278,-0.091111764259694,0.0474942591180607,0.644,False,False,1.0,0.9591489361702128,False,False,core_clustering,False,False
softlimit_liquidity_proxy,0.0,10,softlimit=50,acf_abs_ret_5,-0.0091047817041459,-0.0092438346783301,-0.0693339767659447,0.0490338656497674,0.748,False,False,1.0,0.9762765957446808,False,False,core_clustering,False,False
softlimit_liquidity_proxy,0.0,10,softlimit=50,high_vol_cluster_share,-0.0840579710144928,-0.0835890746934225,-0.2426142697881828,0.0785005574136007,0.338,False,False,1.0,0.9181395348837209,False,False,context,False,False
softlimit_liquidity_proxy,0.0,10,softlimit=50,vol_persistence,-0.0008260360146724,-0.0007277808021524,-0.0083302598935817,0.0067709005775239,0.858,False,False,1.0,0.9762765957446808,False,False,core_clustering,False,False
softlimit_liquidity_proxy,0.0,10,softlimit=50,vol_ratio,-0.5400416967516461,-0.5424105617027731,-1.1446851159404252,0.0662649736518837,0.082,False,False,1.0,0.7785365853658536,False,False,context,False,False
softlimit_liquidity_proxy,0.2,1,softlimit=20,acf_abs_ret_1,-0.0291571798255155,-0.0281699328077408,-0.0950772054307822,0.0465322465918878,0.466,False,False,1.0,0.919103139013453,False,False,core_clustering,False,False
softlimit_liquidity_proxy,0.2,1,softlimit=20,acf_abs_ret_5,-0.0717599654560049,-0.0701861780213824,-0.1405010001851482,0.0034905046378019,0.062,False,False,1.0,0.7658823529411765,False,False,core_clustering,False,False
softlimit_liquidity_proxy,0.2,1,softlimit=20,high_vol_cluster_share,-0.0455964325529541,-0.0441580824972129,-0.206360089186176,0.1096571906354514,0.57,False,False,1.0,0.9548201438848921,False,False,context,False,False
softlimit_liquidity_proxy,0.2,1,softlimit=20,vol_persistence,-0.0066402400195322,-0.0065874971333408,-0.0146944266413784,0.0012643797034741,0.106,False,False,1.0,0.7785365853658536,False,False,core_clustering,False,False
softlimit_liquidity_proxy,0.2,1,softlimit=20,vol_ratio,-0.2667842276834613,-0.2607953958072438,-1.0398444347775226,0.430663576931909,0.488,False,False,1.0,0.919103139013453,False,False,context,False,False
softlimit_liquidity_proxy,0.2,1,softlimit=50,acf_abs_ret_1,0.0183718598348177,0.0208885276128133,-0.0541358841308388,0.0981198751068325,0.604,False,True,1.0,0.9548201438848921,False,False,core_clustering,False,False
softlimit_liquidity_proxy,0.2,1,softlimit=50,acf_abs_ret_5,0.0108656596539871,0.0110532747987292,-0.0579369652318576,0.0847530296363449,0.778,False,True,1.0,0.9762765957446808,False,False,core_clustering,False,False
softlimit_liquidity_proxy,0.2,1,softlimit=50,high_vol_cluster_share,0.1191750278706801,0.1208534002229654,-0.0481716833890745,0.2718004459308804,0.152,False,True,1.0,0.7785365853658536,False,False,context,False,False
softlimit_liquidity_proxy,0.2,1,softlimit=50,vol_persistence,0.0027241945322553,0.003008360999906,-0.0047409247153625,0.0110164610840204,0.478,False,True,1.0,0.919103139013453,False,False,core_clustering,False,False
softlimit_liquidity_proxy,0.2,1,softlimit=50,vol_ratio,0.3887881376983213,0.3803428783613818,-0.3806860595889345,1.115869076825982,0.312,False,True,1.0,0.9024324324324324,False,False,context,False,False
softlimit_liquidity_proxy,0.2,3,softlimit=20,acf_abs_ret_1,-0.0676559951845538,-0.0668921207996988,-0.1337216959851776,-0.0005115965373538,0.048,True,False,1.0,0.72,False,False,core_clustering,False,False
softlimit_liquidity_proxy,0.2,3,softlimit=20,acf_abs_ret_5,-0.1046307797275682,-0.105734034972629,-0.1773739374890463,-0.0377646267523208,0.002,True,False,0.84,0.72,False,False,core_clustering,False,False
softlimit_liquidity_proxy,0.2,3,softlimit=20,high_vol_cluster_share,-0.1800445930880712,-0.176196878483835,-0.3220039018952061,-0.021964882943144,0.032,True,False,1.0,0.72,False,False,context,False,False
softlimit_liquidity_proxy,0.2,3,softlimit=20,vol_persistence,-0.007355473911443,-0.0073339355472837,-0.0160927130441501,0.0007560031687912,0.084,False,False,1.0,0.7785365853658536,False,False,core_clustering,False,False
softlimit_liquidity_proxy,0.2,3,softlimit=20,vol_ratio,-0.8893169436109929,-0.8825825643156214,-1.6821955984255033,-0.0532684550724742,0.038,True,False,1.0,0.72,False,False,context,False,False
softlimit_liquidity_proxy,0.2,3,softlimit=50,acf_abs_ret_1,0.0426156642053713,0.0410249513845243,-0.0302127020668454,0.112234242251466,0.25,False,True,1.0,0.8823529411764706,False,False,core_clustering,False,False
softlimit_liquidity_proxy,0.2,3,softlimit=50,acf_abs_ret_5,-0.0319737577534729,-0.0320572701862961,-0.1068213971602003,0.0440848729343254,0.374,False,False,1.0,0.9181395348837209,False,False,core_clustering,False,False
softlimit_liquidity_proxy,0.2,3,softlimit=50,high_vol_cluster_share,-0.0325529542920848,-0.0339061315496098,-0.1948829431438125,0.1237541806020067,0.67,False,False,1.0,0.9718771331058023,False,False,context,False,False
softlimit_liquidity_proxy,0.2,3,softlimit=50,vol_persistence,-0.0006248168559296,-0.0006676214392637,-0.0099462432329065,0.0088167441809573,0.872,False,False,1.0,0.9762765957446808,False,False,core_clustering,False,False
softlimit_liquidity_proxy,0.2,3,softlimit=50,vol_ratio,-0.0253830313519638,-0.0438610359740426,-0.907775722710486,0.8490324210145526,0.9,False,False,1.0,0.9782005141388176,False,False,context,False,False
softlimit_liquidity_proxy,0.2,5,softlimit=20,acf_abs_ret_1,-0.0587433864741047,-0.058171430838819,-0.1266166333261563,0.0159182218225947,0.106,False,False,1.0,0.7785365853658536,False,False,core_clustering,False,False
softlimit_liquidity_proxy,0.2,5,softlimit=20,acf_abs_ret_5,-0.0902975769492761,-0.0893197950041148,-0.1670243459237461,-0.014295821304039,0.016,True,False,1.0,0.72,False,False,core_clustering,False,False
softlimit_liquidity_proxy,0.2,5,softlimit=20,high_vol_cluster_share,-0.117725752508361,-0.1154308807134894,-0.2788294314381271,0.0470596432552953,0.162,False,False,1.0,0.7933333333333334,False,False,context,False,False
softlimit_liquidity_proxy,0.2,5,softlimit=20,vol_persistence,-0.0070986461106484,-0.007309716960383,-0.0154506858409053,0.0010618015387799,0.084,False,False,1.0,0.7785365853658536,False,False,core_clustering,False,False
softlimit_liquidity_proxy,0.2,5,softlimit=20,vol_ratio,-0.6851955527238167,-0.7010477738390656,-1.4174827251515731,0.046842703022206,0.066,False,False,1.0,0.7785365853658536,False,False,context,False,False
softlimit_liquidity_proxy,0.2,5,softlimit=50,acf_abs_ret_1,0.0637675664959492,0.0644303986877486,-0.0169280351090327,0.1395799506332797,0.116,False,True,1.0,0.7785365853658536,False,False,core_clustering,False,False
softlimit_liquidity_proxy,0.2,5,softlimit=50,acf_abs_ret_5,0.0281369011857697,0.0282414892817735,-0.0468931736245153,0.105779788697853,0.482,False,True,1.0,0.919103139013453,False,False,core_clustering,False,False
softlimit_liquidity_proxy,0.2,5,softlimit=50,high_vol_cluster_share,-0.0035674470457079,-0.0003340022296543,-0.1670066889632107,0.1552006688963211,0.99,False,False,1.0,0.9980000000000001,False,False,context,False,False
softlimit_liquidity_proxy,0.2,5,softlimit=50,vol_persistence,0.0052983927423537,0.0050719727404947,-0.0032125252221088,0.0134171922599362,0.242,False,True,1.0,0.8823529411764706,False,False,core_clustering,False,False
softlimit_liquidity_proxy,0.2,5,softlimit=50,vol_ratio,0.0725660122053881,0.0888848537744902,-0.6450323260820471,0.8832631798373152,0.838,False,True,1.0,0.9762765957446808,False,False,context,False,False
softlimit_liquidity_proxy,0.2,10,softlimit=20,acf_abs_ret_1,-0.0498208982319489,-0.0495863930540719,-0.1132955419379172,0.0187488521572049,0.158,False,False,1.0,0.79,False,False,core_clustering,False,False
softlimit_liquidity_proxy,0.2,10,softlimit=20,acf_abs_ret_5,-0.1204496973709611,-0.1213449790924818,-0.1963430683900925,-0.0388952979418936,0.008,True,False,1.0,0.72,False,False,core_clustering,False,False
softlimit_liquidity_proxy,0.2,10,softlimit=20,high_vol_cluster_share,-0.1991081382385728,-0.1988305462653289,-0.3544397993311037,-0.0244704570791527,0.02,True,False,1.0,0.72,False,False,context,False,False
softlimit_liquidity_proxy,0.2,10,softlimit=20,vol_persistence,-0.0092082955422254,-0.0091354677220793,-0.0167723825044309,-0.0017737328178602,0.016,True,False,1.0,0.72,False,False,core_clustering,False,False
softlimit_liquidity_proxy,0.2,10,softlimit=20,vol_ratio,-0.9450787213128518,-0.9540478444024644,-1.9311324431067272,0.0263321726829888,0.052,False,False,1.0,0.728,False,False,context,False,False
softlimit_liquidity_proxy,0.2,10,softlimit=50,acf_abs_ret_1,0.0193011746229532,0.0190258902528008,-0.049038274817667,0.0826970125875396,0.602,False,True,1.0,0.9548201438848921,False,False,core_clustering,False,False
softlimit_liquidity_proxy,0.2,10,softlimit=50,acf_abs_ret_5,-0.0345005814975266,-0.0342796705780046,-0.1078809041166937,0.039182480759525,0.368,False,False,1.0,0.9181395348837209,False,False,core_clustering,False,False
softlimit_liquidity_proxy,0.2,10,softlimit=50,high_vol_cluster_share,-0.0132664437012262,-0.0145997770345596,-0.1751783723522854,0.1382413600891862,0.856,False,False,1.0,0.9762765957446808,False,False,context,False,False
softlimit_liquidity_proxy,0.2,10,softlimit=50,vol_persistence,-0.0007833910281227,-0.0009370086222814,-0.0091670697314631,0.0075106432338227,0.824,False,False,1.0,0.9762765957446808,False,False,core_clustering,False,False
softlimit_liquidity_proxy,0.2,10,softlimit=50,vol_ratio,-0.1500606140235851,-0.1400592928501811,-1.2062566285171274,0.7041559604097122,0.788,False,False,1.0,0.9762765957446808,False,False,context,False,False
softlimit_liquidity_proxy,0.4,1,softlimit=20,acf_abs_ret_1,0.0072619333526623,0.0052625977184203,-0.0614949452476934,0.0707439152596847,0.892,False,True,1.0,0.9782005141388176,False,False,core_clustering,False,False
softlimit_liquidity_proxy,0.4,1,softlimit=20,acf_abs_ret_5,-0.0048579309235767,-0.0068079120164,-0.0776699332982197,0.0652321882462276,0.852,False,False,1.0,0.9762765957446808,False,False,core_clustering,False,False
softlimit_liquidity_proxy,0.4,1,softlimit=20,high_vol_cluster_share,-0.1225195094760313,-0.1263209587513935,-0.2810507246376812,0.0314409141583053,0.12,False,False,1.0,0.7785365853658536,False,False,context,False,False
softlimit_liquidity_proxy,0.4,1,softlimit=20,vol_persistence,0.0024448643375127,0.002485173738484,-0.0060960543169897,0.0112197176298055,0.574,False,True,1.0,0.9548201438848921,False,False,core_clustering,False,False
softlimit_liquidity_proxy,0.4,1,softlimit=20,vol_ratio,-0.7518105714708123,-0.769487076685303,-1.5709376530028387,0.026453137155709,0.062,False,False,1.0,0.7658823529411765,False,False,context,False,False
softlimit_liquidity_proxy,0.4,1,softlimit=50,acf_abs_ret_1,-0.0130291381327914,-0.0162704259733097,-0.0953587802235586,0.0595324536125292,0.69,False,False,1.0,0.9753947368421052,False,False,core_clustering,False,False
softlimit_liquidity_proxy,0.4,1,softlimit=50,acf_abs_ret_5,-0.0437694302598066,-0.0448166993730723,-0.1124385899874617,0.0200854650928615,0.17,False,False,1.0,0.7933333333333334,False,False,core_clustering,False,False
softlimit_liquidity_proxy,0.4,1,softlimit=50,high_vol_cluster_share,-0.0720178372352285,-0.0731220735785953,-0.2439966555183946,0.0908751393534002,0.38,False,False,1.0,0.919103139013453,False,False,context,False,False
softlimit_liquidity_proxy,0.4,1,softlimit=50,vol_persistence,0.0003591448649733,0.0004656346659618,-0.008308221588488,0.0087112322661092,0.902,False,True,1.0,0.9782005141388176,False,False,core_clustering,False,False
softlimit_liquidity_proxy,0.4,1,softlimit=50,vol_ratio,-0.4249634378363014,-0.4071661061090176,-1.354909232200833,0.7101069329584329,0.424,False,False,1.0,0.919103139013453,False,False,context,False,False
softlimit_liquidity_proxy,0.4,3,softlimit=20,acf_abs_ret_1,0.0385665150421465,0.0402237047289375,-0.0307961482284479,0.1086100736773822,0.268,False,True,1.0,0.9024324324324324,False,False,core_clustering,False,False
softlimit_liquidity_proxy,0.4,3,softlimit=20,acf_abs_ret_5,-0.010180732461152,-0.0106348376052576,-0.0734475648516771,0.0514711273526953,0.75,False,False,1.0,0.9762765957446808,False,False,core_clustering,False,False
softlimit_liquidity_proxy,0.4,3,softlimit=20,high_vol_cluster_share,0.0243032329988852,0.0242440356744704,-0.1222185061315495,0.1777591973244147,0.744,False,True,1.0,0.9762765957446808,False,False,context,False,False
softlimit_liquidity_proxy,0.4,3,softlimit=20,vol_persistence,0.0008376826172465,0.0008222126619636,-0.0063169377743483,0.0079978419557348,0.824,False,True,1.0,0.9762765957446808,False,False,core_clustering,False,False
softlimit_liquidity_proxy,0.4,3,softlimit=20,vol_ratio,-0.2974229951823148,-0.3153699030447313,-1.1175255768986556,0.5073471989259414,0.428,False,False,1.0,0.919103139013453,False,False,context,False,False
softlimit_liquidity_proxy,0.4,3,softlimit=50,acf_abs_ret_1,0.045631845810786,0.0434422413220421,-0.0227708515560652,0.1142890844832465,0.206,False,True,1.0,0.8649504950495049,False,False,core_clustering,False,False
softlimit_liquidity_proxy,0.4,3,softlimit=50,acf_abs_ret_5,-0.0129552295786362,-0.0152568965127434,-0.081144842887053,0.0448294658426847,0.642,False,False,1.0,0.9591489361702128,False,False,core_clustering,False,False
softlimit_liquidity_proxy,0.4,3,softlimit=50,high_vol_cluster_share,-0.0239687848383499,-0.0215583054626532,-0.1928260869565216,0.1371237458193979,0.792,False,False,1.0,0.9762765957446808,False,False,context,False,False
softlimit_liquidity_proxy,0.4,3,softlimit=50,vol_persistence,0.0034871128165221,0.0034231860693056,-0.0046533707243516,0.0107565190670576,0.364,False,True,1.0,0.9181395348837209,False,False,core_clustering,False,False
softlimit_liquidity_proxy,0.4,3,softlimit=50,vol_ratio,-0.526227168087289,-0.5167257684822123,-1.425831748512743,0.3663837075035624,0.24,False,False,1.0,0.8823529411764706,False,False,context,False,False
softlimit_liquidity_proxy,0.4,5,softlimit=20,acf_abs_ret_1,0.0122924444780246,0.0130079796715969,-0.0604231977403806,0.0842824520441077,0.718,False,True,1.0,0.9762765957446808,False,False,core_clustering,False,False
softlimit_liquidity_proxy,0.4,5,softlimit=20,acf_abs_ret_5,-0.0045853010030742,-0.0045309883170233,-0.0791414492297761,0.0668633956984031,0.906,False,False,1.0,0.9782005141388176,False,False,core_clustering,False,False
softlimit_liquidity_proxy,0.4,5,softlimit=20,high_vol_cluster_share,-0.0322185061315495,-0.0311042363433667,-0.1847909698996657,0.126226309921962,0.72,False,False,1.0,0.9762765957446808,False,False,context,False,False
softlimit_liquidity_proxy,0.4,5,softlimit=20,vol_persistence,0.0004432147766159,0.0005178647189611,-0.0068375520070512,0.0079693009927073,0.892,False,True,1.0,0.9782005141388176,False,False,core_clustering,False,False
softlimit_liquidity_proxy,0.4,5,softlimit=20,vol_ratio,-0.4631492987056473,-0.4673017843084446,-1.264397241440431,0.3367815482910466,0.238,False,False,1.0,0.8823529411764706,False,False,context,False,False
softlimit_liquidity_proxy,0.4,5,softlimit=50,acf_abs_ret_1,-0.0093084626775258,-0.0089839096419548,-0.080185719955387,0.0685208698693179,0.808,False,False,1.0,0.9762765957446808,False,False,core_clustering,False,False
softlimit_liquidity_proxy,0.4,5,softlimit=50,acf_abs_ret_5,-0.0190921642685236,-0.0202460691721941,-0.0950399364666046,0.0537917873505544,0.612,False,False,1.0,0.9548201438848921,False,False,core_clustering,False,False
softlimit_liquidity_proxy,0.4,5,softlimit=50,high_vol_cluster_share,-0.086845039018952,-0.0842705685618728,-0.2438573021181717,0.0897686733556299,0.346,False,False,1.0,0.9181395348837209,False,False,context,False,False
softlimit_liquidity_proxy,0.4,5,softlimit=50,vol_persistence,0.0027503602621359,0.0025036077817938,-0.005545800997843,0.010371293112033,0.56,False,True,1.0,0.9548201438848921,False,False,core_clustering,False,False
softlimit_liquidity_proxy,0.4,5,softlimit=50,vol_ratio,-0.5108823736181942,-0.4997132452761353,-1.4028911319639916,0.3482364668840536,0.258,False,False,1.0,0.8950819672131147,False,False,context,False,False
softlimit_liquidity_proxy,0.4,10,softlimit=20,acf_abs_ret_1,-0.0087955999966876,-0.0087301021188553,-0.081516410762614,0.0625361798095959,0.83,False,False,1.0,0.9762765957446808,False,False,core_clustering,False,False
softlimit_liquidity_proxy,0.4,10,softlimit=20,acf_abs_ret_5,-0.0759100744817823,-0.0773322173279264,-0.1480314679428381,-0.0086828021479458,0.032,True,False,1.0,0.72,False,False,core_clustering,False,False
softlimit_liquidity_proxy,0.4,10,softlimit=20,high_vol_cluster_share,-0.0558528428093644,-0.0574670011148271,-0.2202396878483834,0.0971153846153846,0.466,False,False,1.0,0.919103139013453,False,False,context,False,False
softlimit_liquidity_proxy,0.4,10,softlimit=20,vol_persistence,-0.0027855271822255,-0.0026353489704095,-0.0110988213834234,0.0054229190289396,0.564,False,False,1.0,0.9548201438848921,False,False,core_clustering,False,False
softlimit_liquidity_proxy,0.4,10,softlimit=20,vol_ratio,-1.0558730807753798,-1.0691961143870017,-1.8523318412863123,-0.2590241813137379,0.012,True,False,1.0,0.72,False,False,context,False,False
softlimit_liquidity_proxy,0.4,10,softlimit=50,acf_abs_ret_1,-0.0005715328865081,0.0010508342104636,-0.0734106058728664,0.0785234513367489,0.984,False,False,1.0,0.9980000000000001,False,False,core_clustering,False,False
softlimit_liquidity_proxy,0.4,10,softlimit=50,acf_abs_ret_5,-0.0382756238131469,-0.0371840901813437,-0.1049967724212217,0.034945201882911,0.304,False,False,1.0,0.9024324324324324,False,False,core_clustering,False,False
softlimit_liquidity_proxy,0.4,10,softlimit=50,high_vol_cluster_share,-0.1273132664437012,-0.1262787068004459,-0.2935423634336676,0.0427201783723522,0.144,False,False,1.0,0.7785365853658536,False,False,context,False,False
softlimit_liquidity_proxy,0.4,10,softlimit=50,vol_persistence,0.0004811062197536,0.0005902668824166,-0.0076401020153246,0.0089604312480303,0.914,False,True,1.0,0.9789312977099237,False,False,core_clustering,False,False
softlimit_liquidity_proxy,0.4,10,softlimit=50,vol_ratio,-1.197181442680984,-1.197832142808935,-2.1373889314522576,-0.2808754848145471,0.014,True,False,1.0,0.72,False,False,context,False,False
softlimit_liquidity_proxy,0.6,1,softlimit=20,acf_abs_ret_1,-0.0293684964871309,-0.0286904642018611,-0.1096150379973027,0.0510679377967051,0.486,False,False,1.0,0.919103139013453,False,False,core_clustering,False,False
softlimit_liquidity_proxy,0.6,1,softlimit=20,acf_abs_ret_5,-0.0205314729571376,-0.0207768221238215,-0.0861032591180734,0.0411710751569473,0.546,False,False,1.0,0.9476033057851241,False,False,core_clustering,False,False
softlimit_liquidity_proxy,0.6,1,softlimit=20,high_vol_cluster_share,-0.0356744704570791,-0.0317420289855072,-0.1747268673355628,0.1198606465997769,0.66,False,False,1.0,0.9718771331058023,False,False,context,False,False
softlimit_liquidity_proxy,0.6,1,softlimit=20,vol_persistence,-0.0014253442397762,-0.0013763993320121,-0.0105806754799117,0.0074349879225885,0.794,False,False,1.0,0.9762765957446808,False,False,core_clustering,False,False
softlimit_liquidity_proxy,0.6,1,softlimit=20,vol_ratio,-0.1460954051778502,-0.1352898741773862,-1.098287373507973,0.7564968675508307,0.79,False,False,1.0,0.9762765957446808,False,False,context,False,False
softlimit_liquidity_proxy,0.6,1,softlimit=50,acf_abs_ret_1,-0.0237044113823082,-0.0226104200628707,-0.0962685905412249,0.0481148520511242,0.538,False,False,1.0,0.9415,False,False,core_clustering,False,False
softlimit_liquidity_proxy,0.6,1,softlimit=50,acf_abs_ret_5,0.0252529434602703,0.0259914035481152,-0.0328838913932211,0.0911312698968583,0.418,False,True,1.0,0.919103139013453,False,False,core_clustering,False,False
softlimit_liquidity_proxy,0.6,1,softlimit=50,high_vol_cluster_share,-0.0896321070234112,-0.0881445930880713,-0.2691304347826086,0.0905824972129319,0.332,False,False,1.0,0.9113725490196078,False,False,context,False,False
softlimit_liquidity_proxy,0.6,1,softlimit=50,vol_persistence,0.0012323416806179,0.0012891741624631,-0.0071815914399974,0.0094371697642495,0.774,False,True,1.0,0.9762765957446808,False,False,core_clustering,False,False
softlimit_liquidity_proxy,0.6,1,softlimit=50,vol_ratio,-0.3750054897300776,-0.3644796047892843,-1.310448537854,0.5468156792645174,0.48,False,False,1.0,0.919103139013453,False,False,context,False,False
softlimit_liquidity_proxy,0.6,3,softlimit=20,acf_abs_ret_1,-0.0376423578834265,-0.0369820025307067,-0.1107512157004465,0.0344843566203652,0.318,False,False,1.0,0.9024324324324324,False,False,core_clustering,False,False
softlimit_liquidity_proxy,0.6,3,softlimit=20,acf_abs_ret_5,-0.0322183141712627,-0.033235111074541,-0.0998612409641648,0.0349652761616141,0.318,False,False,1.0,0.9024324324324324,False,False,core_clustering,False,False
softlimit_liquidity_proxy,0.6,3,softlimit=20,high_vol_cluster_share,0.0206243032329988,0.0176322185061315,-0.1390356744704572,0.1765914158305463,0.85,False,True,1.0,0.9762765957446808,False,False,context,False,False
softlimit_liquidity_proxy,0.6,3,softlimit=20,vol_persistence,0.000750642237592,0.0009526608379386,-0.0075442860203961,0.0097784087014195,0.854,False,True,1.0,0.9762765957446808,False,False,core_clustering,False,False
softlimit_liquidity_proxy,0.6,3,softlimit=20,vol_ratio,-0.2076212514478617,-0.198419922370969,-1.169929783567356,0.7805106616244348,0.676,False,False,1.0,0.9718771331058023,False,False,context,False,False
softlimit_liquidity_proxy,0.6,3,softlimit=50,acf_abs_ret_1,0.0460044698370069,0.0462028084684347,-0.0160051516097304,0.1081845944064773,0.17,False,True,1.0,0.7933333333333334,False,False,core_clustering,False,False
softlimit_liquidity_proxy,0.6,3,softlimit=50,acf_abs_ret_5,0.0509284703438842,0.0510477992286254,-0.0121623326467918,0.1144420845351914,0.124,False,True,1.0,0.7785365853658536,False,False,core_clustering,False,False
softlimit_liquidity_proxy,0.6,3,softlimit=50,high_vol_cluster_share,-0.0795986622073579,-0.0818826086956521,-0.2584225195094761,0.1101505016722408,0.356,False,False,1.0,0.9181395348837209,False,False,context,False,False
softlimit_liquidity_proxy,0.6,3,softlimit=50,vol_persistence,0.0075546556948749,0.0076032386883642,-0.000934998031305,0.0166493890944387,0.076,False,True,1.0,0.7785365853658536,False,False,core_clustering,False,False
softlimit_liquidity_proxy,0.6,3,softlimit=50,vol_ratio,-0.4514124060967703,-0.4136296226006052,-1.6185313249158826,0.6844093275609705,0.428,False,False,1.0,0.919103139013453,False,False,context,False,False
softlimit_liquidity_proxy,0.6,5,softlimit=20,acf_abs_ret_1,-0.0238500480488817,-0.0227930744717754,-0.0915337626051454,0.0534696847799301,0.552,False,False,1.0,0.9501639344262296,False,False,core_clustering,False,False
softlimit_liquidity_proxy,0.6,5,softlimit=20,acf_abs_ret_5,-0.0429449041160529,-0.0420563158958941,-0.1026564421591835,0.0143964577066536,0.156,False,False,1.0,0.7893975903614457,False,False,core_clustering,False,False
softlimit_liquidity_proxy,0.6,5,softlimit=20,high_vol_cluster_share,-0.0238573021181714,-0.0202220735785953,-0.1657302118171684,0.1259838350055742,0.804,False,False,1.0,0.9762765957446808,False,False,context,False,False
softlimit_liquidity_proxy,0.6,5,softlimit=20,vol_persistence,-0.0046429983608798,-0.0045842510004951,-0.0130942434698792,0.0037887134720882,0.31,False,False,1.0,0.9024324324324324,False,False,core_clustering,False,False
softlimit_liquidity_proxy,0.6,5,softlimit=20,vol_ratio,-0.3618297699702233,-0.3661621053710789,-1.2134643800897766,0.5071266177072752,0.406,False,False,1.0,0.919103139013453,False,False,context,False,False
softlimit_liquidity_proxy,0.6,5,softlimit=50,acf_abs_ret_1,0.0215335085966113,0.0200877263165258,-0.0400988600756456,0.0763026308984306,0.532,False,True,1.0,0.9415,False,False,core_clustering,False,False
softlimit_liquidity_proxy,0.6,5,softlimit=50,acf_abs_ret_5,0.0425579374027522,0.0417159834360444,-0.0239115247511947,0.1067835944285661,0.212,False,True,1.0,0.8729411764705881,False,False,core_clustering,False,False
softlimit_liquidity_proxy,0.6,5,softlimit=50,high_vol_cluster_share,-0.0172798216276474,-0.0181668896321069,-0.1992251950947604,0.1603344481605352,0.864,False,False,1.0,0.9762765957446808,False,False,context,False,False
softlimit_liquidity_proxy,0.6,5,softlimit=50,vol_persistence,0.0017962036557173,0.0014908596324651,-0.0070816978738294,0.0097544223250321,0.744,False,True,1.0,0.9762765957446808,False,False,core_clustering,False,False
softlimit_liquidity_proxy,0.6,5,softlimit=50,vol_ratio,-0.0954558425633518,-0.1088242097602702,-1.0921956230661063,0.8883206243464267,0.826,False,False,1.0,0.9762765957446808,False,False,context,False,False
softlimit_liquidity_proxy,0.6,10,softlimit=20,acf_abs_ret_1,-0.0251355020957089,-0.0237815494324168,-0.1071895199994959,0.04566837529164,0.536,False,False,1.0,0.9415,False,False,core_clustering,False,False
softlimit_liquidity_proxy,0.6,10,softlimit=20,acf_abs_ret_5,-0.0003259290578331,0.0010906551566979,-0.06834090300449,0.0707386446235611,0.978,False,False,1.0,0.9980000000000001,False,False,core_clustering,False,False
softlimit_liquidity_proxy,0.6,10,softlimit=20,high_vol_cluster_share,0.0220735785953176,0.0238501672240802,-0.1294593088071348,0.1764910813823857,0.774,False,True,1.0,0.9762765957446808,False,False,context,False,False
softlimit_liquidity_proxy,0.6,10,softlimit=20,vol_persistence,0.0039097184494854,0.003840457406115,-0.0038470655623072,0.0118505178259164,0.348,False,True,1.0,0.9181395348837209,False,False,core_clustering,False,False
softlimit_liquidity_proxy,0.6,10,softlimit=20,vol_ratio,-0.0404562028118946,-0.017068477249301,-0.9239439487007698,0.8537668298075978,0.98,False,False,1.0,0.9980000000000001,False,False,context,False,False
softlimit_liquidity_proxy,0.6,10,softlimit=50,acf_abs_ret_1,0.0515430470633863,0.0498152644983419,-0.0170661645397682,0.1150240570446106,0.134,False,True,1.0,0.7785365853658536,False,False,core_clustering,False,False
softlimit_liquidity_proxy,0.6,10,softlimit=50,acf_abs_ret_5,0.0863406033275709,0.0863237837856039,0.0211838348916555,0.1536199120855375,0.012,True,True,1.0,0.72,False,False,core_clustering,False,False
softlimit_liquidity_proxy,0.6,10,softlimit=50,high_vol_cluster_share,-0.0112597547380156,-0.0086736900780378,-0.1995261984392418,0.1749247491638795,0.904,False,False,1.0,0.9782005141388176,False,False,context,False,False
softlimit_liquidity_proxy,0.6,10,softlimit=50,vol_persistence,0.0088904155575408,0.0088669333544671,7.351200259883677e-06,0.0177965619547166,0.05,True,True,1.0,0.7241379310344828,False,False,core_clustering,False,False
softlimit_liquidity_proxy,0.6,10,softlimit=50,vol_ratio,0.0615418507978229,0.0513141881238091,-0.9060273313010908,1.158254395758103,0.958,False,True,1.0,0.9980000000000001,False,False,context,False,False
softlimit_liquidity_proxy,0.8,1,softlimit=20,acf_abs_ret_1,0.0264245939397824,0.0247445760004776,-0.0430414329009029,0.0908656557921978,0.46,False,True,1.0,0.919103139013453,False,False,core_clustering,False,False
softlimit_liquidity_proxy,0.8,1,softlimit=20,acf_abs_ret_5,-0.0167930796406955,-0.0179793326380451,-0.0888619525504336,0.0510370120990928,0.632,False,False,1.0,0.9548201438848921,False,False,core_clustering,False,False
softlimit_liquidity_proxy,0.8,1,softlimit=20,high_vol_cluster_share,0.0895206243032328,0.0922202898550724,-0.0721460423634337,0.2624386845039018,0.27,False,True,1.0,0.9024324324324324,False,False,context,False,False
softlimit_liquidity_proxy,0.8,1,softlimit=20,vol_persistence,-0.0016691321844863,-0.0019781380648993,-0.0119015301184854,0.0078203700564526,0.686,False,False,1.0,0.9733783783783784,False,False,core_clustering,False,False
softlimit_liquidity_proxy,0.8,1,softlimit=20,vol_ratio,0.6604757929164977,0.6858703588688624,-0.3085596177284646,1.7159447061302646,0.182,False,True,1.0,0.8219354838709677,False,False,context,False,False
softlimit_liquidity_proxy,0.8,1,softlimit=50,acf_abs_ret_1,0.012404650489993,0.0142611070760848,-0.0542247307529375,0.0817138646860244,0.674,False,True,1.0,0.9718771331058023,False,False,core_clustering,False,False
softlimit_liquidity_proxy,0.8,1,softlimit=50,acf_abs_ret_5,-0.0025091208449673,-0.0002736653978411,-0.0664878826955864,0.0600229635446711,0.976,False,False,1.0,0.9980000000000001,False,False,core_clustering,False,False
softlimit_liquidity_proxy,0.8,1,softlimit=50,high_vol_cluster_share,0.1629877369007802,0.1638709030100334,-0.0078205128205129,0.3268561872909699,0.062,False,True,1.0,0.7658823529411765,False,False,context,False,False
softlimit_liquidity_proxy,0.8,1,softlimit=50,vol_persistence,0.0027776468457129,0.0031412578810005,-0.0070202971798475,0.0132037668667061,0.568,False,True,1.0,0.9548201438848921,False,False,core_clustering,False,False
softlimit_liquidity_proxy,0.8,1,softlimit=50,vol_ratio,0.9467275637111604,0.9328269696393058,-0.1652587749403473,1.965933164667413,0.092,False,True,1.0,0.7785365853658536,False,False,context,False,False
softlimit_liquidity_proxy,0.8,3,softlimit=20,acf_abs_ret_1,0.0269865609249681,0.0277447469596968,-0.0414443561609934,0.0962624754211853,0.434,False,True,1.0,0.919103139013453,False,False,core_clustering,False,False
softlimit_liquidity_proxy,0.8,3,softlimit=20,acf_abs_ret_5,-0.0321509680180058,-0.0320809030127182,-0.1030979298765287,0.0367156800259652,0.34,False,False,1.0,0.9181395348837209,False,False,core_clustering,False,False
softlimit_liquidity_proxy,0.8,3,softlimit=20,high_vol_cluster_share,0.0057971014492752,0.001265663322185,-0.1389269788182831,0.1520819397993312,0.98,False,True,1.0,0.9980000000000001,False,False,context,False,False
softlimit_liquidity_proxy,0.8,3,softlimit=20,vol_persistence,-0.0001024269283176,-0.0001668621291112,-0.0090945877725401,0.0089958543527256,0.99,False,False,1.0,0.9980000000000001,False,False,core_clustering,False,False
softlimit_liquidity_proxy,0.8,3,softlimit=20,vol_ratio,0.1632818080878264,0.1617185577073662,-0.7777157638367059,1.2267711683924365,0.764,False,True,1.0,0.9762765957446808,False,False,context,False,False
softlimit_liquidity_proxy,0.8,3,softlimit=50,acf_abs_ret_1,-0.0265615081875288,-0.027041021251342,-0.0929996487364086,0.0375073033529389,0.434,False,False,1.0,0.919103139013453,False,False,core_clustering,False,False
softlimit_liquidity_proxy,0.8,3,softlimit=50,acf_abs_ret_5,-0.0175031156262489,-0.0182971064767709,-0.0851495536224413,0.0504461209045022,0.6,False,False,1.0,0.9548201438848921,False,False,core_clustering,False,False
softlimit_liquidity_proxy,0.8,3,softlimit=50,high_vol_cluster_share,0.0189520624303232,0.0167232998885173,-0.1392307692307691,0.1798272017837237,0.818,False,True,1.0,0.9762765957446808,False,False,context,False,False
softlimit_liquidity_proxy,0.8,3,softlimit=50,vol_persistence,-0.0033787305849612,-0.0034879857750464,-0.0135459817321341,0.0067227416431511,0.51,False,False,1.0,0.9345454545454546,False,False,core_clustering,False,False
softlimit_liquidity_proxy,0.8,3,softlimit=50,vol_ratio,0.2930481794880291,0.3113764247301513,-0.6799570568332648,1.2234359885617934,0.552,False,True,1.0,0.9501639344262296,False,False,context,False,False
softlimit_liquidity_proxy,0.8,5,softlimit=20,acf_abs_ret_1,-0.0072625305886712,-0.0062508522040868,-0.079455692314454,0.0642992991154885,0.872,False,False,1.0,0.9762765957446808,False,False,core_clustering,False,False
softlimit_liquidity_proxy,0.8,5,softlimit=20,acf_abs_ret_5,-0.0456220312832988,-0.0469999399091053,-0.1144639027404937,0.0153006101729085,0.134,False,False,1.0,0.7785365853658536,False,False,core_clustering,False,False
softlimit_liquidity_proxy,0.8,5,softlimit=20,high_vol_cluster_share,0.0858416945373465,0.0824983277591973,-0.0634671125975472,0.2325083612040133,0.268,False,True,1.0,0.9024324324324324,False,False,context,False,False
softlimit_liquidity_proxy,0.8,5,softlimit=20,vol_persistence,-0.0065920026859953,-0.0066149534003198,-0.0156483685647316,0.0020562760095515,0.138,False,False,1.0,0.7785365853658536,False,False,core_clustering,False,False
softlimit_liquidity_proxy,0.8,5,softlimit=20,vol_ratio,0.2028815698246102,0.1753897185588206,-0.8810085360148245,1.222228883583732,0.726,False,True,1.0,0.9762765957446808,False,False,context,False,False
softlimit_liquidity_proxy,0.8,5,softlimit=50,acf_abs_ret_1,-0.025409145863463,-0.0255772093836101,-0.0951670779744723,0.0423798185904595,0.46,False,False,1.0,0.919103139013453,False,False,core_clustering,False,False
softlimit_liquidity_proxy,0.8,5,softlimit=50,acf_abs_ret_5,-0.0535869922804988,-0.0526756051468027,-0.1097125331358467,0.0073050130005541,0.078,False,False,1.0,0.7785365853658536,False,False,core_clustering,False,False
softlimit_liquidity_proxy,0.8,5,softlimit=50,high_vol_cluster_share,0.0208472686733554,0.0201352285395763,-0.1445317725752509,0.1680936454849497,0.8,False,True,1.0,0.9762765957446808,False,False,context,False,False
softlimit_liquidity_proxy,0.8,5,softlimit=50,vol_persistence,-0.0058402023150471,-0.0058962505837022,-0.0156668090612014,0.003725291339349,0.2,False,False,1.0,0.8571428571428571,False,False,core_clustering,False,False
softlimit_liquidity_proxy,0.8,5,softlimit=50,vol_ratio,0.150315905723342,0.1468623032706701,-0.886917593052296,1.237432356704682,0.78,False,True,1.0,0.9762765957446808,False,False,context,False,False
softlimit_liquidity_proxy,0.8,10,softlimit=20,acf_abs_ret_1,0.0077706111888401,0.0088535616738167,-0.0574010957766158,0.0740036448494587,0.804,False,True,1.0,0.9762765957446808,False,False,core_clustering,False,False
softlimit_liquidity_proxy,0.8,10,softlimit=20,acf_abs_ret_5,-0.0058176189372653,-0.0066817240356533,-0.0671420835745718,0.0512797179118985,0.832,False,False,1.0,0.9762765957446808,False,False,core_clustering,False,False
softlimit_liquidity_proxy,0.8,10,softlimit=20,high_vol_cluster_share,0.0354515050167221,0.0345868450390189,-0.1110367892976588,0.1689130434782609,0.62,False,True,1.0,0.9548201438848921,False,False,context,False,False
softlimit_liquidity_proxy,0.8,10,softlimit=20,vol_persistence,0.0003173456754075,0.0001650575897051,-0.0088943921325693,0.0092012568496254,0.996,False,True,1.0,0.9980000000000001,False,False,core_clustering,False,False
softlimit_liquidity_proxy,0.8,10,softlimit=20,vol_ratio,-0.4600656794679203,-0.4489072572371982,-1.6712762398866836,0.7343377297439503,0.436,False,False,1.0,0.919103139013453,False,False,context,False,False
softlimit_liquidity_proxy,0.8,10,softlimit=50,acf_abs_ret_1,-0.0324084324492251,-0.0331085713583054,-0.0970269874900532,0.03234936392657,0.326,False,False,1.0,0.9063157894736843,False,False,core_clustering,False,False
softlimit_liquidity_proxy,0.8,10,softlimit=50,acf_abs_ret_5,0.0050716416948465,0.0073532538185705,-0.0506196199847978,0.0674920777531213,0.816,False,True,1.0,0.9762765957446808,False,False,core_clustering,False,False
softlimit_liquidity_proxy,0.8,10,softlimit=50,high_vol_cluster_share,0.1201783723522853,0.118086287625418,-0.0287681159420289,0.2704069119286512,0.132,False,True,1.0,0.7785365853658536,False,False,context,False,False
softlimit_liquidity_proxy,0.8,10,softlimit=50,vol_persistence,0.000799824797072,0.0007329661344661,-0.0095035189671167,0.0119893807105247,0.904,False,True,1.0,0.9782005141388176,False,False,core_clustering,False,False
softlimit_liquidity_proxy,0.8,10,softlimit=50,vol_ratio,0.2451933990009576,0.2541042052610636,-0.8577401159709994,1.3985889231785824,0.638,False,True,1.0,0.9591489361702128,False,False,context,False,False
softlimit_liquidity_proxy,1.0,1,softlimit=20,acf_abs_ret_1,-0.0010126463258535,-0.0005665905948823,-0.0825100860101415,0.0782783809137992,0.994,False,False,1.0,0.9980000000000001,False,False,core_clustering,False,False
softlimit_liquidity_proxy,1.0,1,softlimit=20,acf_abs_ret_5,-0.0014321707763523,-0.0010412563813516,-0.0595445066876326,0.0570691906826757,0.952,False,False,1.0,0.9980000000000001,False,False,core_clustering,False,False
softlimit_liquidity_proxy,1.0,1,softlimit=20,high_vol_cluster_share,-0.1412486064659976,-0.1417646599777034,-0.2964715719063547,-0.0006633221850613,0.048,True,False,1.0,0.72,False,False,context,False,False
softlimit_liquidity_proxy,1.0,1,softlimit=20,vol_persistence,0.0022756338930491,0.0020207676787426,-0.0072702079155661,0.0114550984505662,0.702,False,True,1.0,0.9753947368421052,False,False,core_clustering,False,False
softlimit_liquidity_proxy,1.0,1,softlimit=20,vol_ratio,-0.808445832616802,-0.8068553897570239,-1.94550469630949,0.2276181593411751,0.15,False,False,1.0,0.7785365853658536,False,False,context,False,False
softlimit_liquidity_proxy,1.0,1,softlimit=50,acf_abs_ret_1,-0.0322309480692813,-0.033616360534041,-0.1035668401831961,0.0414865091687149,0.376,False,False,1.0,0.9181395348837209,False,False,core_clustering,False,False
softlimit_liquidity_proxy,1.0,1,softlimit=50,acf_abs_ret_5,-0.0251328499261582,-0.0261427063823429,-0.0892798702695589,0.0380530148382085,0.428,False,False,1.0,0.919103139013453,False,False,core_clustering,False,False
softlimit_liquidity_proxy,1.0,1,softlimit=50,high_vol_cluster_share,-0.0396878483835007,-0.0407476031215162,-0.1920903010033446,0.1173188405797099,0.606,False,False,1.0,0.9548201438848921,False,False,context,False,False
softlimit_liquidity_proxy,1.0,1,softlimit=50,vol_persistence,0.0027150766424166,0.0024654041902275,-0.0067991225037737,0.0126678005910062,0.676,False,True,1.0,0.9718771331058023,False,False,core_clustering,False,False
softlimit_liquidity_proxy,1.0,1,softlimit=50,vol_ratio,-0.3310462817464121,-0.3464148602729599,-1.6992114609765103,0.9699849036345346,0.602,False,False,1.0,0.9548201438848921,False,False,context,False,False
softlimit_liquidity_proxy,1.0,3,softlimit=20,acf_abs_ret_1,0.0115297653972223,0.0122770931643633,-0.0641918725143366,0.0856024701438967,0.744,False,True,1.0,0.9762765957446808,False,False,core_clustering,False,False
softlimit_liquidity_proxy,1.0,3,softlimit=20,acf_abs_ret_5,0.0151317120022566,0.0149016795718721,-0.0447638979471175,0.0737479154979019,0.632,False,True,1.0,0.9548201438848921,False,False,core_clustering,False,False
softlimit_liquidity_proxy,1.0,3,softlimit=20,high_vol_cluster_share,-0.106243032329989,-0.1054673355629877,-0.2645234113712375,0.047179487179487,0.186,False,False,1.0,0.822680412371134,False,False,context,False,False
softlimit_liquidity_proxy,1.0,3,softlimit=20,vol_persistence,0.003390677939015,0.003355050738827,-0.0078249368215442,0.0136910272089426,0.51,False,True,1.0,0.9345454545454546,False,False,core_clustering,False,False
softlimit_liquidity_proxy,1.0,3,softlimit=20,vol_ratio,-0.4826665682050688,-0.5026202748808772,-1.4438641230570557,0.3948011735465654,0.31,False,False,1.0,0.9024324324324324,False,False,context,False,False
softlimit_liquidity_proxy,1.0,3,softlimit=50,acf_abs_ret_1,-0.0256046436575346,-0.0256032716564763,-0.1013985293604893,0.0525843938591388,0.514,False,False,1.0,0.9345454545454546,False,False,core_clustering,False,False
softlimit_liquidity_proxy,1.0,3,softlimit=50,acf_abs_ret_5,-0.044474791308344,-0.0458882616814415,-0.1137594804657305,0.0185800734901745,0.128,False,False,1.0,0.7785365853658536,False,False,core_clustering,False,False
softlimit_liquidity_proxy,1.0,3,softlimit=50,high_vol_cluster_share,-0.0347826086956523,-0.0377622073578595,-0.1906103678929765,0.1186204013377925,0.622,False,False,1.0,0.9548201438848921,False,False,context,False,False
softlimit_liquidity_proxy,1.0,3,softlimit=50,vol_persistence,-0.0051379387106439,-0.0057139807993422,-0.0175597572239971,0.0055732287529381,0.328,False,False,1.0,0.9063157894736843,False,False,core_clustering,False,False
softlimit_liquidity_proxy,1.0,3,softlimit=50,vol_ratio,-0.3268807905264377,-0.3315919537246855,-1.3898457571738094,0.6958070747028949,0.522,False,False,1.0,0.9365106382978724,False,False,context,False,False
softlimit_liquidity_proxy,1.0,5,softlimit=20,acf_abs_ret_1,-0.0121986708113259,-0.0123443698770605,-0.0991290257619469,0.0711011213530712,0.784,False,False,1.0,0.9762765957446808,False,False,core_clustering,False,False
softlimit_liquidity_proxy,1.0,5,softlimit=20,acf_abs_ret_5,0.0295811709379628,0.0308357135486616,-0.0373969488123779,0.0946971984729227,0.354,False,True,1.0,0.9181395348837209,False,False,core_clustering,False,False
softlimit_liquidity_proxy,1.0,5,softlimit=20,high_vol_cluster_share,0.0111482720178372,0.01378751393534,-0.1355992196209587,0.1617001114827202,0.854,False,True,1.0,0.9762765957446808,False,False,context,False,False
softlimit_liquidity_proxy,1.0,5,softlimit=20,vol_persistence,-0.0006680953043504,-0.0007886354535474,-0.0128164109624819,0.0114294842674822,0.874,False,False,1.0,0.9762765957446808,False,False,core_clustering,False,False
softlimit_liquidity_proxy,1.0,5,softlimit=20,vol_ratio,0.1770277425937867,0.171373464000915,-0.733067096400851,0.9795396182879752,0.672,False,True,1.0,0.9718771331058023,False,False,context,False,False
softlimit_liquidity_proxy,1.0,5,softlimit=50,acf_abs_ret_1,-0.0121957695563727,-0.0122386191667034,-0.0883320565811396,0.0613684785193323,0.752,False,False,1.0,0.9762765957446808,False,False,core_clustering,False,False
softlimit_liquidity_proxy,1.0,5,softlimit=50,acf_abs_ret_5,-0.0156529575638386,-0.0155599750283693,-0.0775742765710001,0.0412537341237023,0.626,False,False,1.0,0.9548201438848921,False,False,core_clustering,False,False
softlimit_liquidity_proxy,1.0,5,softlimit=50,high_vol_cluster_share,0.1225195094760311,0.1191498327759196,-0.0291276477146042,0.2576588628762543,0.112,False,True,1.0,0.7785365853658536,False,False,context,False,False
softlimit_liquidity_proxy,1.0,5,softlimit=50,vol_persistence,-0.004608259878034,-0.0048031397629164,-0.0164016789488932,0.0073063833953231,0.402,False,False,1.0,0.919103139013453,False,False,core_clustering,False,False
softlimit_liquidity_proxy,1.0,5,softlimit=50,vol_ratio,0.6844170000550198,0.6997525481049248,-0.2972953912312255,1.723815048801261,0.188,False,True,1.0,0.822680412371134,False,False,context,False,False
softlimit_liquidity_proxy,1.0,10,softlimit=20,acf_abs_ret_1,-0.0475681711105577,-0.0482613806814234,-0.1195096315909078,0.0249635517314663,0.23,False,False,1.0,0.8823529411764706,False,False,core_clustering,False,False
softlimit_liquidity_proxy,1.0,10,softlimit=20,acf_abs_ret_5,0.0081299572734764,0.0082915637941209,-0.0522524391648222,0.0671108027128615,0.784,False,True,1.0,0.9762765957446808,False,False,core_clustering,False,False
softlimit_liquidity_proxy,1.0,10,softlimit=20,high_vol_cluster_share,-0.0852842809364549,-0.0888467112597547,-0.2349637681159422,0.0495652173913042,0.242,False,False,1.0,0.8823529411764706,False,False,context,False,False
softlimit_liquidity_proxy,1.0,10,softlimit=20,vol_persistence,-0.0035594229562275,-0.0034680461730288,-0.0142638209371286,0.0080062100518224,0.514,False,False,1.0,0.9345454545454546,False,False,core_clustering,False,False
softlimit_liquidity_proxy,1.0,10,softlimit=20,vol_ratio,-0.3277789350777538,-0.3118385730247729,-1.1897185113807769,0.5692580765496683,0.496,False,False,1.0,0.9296,False,False,context,False,False
softlimit_liquidity_proxy,1.0,10,softlimit=50,acf_abs_ret_1,0.0094927204371101,0.0066534516313503,-0.0784475449005872,0.0931479961615351,0.85,False,True,1.0,0.9762765957446808,False,False,core_clustering,False,False
softlimit_liquidity_proxy,1.0,10,softlimit=50,acf_abs_ret_5,-0.0756600933151142,-0.0768316444599279,-0.1359499578252244,-0.0191651093396725,0.012,True,False,1.0,0.72,False,False,core_clustering,False,False
softlimit_liquidity_proxy,1.0,10,softlimit=50,high_vol_cluster_share,-0.0906354515050167,-0.0901702341137124,-0.2383974358974359,0.0568701226309919,0.248,False,False,1.0,0.8823529411764706,False,False,context,False,False
softlimit_liquidity_proxy,1.0,10,softlimit=50,vol_persistence,-0.0109574899840578,-0.0111688645028921,-0.0227974557928212,-6.445538740536853e-05,0.046,True,False,1.0,0.72,False,False,core_clustering,False,False
softlimit_liquidity_proxy,1.0,10,softlimit=50,vol_ratio,-0.361503363798648,-0.3606224842009851,-1.37846588859331,0.5475426713375894,0.478,False,False,1.0,0.919103139013453,False,False,context,False,False
