fast_share,lag,run,vol_ratio,spread_ratio,max_drawdown,mm_panic_ratio
0.0,1,0,1.4180452102795686,1.7040556348283142,0.10174418604651163,1.0
0.0,1,1,1.6451339386514827,1.8255703330356559,0.11465603190428714,0.91
0.0,1,2,1.3218255951710587,1.3017262195404893,0.09732824427480918,1.0
0.0,1,3,1.337128818618378,1.6714513710437808,0.1143667296786389,1.0
0.0,1,4,1.1784683334744985,1.1277462586904172,0.09532710280373835,1.0
0.0,1,5,1.0752723141338079,0.8793158865946686,0.1049317943336831,1.0
0.0,1,6,1.415027901266458,1.554218770380399,0.11895161290322577,0.9933333333333333
0.0,1,7,1.2151497266106652,1.156231447968461,0.10756608933454874,1.0
0.0,1,8,1.2038792036747825,1.0075136906202533,0.09734513274336289,1.0
0.0,1,9,1.408761306584689,1.8295722118381468,0.12202380952380949,1.0
0.0,1,10,3.0837555905067875,3.274141893413865,0.10131712259371833,0.9333333333333333
0.0,1,11,1.2748806184921007,1.2515037171970578,0.12339055793991416,0.8666666666666667
0.0,1,12,1.1202631623150876,1.4169152376031404,0.10880829015544041,0.82
0.0,1,13,1.7486356107999346,2.199328623849639,0.09908069458631259,0.9833333333333333
0.0,1,14,1.8933438802727818,3.4827358996915825,0.11534276387377593,0.9733333333333334
0.0,1,15,1.3647869544214737,1.591286790355164,0.09778225806451615,1.0
0.0,1,16,1.531793967725072,1.6212438210782938,0.1226130653266332,0.89
0.0,1,17,1.7998966817579258,1.8729977083619271,0.09569377990430622,0.8266666666666667
0.0,1,18,1.6289737605280485,2.183466258147246,0.10059760956175307,0.8966666666666666
0.0,1,19,2.1016963339455597,2.1115261558654215,0.15096153846153848,0.9866666666666667
0.1,1,0,1.2556429843194974,1.619971057001362,0.1734164070612669,0.99
0.1,1,1,2.2013179523763786,2.830450393036243,0.10152284263959391,0.9666666666666667
0.1,1,2,1.2113054496306896,1.9862877666987364,0.09304812834224602,1.0
0.1,1,3,1.4647141323666575,1.5665934718857366,0.11406844106463879,0.9766666666666667
0.1,1,4,0.990927252207489,0.9767836858702843,0.08518877057115196,1.0
0.1,1,5,1.725632674057279,1.1601676910668082,0.08864265927977834,0.9733333333333334
0.1,1,6,1.5951722346817954,1.5752784727773943,0.10122699386503059,0.9833333333333333
0.1,1,7,1.9870512556146998,2.152021110437314,0.1118493909191583,0.7466666666666667
0.1,1,8,5.241142594871828,9.053611833715092,0.11275026343519497,0.86
0.1,1,9,1.490779230415347,1.499965995792175,0.10019267822736024,1.0
0.1,1,10,1.549748834220493,1.6463947393377292,0.0975609756097561,0.8333333333333334
0.1,1,11,1.5686385051819949,1.6058957224996122,0.11958568738229758,0.49333333333333335
0.1,1,12,1.8033568073897526,1.8551476841042935,0.09953488372093026,0.94
0.1,1,13,1.2207087582736194,1.2402160758921736,0.09424603174603174,1.0
0.1,1,14,1.3779514683845981,2.0750008253983774,0.1686320754716981,1.0
0.1,1,15,2.1504544284307054,2.3294768892646105,0.1646511627906977,0.9833333333333333
0.1,1,16,0.8111656744487592,0.9207561435406612,0.1601049868766404,1.0
0.1,1,17,1.3753355391634143,1.676116585227188,0.0949367088607595,1.0
0.1,1,18,0.878592909305904,0.8821234277309534,0.10309278350515463,1.0
0.1,1,19,1.3547518313666094,1.2448761618551105,0.10303030303030306,1.0
0.2,1,0,2.1509633890626727,1.8840886004015298,0.10019267822736024,0.89
0.2,1,1,1.4970515518634364,1.6839257598985056,0.09732824427480918,0.95
0.2,1,2,0.9803545476132834,1.2128048915479999,0.12768496420047737,1.0
0.2,1,3,1.094136745617954,1.1001055823855075,0.1045685279187817,0.98
0.2,1,4,1.2418321631657336,1.1987362453791843,0.09318637274549095,1.0
0.2,1,5,1.3878822207177222,0.9650275155129905,0.09465791940018752,0.9533333333333334
0.2,1,6,1.6902437624786348,1.6974255489045462,0.11243781094527361,0.89
0.2,1,7,0.9732311635238451,0.9681867395082455,0.12330097087378644,0.0
0.2,1,8,1.4615988017393249,2.066245409293188,0.10564663023679412,1.0
0.2,1,9,1.5949827119393292,2.252268603798437,0.09978768577494698,1.0
0.2,1,10,1.3419951097553031,1.3287992886969782,0.0962099125364432,1.0
0.2,1,11,1.4892964539544487,1.8379544479558143,0.15944881889763768,0.9366666666666666
0.2,1,12,1.700653165258367,1.9241349557682281,0.11111111111111119,0.99
0.2,1,13,1.9824331043772392,2.7327521799913757,0.15668662674650702,0.9733333333333334
0.2,1,14,1.3528036584985477,1.4673380820609065,0.09183673469387747,1.0
0.2,1,15,1.0285958979145664,0.7724289857223626,0.08784383318544814,1.0
0.2,1,16,0.9919090751602736,1.0618854724023874,0.11575562700964627,1.0
0.2,1,17,1.3033864486715883,1.657648506665432,0.1531440162271805,1.0
0.2,1,18,1.7725793615924912,1.749073851685406,0.10721868365180476,1.0
0.2,1,19,1.2105092006139369,1.2465478458928803,0.09893307468477196,0.51
0.3,1,0,1.5098085334370381,1.9330290774977474,0.1062753036437247,1.0
0.3,1,1,1.4110760268403821,1.6799333557768037,0.0998003992015968,0.31
0.3,1,2,1.0026359011111055,0.906563816938283,0.11787072243346013,1.0
0.3,1,3,1.2485228851033074,1.3228941731958073,0.09209209209209211,1.0
0.3,1,4,1.111907666802772,1.1562457563769355,0.10465116279069764,1.0
0.3,1,5,1.4811180522745033,1.7728008593061249,0.1104536489151874,1.0
0.3,1,6,1.5140501621457056,1.341901237884868,0.09667968750000006,1.0
0.3,1,7,1.086893880765902,1.4040822680999343,0.09713701431492842,1.0
0.3,1,8,1.0180335732609098,1.1074648160729297,0.11405295315682283,1.0
0.3,1,9,1.4857265882798505,1.5313511801929474,0.09795918367346933,0.79
0.3,1,10,1.1654534273105581,1.5456888534945679,0.10683349374398468,1.0
0.3,1,11,1.2448023590213297,1.4230640816746918,0.11823647294589176,1.0
0.3,1,12,1.2227461621901115,1.5611270526329302,0.1040856031128405,1.0
0.3,1,13,1.3828609405102497,1.1163441732594366,0.12244897959183673,1.0
0.3,1,14,1.472224172749374,1.6063806559785476,0.08991825613079012,0.9566666666666667
0.3,1,15,2.1154732149382096,2.139752175030798,0.10526315789473682,0.9466666666666667
0.3,1,16,1.164257092890803,1.4900220939383204,0.1404072883172561,1.0
0.3,1,17,1.593417827447762,1.7306763924018809,0.11741682974559686,0.96
0.3,1,18,0.8697867280662506,1.1446348511656625,0.15329949238578675,1.0
0.3,1,19,1.5667446225492474,1.2034846218381128,0.09513742071881608,1.0
0.4,1,0,1.2757828708525687,1.4609481572043523,0.09869083585095667,1.0
0.4,1,1,1.1014221981433097,1.230556270753757,0.1017293997965412,1.0
0.4,1,2,1.0216783801797285,1.452272609166462,0.10885805763073642,1.0
0.4,1,3,1.5758812123927497,1.619233111610432,0.1301435406698564,1.0
0.4,1,4,1.796438258961571,1.71029082552199,0.10344827586206891,0.9666666666666667
0.4,1,5,0.9576216032505294,1.2531110481539072,0.14656964656964666,1.0
0.4,1,6,0.9262239817778936,1.0557215751125184,0.09624197983501376,1.0
0.4,1,7,1.4570534471590197,1.4418057483202114,0.10597302504816956,1.0
0.4,1,8,1.8018517998595158,1.9594526955590483,0.15171755725190833,0.97
0.4,1,9,1.2348022628872597,1.3632212110226167,0.10831509846827139,1.0
0.4,1,10,0.9234974433349687,1.4055189013287273,0.13011542497376696,1.0
0.4,1,11,1.4920075401409854,1.5478897957555917,0.0808597748208803,0.9966666666666667
0.4,1,12,1.4559179978878884,1.650238889150577,0.14328657314629256,0.97
0.4,1,13,1.7871839434207974,1.69113741281493,0.09650053022269348,1.0
0.4,1,14,1.9786764793011733,2.161752003526339,0.10019267822736024,1.0
0.4,1,15,1.5058737454333606,1.266515361910684,0.11087645195353749,1.0
0.4,1,16,1.2471634861821954,1.7355017099476107,0.1389728096676737,1.0
0.4,1,17,1.1168358911334237,1.1407806318847955,0.09980988593155893,1.0
0.4,1,18,1.45785652051805,2.370757961318897,0.12176724137931032,1.0
0.4,1,19,1.2157747451500753,1.446886617836413,0.10762331838565031,1.0
0.5,1,0,1.1446494840441057,1.3519529643366754,0.08983666061705994,1.0
0.5,1,1,1.4729641031961114,2.152224989721124,0.17490494296577952,1.0
0.5,1,2,1.2599310403477815,1.118562791575293,0.12288135593220348,1.0
0.5,1,3,1.167274365501004,1.2232275992778774,0.09775171065493646,1.0
0.5,1,4,1.1132158634689722,1.2166551053287726,0.16263736263736261,1.0
0.5,1,5,1.5622793733897264,1.4996659183279781,0.15133531157270028,1.0
0.5,1,6,1.1311208774048083,1.479587010599666,0.09849246231155775,1.0
0.5,1,7,1.3020650674029977,1.349884759650444,0.10939112487100111,1.0
0.5,1,8,1.2293390546798517,0.9665403695078029,0.07824591573516762,1.0
0.5,1,9,1.0597735652019344,1.101904092860507,0.11693989071038255,1.0
0.5,1,10,1.323109681538425,1.6062873877163923,0.10330578512396695,0.9666666666666667
0.5,1,11,1.1616041255511742,0.9610011583508844,0.1029684601113172,1.0
0.5,1,12,1.5892738196995428,1.221440112821283,0.10536044362292056,1.0
0.5,1,13,1.2511716908787949,1.8398055087909573,0.12808460634547583,1.0
0.5,1,14,1.6300822316324497,1.9367490125428717,0.10214007782101167,1.0
0.5,1,15,1.3549701294410745,1.6880157645635263,0.09302325581395357,0.9866666666666667
0.5,1,16,1.2934413731488874,1.5256358027554615,0.10474308300395264,0.9766666666666667
0.5,1,17,1.0268837186421917,1.3794926254504494,0.12023121387283243,1.0
0.5,1,18,1.487070183663337,1.6792233156652467,0.09869083585095667,0.9966666666666667
0.5,1,19,1.3568897172816141,1.2400623374878208,0.10598111227701988,1.0
0.6,1,0,0.9053632556943775,1.2375809450179902,0.1326424870466321,1.0
0.6,1,1,0.9594228807870463,1.094704462595442,0.10080645161290322,1.0
0.6,1,2,1.0691654844677776,1.2268568880663402,0.10455486542443058,1.0
0.6,1,3,1.0502408847752867,1.1609078303349092,0.12097669256381789,1.0
0.6,1,4,1.0681202505624245,1.363520820063522,0.11651469098277609,1.0
0.6,1,5,1.0067469121362453,1.2942174132771727,0.10638297872340426,1.0
0.6,1,6,1.2345085894657846,1.2934309469648237,0.12608277189605396,1.0
0.6,1,7,1.45957889344772,1.941798817444877,0.09330819981149852,1.0
0.6,1,8,1.249187030128262,1.269731086866441,0.1054766734279918,1.0
0.6,1,9,1.553024635586286,1.7903839415506195,0.12703252032520324,1.0
0.6,1,10,1.4503063057633458,1.4549877255568555,0.11167002012072443,1.0
0.6,1,11,1.0340670450872746,1.2963026661257397,0.08826479438314942,1.0
0.6,1,12,1.2471402600053705,1.2465042591552336,0.22535211267605637,1.0
0.6,1,13,1.3637966735846703,1.3085105789735327,0.10366972477064218,1.0
0.6,1,14,1.3177309318403623,1.5219836520808376,0.12465627864344633,1.0
0.6,1,15,2.0215168088721063,2.265757628335458,0.11589743589743587,0.98
0.6,1,16,0.9482701856353598,1.2447421200158582,0.1107561235356763,0.9866666666666667
0.6,1,17,1.5278364861570102,1.3422603492046354,0.13560804899387577,1.0
0.6,1,18,1.2300491355206205,1.3591338308987064,0.11907164480322904,1.0
0.6,1,19,1.366174269608276,1.8676957761890807,0.10278372591006432,1.0
0.7,1,0,1.0743092132984655,1.1847619570156747,0.11086474501108647,1.0
0.7,1,1,1.09092630401307,1.1185461632685152,0.09980430528375736,1.0
0.7,1,2,1.2617476970304808,1.7252133628052035,0.1028938906752411,1.0
0.7,1,3,1.4317016356382444,1.8244454148724125,0.11684210526315783,0.9966666666666667
0.7,1,4,1.0188892503688363,1.0007686779714553,0.07400555041628122,1.0
0.7,1,5,1.0777671247074472,0.9719237717566679,0.09596412556053814,1.0
0.7,1,6,1.8275457707840872,2.401432266660632,0.10131712259371833,0.97
0.7,1,7,1.1729924150638742,1.2181955562177753,0.09948717948717951,1.0
0.7,1,8,1.0942651537736343,1.114819853188029,0.1045685279187817,1.0
0.7,1,9,2.4845635764178633,1.9776691089929852,0.12443642921550957,1.0
0.7,1,10,1.3283879894880668,1.192157129925564,0.08952187182095624,1.0
0.7,1,11,1.0701621636359608,1.3776459730415918,0.16773017319963543,1.0
0.7,1,12,1.2238200497826421,1.7142122545860972,0.11003236245954695,1.0
0.7,1,13,1.1956141068792214,1.5124601530806587,0.17374517374517376,1.0
0.7,1,14,1.1430934158212354,1.239194522798056,0.11062906724511934,1.0
0.7,1,15,1.5138663938858168,2.044565609373167,0.13015873015873014,1.0
0.7,1,16,1.0561962516866972,0.9521235854206632,0.11020408163265304,1.0
0.7,1,17,1.5763217271931385,1.460658515143999,0.09267431597528684,1.0
0.7,1,18,1.224168609870822,1.212444651308522,0.09482758620689652,1.0
0.7,1,19,2.6155594208662962,2.9458311418485863,0.09552238805970144,0.9733333333333334
0.8,1,0,1.616864432808956,2.4856172988909204,0.10602409638554214,1.0
0.8,1,1,1.584943176654152,1.8612002932472202,0.1051051051051051,1.0
0.8,1,2,1.5101441936263698,1.6246257694695303,0.11028037383177568,1.0
0.8,1,3,1.2621518504909564,1.1788182137244927,0.10541871921182269,1.0
0.8,1,4,0.8764478701862545,0.9396556977298769,0.13027179006560455,1.0
0.8,1,5,1.0809947413532397,1.1409741053162519,0.10652173913043475,1.0
0.8,1,6,1.4848609943404831,1.636396736161909,0.1184466019417476,0.9533333333333334
0.8,1,7,1.4343300074377852,1.1817869218702075,0.10985626283367558,1.0
0.8,1,8,1.4503745714609442,1.503505080836965,0.08745583038869263,1.0
0.8,1,9,1.5797871315233922,1.632733094904598,0.142550911039657,1.0
0.8,1,10,1.4466551797123572,1.593442283712688,0.1385199240986718,1.0
0.8,1,11,1.1026354200222408,1.2220907193242327,0.09648241206030145,1.0
0.8,1,12,1.1540187074807462,1.8729304151488018,0.12672811059907835,0.99
0.8,1,13,1.6445994244711934,1.8554229627650294,0.17326732673267325,1.0
0.8,1,14,1.1160291126111528,1.4041768193466706,0.0982419855222337,1.0
0.8,1,15,0.9532171286507138,1.001475082644118,0.11852589641434268,1.0
0.8,1,16,1.2821428495154394,1.3941460038439308,0.09325396825396817,1.0
0.8,1,17,1.2383874434890156,1.228436024804321,0.11249999999999998,1.0
0.8,1,18,1.3464049417712745,1.6331594248781225,0.10309278350515463,1.0
0.8,1,19,1.1396431431922043,1.269781118169343,0.10256410256410256,1.0
0.9,1,0,2.2421012180351068,2.9962362572540813,0.11919191919191917,0.9733333333333334
0.9,1,1,1.4647025729352783,1.4355747574020532,0.09528487229862478,1.0
0.9,1,2,1.0632684323610746,1.4392764096052566,0.10327706057596828,1.0
0.9,1,3,1.0766197356762253,1.2056612885391427,0.10729166666666663,1.0
0.9,1,4,1.2058883316187268,1.230023280715599,0.10821643286573143,1.0
0.9,1,5,1.5670459373885792,1.5519727441864797,0.1158605174353207,1.0
0.9,1,6,1.083738465771683,1.3602565035039083,0.125,1.0
0.9,1,7,1.8272047625254666,1.803070207017549,0.10638297872340426,1.0
0.9,1,8,1.7014173045041794,1.3798956559465045,0.10841121495327098,1.0
0.9,1,9,1.1439106317431682,1.333993089574839,0.12115732368896918,1.0
0.9,1,10,1.3993061133422575,1.2946284737176115,0.09463414634146344,1.0
0.9,1,11,1.8100966905877964,1.9000109959634628,0.1841004184100418,1.0
0.9,1,12,1.3434906957939228,2.129718946983832,0.10805300713557589,0.7633333333333333
0.9,1,13,1.9057290164498482,2.321977424055818,0.11234817813765177,1.0
0.9,1,14,1.1392465781031713,1.142888798432585,0.10189075630252103,1.0
0.9,1,15,1.8647173864559514,1.8371228244907716,0.10505836575875484,0.9633333333333334
0.9,1,16,1.7796490250272667,1.0400576796161574,0.10400000000000002,1.0
0.9,1,17,1.552928010327315,1.176028642290789,0.08467741935483876,1.0
0.9,1,18,1.1977939893417398,1.1569248701364583,0.11153119092627597,1.0
0.9,1,19,1.7272448609687676,2.0244384161638607,0.19289340101522842,0.9933333333333333
1.0,1,0,0.9525310441486982,1.1100284019845097,0.09508881922675035,1.0
1.0,1,1,1.449307161228994,1.4638633572970425,0.1273584905660377,1.0
1.0,1,2,1.2906675036900237,1.0770621139810987,0.09246575342465752,1.0
1.0,1,3,1.2548402768027105,1.113782708029845,0.09742647058823524,1.0
1.0,1,4,2.209083052866543,3.9347940664884127,0.11075949367088608,0.9833333333333333
1.0,1,5,1.8436659982237225,1.4915307866859007,0.10565338276181654,1.0
1.0,1,6,1.4460396476118307,1.8238533310538085,0.10412147505423003,1.0
1.0,1,7,1.5728588953936353,1.5206411271952303,0.09929789368104318,0.9933333333333333
1.0,1,8,1.17465258951232,1.1444393278065617,0.1314741035856574,1.0
1.0,1,9,1.0075548903108567,1.2568499086001943,0.10038986354775827,1.0
1.0,1,10,1.323127199275988,1.0373820010233532,0.11003236245954695,1.0
1.0,1,11,1.0776976397569022,1.195549456386102,0.09873949579831938,1.0
1.0,1,12,1.1211073334123642,1.2748095174952105,0.09794319294809012,1.0
1.0,1,13,1.38779302884441,1.5426111861911642,0.11732355637030245,1.0
1.0,1,14,1.8164566100566077,1.936738811406457,0.10625000000000002,0.96
1.0,1,15,1.4553919682567504,1.419962427214388,0.09471766848816021,1.0
1.0,1,16,1.1775933437164028,1.0729362514271432,0.10839843750000008,1.0
1.0,1,17,1.111547073411514,0.9205498015002269,0.09433962264150944,1.0
1.0,1,18,1.5100316468587929,1.0822829359339334,0.08836789900811552,0.5366666666666666
1.0,1,19,1.251499244094698,1.4273930494476341,0.09898989898989896,1.0
0.0,2,0,1.9558538423533687,1.9811384716172709,0.10914179104477614,1.0
0.0,2,1,1.4565710015737516,0.9901407845352493,0.11,0.36333333333333334
0.0,2,2,0.8866349312510684,1.0436032655711012,0.09532888465204957,1.0
0.0,2,3,1.6236402418296465,1.992906273082912,0.11275026343519497,0.5966666666666667
0.0,2,4,1.614480209481946,1.3334935875175902,0.11405295315682283,1.0
0.0,2,5,2.8164844703704186,3.0035477623526368,0.10521140609636187,0.08
0.0,2,6,2.4793040490905933,2.483868143618765,0.10253807106598979,0.8066666666666666
0.0,2,7,1.2122067886001198,1.5218482035363772,0.10714285714285716,1.0
0.0,2,8,2.393504105352638,2.099483519736491,0.11415094339622636,0.84
0.0,2,9,1.5622945421092231,1.41363301702033,0.1134020618556701,0.8933333333333333
0.0,2,10,1.3412321680438752,1.0632113736695425,0.10227272727272718,0.0
0.0,2,11,1.822122643487763,1.9444058793466383,0.14498510427010933,0.9333333333333333
0.0,2,12,1.8708905733373047,1.8980703682105122,0.10852713178294576,0.9666666666666667
0.0,2,13,1.213298884692228,1.4933680416879789,0.10796645702306092,1.0
0.0,2,14,1.154837128519778,1.0086371219891737,0.1044932079414838,1.0
0.0,2,15,1.5290554056833712,1.5998502033377302,0.12024048096192386,1.0
0.0,2,16,1.1921501423753658,1.334249432383045,0.10886644219977541,1.0
0.0,2,17,1.475956344330086,1.1679789392950115,0.0865168539325843,1.0
0.0,2,18,1.6061241219435913,1.6755205041131187,0.1224279835390947,0.5066666666666667
0.0,2,19,1.5857515437340002,1.4274075046078496,0.10615711252653927,0.99
0.1,2,0,1.2870337373783758,1.3101911682264888,0.13145539906103287,1.0
0.1,2,1,1.1982738379067348,1.0115618326755418,0.09354536950420954,1.0
0.1,2,2,1.3318113020437299,1.3561631808093682,0.09205426356589147,1.0
0.1,2,3,1.5028422904248773,1.3498768235008092,0.09107468123861567,0.92
0.1,2,4,1.5121459332356368,2.0433208504617775,0.2379935965848452,0.9866666666666667
0.1,2,5,1.5216748844979575,1.3013746268110864,0.09528301886792448,1.0
0.1,2,6,1.2118815452758422,1.0617392212279082,0.09902912621359226,0.89
0.1,2,7,1.8561009726599982,2.3950705255597193,0.13894736842105265,0.9666666666666667
0.1,2,8,1.1604143243898517,1.2825083225362581,0.10695187165775401,1.0
0.1,2,9,1.9112143685210807,2.252149380282377,0.10416666666666667,0.74
0.1,2,10,1.0570868439669683,1.2631834804300017,0.09792284866468835,0.0
0.1,2,11,2.2345079854109873,2.1303766859033613,0.09613478691774036,0.9933333333333333
0.1,2,12,1.3890709051351913,1.952583152421056,0.10675381263616555,1.0
0.1,2,13,1.4003565023036602,1.4781005289555171,0.10675808031341814,1.0
0.1,2,14,1.2221981877442831,1.10298636093425,0.09969481180061035,0.77
0.1,2,15,1.3793127707930766,1.9546487017319694,0.09815950920245393,0.18
0.1,2,16,1.6445653709803072,2.3005219247873394,0.10636079249217938,0.91
0.1,2,17,1.0152624839535251,0.9888188554271992,0.10358565737051798,1.0
0.1,2,18,0.9781495512390597,0.9377380064412052,0.2193548387096774,0.0
0.1,2,19,0.9691825267332691,1.2434244351284998,0.10183299389002036,1.0
0.2,2,0,1.5105351842607644,1.9433663869571394,0.11668372569089054,0.8333333333333334
0.2,2,1,2.053066569628821,1.6369713179744398,0.08831400535236389,0.9133333333333333
0.2,2,2,1.3846003961921043,1.4210646083939185,0.13847583643122668,0.9733333333333334
0.2,2,3,1.7994942047975535,1.5496556397931782,0.14503042596348883,1.0
0.2,2,4,1.1079627537442978,1.0743616930143316,0.11759259259259262,1.0
0.2,2,5,1.1533028155257614,1.056865733326002,0.10604651162790703,1.0
0.2,2,6,1.0714568361666563,1.1198121835762966,0.09830866807610991,1.0
0.2,2,7,1.9374004329576389,2.428024388979288,0.10348258706467667,0.9266666666666666
0.2,2,8,1.4354323849905108,1.1213213311797379,0.10096153846153846,1.0
0.2,2,9,1.1335104840428234,1.2249516530533788,0.10721247563352827,1.0
0.2,2,10,0.9013600002502314,0.9030743886921644,0.10635964912280704,1.0
0.2,2,11,1.2924997241557266,1.5496678698789665,0.09940944881889759,0.96
0.2,2,12,1.5833368610469387,1.330452089479432,0.100418410041841,1.0
0.2,2,13,1.4975816693603368,1.48437979307668,0.09970089730807577,0.9466666666666667
0.2,2,14,1.5803925471090101,1.8450607714545872,0.1385365853658537,0.98
0.2,2,15,1.0210423028701936,1.152443408282811,0.08982035928143713,1.0
0.2,2,16,1.3883540672367345,1.5277294977711264,0.10478128179043741,0.9966666666666667
0.2,2,17,1.2952280409536716,1.4764870798947463,0.13832853025936592,0.9966666666666667
0.2,2,18,1.6800588440972308,1.6133618994716985,0.10618556701030925,0.8733333333333333
0.2,2,19,1.6787298169455533,2.2020739770827684,0.147605083088954,0.97
0.3,2,0,1.2288689190692104,1.161314150108282,0.10717896865520736,1.0
0.3,2,1,1.4760793098013425,1.386936092782529,0.10195674562306892,1.0
0.3,2,2,2.03198988197019,2.2051784542754356,0.13677811550151975,0.9766666666666667
0.3,2,3,1.4144883830162875,1.1607328253666884,0.10259067357512959,1.0
0.3,2,4,1.62515798853573,1.7129662225165365,0.09823182711198429,0.75
0.3,2,5,1.5537277973807386,1.5119099535751221,0.1413760603204524,1.0
0.3,2,6,1.3534805900586622,1.6787198616663832,0.0809426229508196,1.0
0.3,2,7,1.2254407834534502,1.6144981938211171,0.10851063829787237,1.0
0.3,2,8,1.2238155113184646,1.544849227178382,0.11041666666666661,1.0
0.3,2,9,1.3523610297197335,1.344648455067,0.102880658436214,0.9733333333333334
0.3,2,10,1.3289562392923873,1.5660355950731049,0.09501411100658509,0.98
0.3,2,11,1.2983960688354137,1.136896810731868,0.11918604651162788,1.0
0.3,2,12,1.9723724076805953,1.893299990355147,0.09033989266547401,0.9733333333333334
0.3,2,13,1.1133330001817148,0.975469465316205,0.13947368421052636,1.0
0.3,2,14,1.1158756298948354,1.320278735643421,0.12461695607763025,1.0
0.3,2,15,2.0423886471180914,2.59629486649159,0.10366492146596865,0.95
0.3,2,16,1.0543643071956217,1.3222733944824574,0.12671594508975711,1.0
0.3,2,17,1.5603943960604552,1.4176057165468472,0.10442144873000936,1.0
0.3,2,18,1.1543984108990029,1.4644944074152888,0.14118792599805258,1.0
0.3,2,19,1.1259201598239088,1.3673280277714797,0.19003115264797504,1.0
0.4,2,0,0.8872204706791715,1.2350823417685486,0.11235955056179775,1.0
0.4,2,1,1.494867104569557,1.9168293066675273,0.1550539744847891,1.0
0.4,2,2,0.8199994091149572,0.9527967715511658,0.106776180698152,1.0
0.4,2,3,1.2785457799135123,1.139873848750621,0.10153846153846159,1.0
0.4,2,4,1.2346634204272648,1.3182265373906874,0.0997038499506416,1.0
0.4,2,5,1.1956082744021281,1.4291013968886246,0.10921843687374741,1.0
0.4,2,6,0.9537560971252497,1.1720884080046146,0.16281512605042017,1.0
0.4,2,7,1.7557704643920962,1.8568193693911113,0.1101604278074866,0.9333333333333333
0.4,2,8,1.5511135417165418,1.10236527107606,0.11222444889779562,1.0
0.4,2,9,1.356152707203406,1.592821573277154,0.10089020771513342,1.0
0.4,2,10,1.3746952074788736,1.7404678698946119,0.1230936819172113,0.9933333333333333
0.4,2,11,1.1864066415047327,1.3107408585457385,0.10425101214574896,1.0
0.4,2,12,1.8870303501514638,2.3106876606366207,0.10264550264550268,1.0
0.4,2,13,1.6947423293354924,1.6888666149978369,0.08829174664107488,0.9966666666666667
0.4,2,14,0.9728513905379129,1.3054810411515247,0.12891566265060245,1.0
0.4,2,15,1.6274688982649825,1.519288510237429,0.10951008645533133,1.0
0.4,2,16,1.613479802750883,1.7175190550961927,0.10120240480961919,0.9933333333333333
0.4,2,17,1.849141967336341,1.9132689938706822,0.09887005649717513,0.9866666666666667
0.4,2,18,1.4496715353983018,1.7690005733126084,0.08939096267190565,0.9733333333333334
0.4,2,19,1.9871125254875373,2.2244727809511935,0.10370370370370367,0.9766666666666667
0.5,2,0,1.323109681538425,1.6062873877163923,0.10330578512396695,0.9666666666666667
0.5,2,1,1.1616041255511742,0.9610011583508844,0.1029684601113172,1.0
0.5,2,2,1.5892738196995428,1.221440112821283,0.10536044362292056,1.0
0.5,2,3,1.2511716908787949,1.8398055087909573,0.12808460634547583,1.0
0.5,2,4,1.6300822316324497,1.9367490125428717,0.10214007782101167,1.0
0.5,2,5,1.3549701294410745,1.6880157645635263,0.09302325581395357,0.9866666666666667
0.5,2,6,1.2934413731488874,1.5256358027554615,0.10474308300395264,0.9766666666666667
0.5,2,7,1.0268837186421917,1.3794926254504494,0.12023121387283243,1.0
0.5,2,8,1.487070183663337,1.6792233156652467,0.09869083585095667,0.9966666666666667
0.5,2,9,1.3568897172816141,1.2400623374878208,0.10598111227701988,1.0
0.5,2,10,1.2437629232423053,1.2720100433042885,0.11707841031149294,0.7266666666666667
0.5,2,11,0.8406198860435206,1.0394944433522633,0.10825892857142845,1.0
0.5,2,12,1.4967652899183297,1.7434018888536194,0.10298363811357077,0.9966666666666667
0.5,2,13,1.1513227123462724,1.2445364438391047,0.1340508806262231,1.0
0.5,2,14,1.2753253015542367,1.6553024381385586,0.11145833333333337,1.0
0.5,2,15,1.171518888895802,1.2292475659769955,0.09692898272552791,1.0
0.5,2,16,1.5970241483827543,2.1648531176576085,0.140625,1.0
0.5,2,17,2.2028709498549137,1.7438918061013842,0.11261261261261261,0.9733333333333334
0.5,2,18,1.4489073281203095,1.183058566459933,0.09294012511170693,1.0
0.5,2,19,1.5401050974122512,1.57431016940914,0.08272058823529412,1.0
0.6,2,0,1.4503063057633458,1.4549877255568555,0.11167002012072443,1.0
0.6,2,1,1.0340670450872746,1.2963026661257397,0.08826479438314942,1.0
0.6,2,2,1.2471402600053705,1.2465042591552336,0.22535211267605637,1.0
0.6,2,3,1.3637966735846703,1.3085105789735327,0.10366972477064218,1.0
0.6,2,4,1.3177309318403623,1.5219836520808376,0.12465627864344633,1.0
0.6,2,5,2.0215168088721063,2.265757628335458,0.11589743589743587,0.98
0.6,2,6,0.9482701856353598,1.2447421200158582,0.1107561235356763,0.9866666666666667
0.6,2,7,1.5278364861570102,1.3422603492046354,0.13560804899387577,1.0
0.6,2,8,1.2300491355206205,1.3591338308987064,0.11907164480322904,1.0
0.6,2,9,1.366174269608276,1.8676957761890807,0.10278372591006432,1.0
0.6,2,10,2.000791500901004,4.180806453238672,0.12427409988385586,0.9833333333333333
0.6,2,11,0.9876170138082717,1.1489807341961011,0.11419753086419762,1.0
0.6,2,12,1.3741939692822085,1.300710748743436,0.12180746561886042,0.9366666666666666
0.6,2,13,1.713210856133122,1.7602705886488421,0.10583153347732178,1.0
0.6,2,14,1.4180988604653828,1.054802268411066,0.12264995523724263,1.0
0.6,2,15,1.154593798477252,1.4100286043703743,0.11344537815126048,1.0
0.6,2,16,1.330775288576619,1.516965937277175,0.10277492291880781,1.0
0.6,2,17,1.246958983924946,0.9727742386298973,0.08491418247515814,1.0
0.6,2,18,1.1708261472965245,1.7877311265888076,0.1778741865509762,1.0
0.6,2,19,1.324542444076631,2.3206407020826383,0.14832535885167455,1.0
0.7,2,0,1.3283879894880668,1.192157129925564,0.08952187182095624,1.0
0.7,2,1,1.0701621636359608,1.3776459730415918,0.16773017319963543,1.0
0.7,2,2,1.2238200497826421,1.7142122545860972,0.11003236245954695,1.0
0.7,2,3,1.1956141068792214,1.5124601530806587,0.17374517374517376,1.0
0.7,2,4,1.1430934158212354,1.239194522798056,0.11062906724511934,1.0
0.7,2,5,1.5138663938858168,2.044565609373167,0.13015873015873014,1.0
0.7,2,6,1.0561962516866972,0.9521235854206632,0.11020408163265304,1.0
0.7,2,7,1.5763217271931385,1.460658515143999,0.09267431597528684,1.0
0.7,2,8,1.224168609870822,1.212444651308522,0.09482758620689652,1.0
0.7,2,9,2.6155594208662962,2.9458311418485863,0.09552238805970144,0.9733333333333334
0.7,2,10,1.5363934415377123,1.9738688403171112,0.10151187904967594,0.9966666666666667
0.7,2,11,1.2257802428825861,1.3472394419997382,0.09823182711198429,1.0
0.7,2,12,1.4735550410104004,1.3825021915379254,0.14533820840950645,1.0
0.7,2,13,1.0416133994644752,1.3551817386596328,0.0910714285714286,1.0
0.7,2,14,1.1961649997508041,1.2098067910375043,0.09904430929626405,0.9766666666666667
0.7,2,15,0.977848502501238,1.1324299099453958,0.10992217898832682,1.0
0.7,2,16,1.2022895799774405,1.3017197039646795,0.1158714703018501,1.0
0.7,2,17,1.3454382863759797,1.3059749118307882,0.10046511627906975,1.0
0.7,2,18,1.215790351315891,1.359303862052946,0.11970534069981584,1.0
0.7,2,19,1.0809391916905846,1.3632533237418205,0.18703703703703706,1.0
0.8,2,0,1.4466551797123572,1.593442283712688,0.1385199240986718,1.0
0.8,2,1,1.1026354200222408,1.2220907193242327,0.09648241206030145,1.0
0.8,2,2,1.1540187074807462,1.8729304151488018,0.12672811059907835,0.99
0.8,2,3,1.6445994244711934,1.8554229627650294,0.17326732673267325,1.0
0.8,2,4,1.1160291126111528,1.4041768193466706,0.0982419855222337,1.0
0.8,2,5,0.9532171286507138,1.001475082644118,0.11852589641434268,1.0
0.8,2,6,1.2821428495154394,1.3941460038439308,0.09325396825396817,1.0
0.8,2,7,1.2383874434890156,1.228436024804321,0.11249999999999998,1.0
0.8,2,8,1.3464049417712745,1.6331594248781225,0.10309278350515463,1.0
0.8,2,9,1.1396431431922043,1.269781118169343,0.10256410256410256,1.0
0.8,2,10,1.6354312806008404,1.3822389516213167,0.096551724137931,1.0
0.8,2,11,1.5039126950429833,1.3348583071939224,0.11061151079136688,1.0
0.8,2,12,1.320270647250953,1.2865980042119451,0.11322549952426253,1.0
0.8,2,13,1.3002936414679735,1.1003226900838547,0.19666048237476813,0.0
0.8,2,14,1.2640551164501739,1.5208063390126092,0.10435663627152986,0.68
0.8,2,15,1.1527295734636065,0.979197475227595,0.08939096267190565,1.0
0.8,2,16,1.2066248948745524,1.3271164910867719,0.12997090203685735,1.0
0.8,2,17,1.0889665646424989,1.3520195107072739,0.09151572926596767,1.0
0.8,2,18,1.202782154284318,1.3352930777976861,0.11214953271028034,1.0
0.8,2,19,1.2373902676430804,1.0520866224018135,0.09903121636167925,1.0
0.9,2,0,1.3993061133422575,1.2946284737176115,0.09463414634146344,1.0
0.9,2,1,1.8100966905877964,1.9000109959634628,0.1841004184100418,1.0
0.9,2,2,1.3434906957939228,2.129718946983832,0.10805300713557589,0.7633333333333333
0.9,2,3,1.9057290164498482,2.321977424055818,0.11234817813765177,1.0
0.9,2,4,1.1392465781031713,1.142888798432585,0.10189075630252103,1.0
0.9,2,5,1.8647173864559514,1.8371228244907716,0.10505836575875484,0.9633333333333334
0.9,2,6,1.7796490250272667,1.0400576796161574,0.10400000000000002,1.0
0.9,2,7,1.552928010327315,1.176028642290789,0.08467741935483876,1.0
0.9,2,8,1.1977939893417398,1.1569248701364583,0.11153119092627597,1.0
0.9,2,9,1.7272448609687676,2.0244384161638607,0.19289340101522842,0.9933333333333333
0.9,2,10,1.1665297070637344,1.1421643032194138,0.14059405940594064,1.0
0.9,2,11,1.5646382320748788,1.3419950964592817,0.1155234657039711,1.0
0.9,2,12,1.2125715972555053,2.158818740168966,0.11771177117711773,1.0
0.9,2,13,2.5682996895343884,2.2483435576243767,0.11063829787234049,0.9666666666666667
0.9,2,14,1.8031827556638842,2.140602531694056,0.09727626459143969,1.0
0.9,2,15,1.0156382203438643,1.2184573793700637,0.14917695473251028,1.0
0.9,2,16,1.0923072334360402,0.948512439248349,0.09787626962142193,1.0
0.9,2,17,1.3420550968087752,1.4712201356005472,0.12994350282485875,1.0
0.9,2,18,1.4084776144847324,2.1186395815124315,0.12772925764192128,1.0
0.9,2,19,1.3597096219430977,1.398276786421248,0.0819366852886407,1.0
1.0,2,0,1.323127199275988,1.0373820010233532,0.11003236245954695,1.0
1.0,2,1,1.0776976397569022,1.195549456386102,0.09873949579831938,1.0
1.0,2,2,1.1211073334123642,1.2748095174952105,0.09794319294809012,1.0
1.0,2,3,1.38779302884441,1.5426111861911642,0.11732355637030245,1.0
1.0,2,4,1.8164566100566077,1.936738811406457,0.10625000000000002,0.96
1.0,2,5,1.4553919682567504,1.419962427214388,0.09471766848816021,1.0
1.0,2,6,1.1775933437164028,1.0729362514271432,0.10839843750000008,1.0
1.0,2,7,1.111547073411514,0.9205498015002269,0.09433962264150944,1.0
1.0,2,8,1.5100316468587929,1.0822829359339334,0.08836789900811552,0.5366666666666666
1.0,2,9,1.251499244094698,1.4273930494476341,0.09898989898989896,1.0
1.0,2,10,1.1734262429625997,1.095589224519247,0.09107806691449812,1.0
1.0,2,11,1.8634417689464298,1.9708742501844194,0.0921532846715328,1.0
1.0,2,12,0.7671730406966236,1.1792123662575413,0.10896130346232182,1.0
1.0,2,13,1.6256853821988106,1.9461776115120057,0.0946502057613169,1.0
1.0,2,14,1.7250643993681751,1.3604507352845738,0.11775878442545101,1.0
1.0,2,15,0.9593741481390857,1.2049729955895678,0.09775967413441963,1.0
1.0,2,16,1.4933082789051615,1.7813579128165908,0.15470171890798798,1.0
1.0,2,17,2.4129242358953986,2.6839953939470673,0.12086776859504135,1.0
1.0,2,18,1.5582776714022029,1.7530921493740554,0.11241446725317693,1.0
1.0,2,19,1.067447966062463,1.5920862874086816,0.1461538461538462,1.0
0.0,3,0,1.6860196817344584,1.9182570416484719,0.13645224171539963,1.0
0.0,3,1,1.4821394300854807,1.647253839426972,0.10167818361303058,0.82
0.0,3,2,1.5899756360322432,1.5879919082783418,0.12966601178781928,0.96
0.0,3,3,1.440141540538787,1.356824198339855,0.11318795430944956,1.0
0.0,3,4,1.452798191431599,1.5470872909322004,0.11075268817204298,1.0
0.0,3,5,1.413400042617518,1.8324304687399036,0.13645621181262735,1.0
0.0,3,6,0.9125814790993184,1.7912114080862631,0.117283950617284,1.0
0.0,3,7,1.453898224883033,1.5209555955654375,0.13043478260869565,1.0
0.0,3,8,2.0086645347602494,2.125473593403237,0.11278952668680768,0.9433333333333334
0.0,3,9,1.3915514860471714,1.1378987096618134,0.10562015503875974,1.0
0.0,3,10,1.8976932458034914,1.8008929315263957,0.14079422382671475,0.9133333333333333
0.0,3,11,2.3489521458333775,1.6645042102462269,0.11880165289256199,1.0
0.0,3,12,1.966164275013476,1.798357501248781,0.09659613615455381,0.9033333333333333
0.0,3,13,1.7994546952851789,1.6899360988546597,0.12272727272727273,1.0
0.0,3,14,1.8459562455746223,1.6809730740015194,0.09090909090909093,1.0
0.0,3,15,1.4017631749337478,1.8730566789989553,0.1157455683003129,0.9733333333333334
0.0,3,16,1.296185878057152,1.395695382797455,0.09631728045325781,1.0
0.0,3,17,2.112099629153595,2.8258839632838733,0.10753768844221108,0.9633333333333334
0.0,3,18,1.1871538028234254,1.5162687099958274,0.107981220657277,1.0
0.0,3,19,1.5783402625655671,1.392963601893326,0.09426987060998154,1.0
0.1,3,0,1.255861218243785,1.3196676209239373,0.11329588014981268,0.9166666666666666
0.1,3,1,1.5144949477963685,1.6324989151713625,0.10582524271844666,0.94
0.1,3,2,1.2942808348025825,1.323790903024959,0.11889596602972402,1.0
0.1,3,3,1.395369245853188,1.597520889945941,0.09812108559498947,1.0
0.1,3,4,1.535870747336906,1.6154682120794852,0.11672794117647062,1.0
0.1,3,5,1.5091787858017336,2.03946185248219,0.184549356223176,0.8966666666666666
0.1,3,6,0.8559825889601272,0.8837317494168837,0.13278008298755198,1.0
0.1,3,7,1.0957235786285582,1.3190469685066921,0.12146118721461184,0.88
0.1,3,8,1.2564473604109836,1.3331324426732014,0.10410094637223967,0.5533333333333333
0.1,3,9,1.120124159988961,1.2819470353432036,0.18878504672897198,1.0
0.1,3,10,0.9809679930381365,1.0284627310548549,0.102880658436214,1.0
0.1,3,11,1.024808540270504,1.1669027745133158,0.10232558139534884,1.0
0.1,3,12,1.3381070789775515,1.820432920732288,0.11764705882352944,0.9966666666666667
0.1,3,13,2.2329297145147637,2.363813827933192,0.10159362549800799,0.9333333333333333
0.1,3,14,1.7666372367749579,2.063831721271744,0.09869083585095667,1.0
0.1,3,15,1.2737098646724976,1.66919790550253,0.10682492581602372,0.7833333333333333
0.1,3,16,1.4248652492311638,1.7115272773488603,0.11018711018711028,0.89
0.1,3,17,1.6076415498616943,1.9129695371871267,0.13284518828451872,1.0
0.1,3,18,1.168508687967523,1.507311323837115,0.11148272017837235,0.49666666666666665
0.1,3,19,0.9198983286917491,0.9141922658676611,0.09653233364573569,1.0
0.2,3,0,1.9847869262830766,2.772684511596234,0.11318681318681316,0.9033333333333333
0.2,3,1,1.3732602854774527,1.6246667980050298,0.11068334937439846,0.94
0.2,3,2,1.4816825896873111,1.5369155950020017,0.09107468123861567,1.0
0.2,3,3,1.4173213977396832,1.4785586239920185,0.12448979591836738,0.9833333333333333
0.2,3,4,1.5204276865539752,1.4252281741006003,0.11460446247464501,0.99
0.2,3,5,0.9717467874823125,1.1136928861726292,0.1188212927756654,1.0
0.2,3,6,1.224208578466231,1.3940535656481667,0.10848549946294302,1.0
0.2,3,7,1.3236793278703993,1.155860984092689,0.09667673716012079,1.0
0.2,3,8,1.470449124181097,1.1507356577916739,0.10416666666666667,0.98
0.2,3,9,0.9335100321737969,1.4668538700791045,0.14463601532567058,1.0
0.2,3,10,1.128191836724999,1.3818173698968756,0.12547051442910914,1.0
0.2,3,11,1.847962138292417,1.8291153425603657,0.14979338842975207,1.0
0.2,3,12,1.9361377769056254,2.483356597847197,0.11739594450373532,0.52
0.2,3,13,1.0881181016388275,1.278728350830971,0.09857723577235775,1.0
0.2,3,14,1.243044492145273,1.7380088485855372,0.20066152149944877,0.48
0.2,3,15,0.9366704302127997,0.9565755097852146,0.10019267822736024,1.0
0.2,3,16,1.0783053166386998,0.9639470332580843,0.10718113612004287,1.0
0.2,3,17,1.3619007652201103,1.349359914610949,0.09674234945705822,0.9866666666666667
0.2,3,18,2.1563690848280554,1.7134191583307743,0.0966183574879227,1.0
0.2,3,19,1.5638871607416451,2.1433776459039917,0.09756097560975618,1.0
0.3,3,0,0.9464361452795651,0.924984503280402,0.08853681267474371,0.043333333333333335
0.3,3,1,0.9757753292377866,1.2768791112462725,0.18023255813953495,1.0
0.3,3,2,1.989490478714733,1.6637153159379334,0.08786231884057973,0.9833333333333333
0.3,3,3,1.1272097670972872,1.5753462888221437,0.09395348837209297,1.0
0.3,3,4,1.2219468450510889,1.7171905682460293,0.15054945054945057,1.0
0.3,3,5,2.8329935600887914,2.793368231330023,0.10396039603960396,0.8433333333333334
0.3,3,6,1.1351394907543928,1.5637622268540212,0.1274509803921569,1.0
0.3,3,7,1.576824269892563,1.6460490453581431,0.12097560975609761,0.9666666666666667
0.3,3,8,2.069555653558892,1.8696224173508218,0.09383886255924176,1.0
0.3,3,9,1.486830598930822,1.7191402190741065,0.10761904761904759,0.9866666666666667
0.3,3,10,1.0948050559815028,0.9377337963820693,0.09143968871595323,1.0
0.3,3,11,1.9584904869214972,1.895376403395845,0.09773662551440329,1.0
0.3,3,12,1.5857819082826,1.3250159543018198,0.09647495361781068,1.0
0.3,3,13,1.4893541948413256,1.7593255880126257,0.14144736842105268,1.0
0.3,3,14,1.0428257994626366,0.8185615717071965,0.1149097815764482,1.0
0.3,3,15,0.9577631854237671,1.1263093332181444,0.153920619554695,1.0
0.3,3,16,1.0833432190414825,1.5313438062063858,0.11229428848015484,1.0
0.3,3,17,1.2206111465658258,1.4288718299030432,0.0961182994454714,1.0
0.3,3,18,1.4414649466542888,1.6833146125761305,0.11714285714285712,1.0
0.3,3,19,1.4083449727666102,1.8342790757941052,0.10606060606060606,0.9366666666666666
0.4,3,0,1.390950715663384,2.0057134032541333,0.11087645195353749,0.9633333333333334
0.4,3,1,1.1090752081692405,1.3099008539830403,0.10143329658213895,1.0
0.4,3,2,1.26746350898088,1.6203405780238056,0.10690423162583514,1.0
0.4,3,3,1.4404541416563097,1.3241606740351637,0.10230692076228688,1.0
0.4,3,4,1.3484546221149278,1.3690757647441216,0.11751152073732722,1.0
0.4,3,5,1.5387813095176162,2.020094039590644,0.10330578512396695,0.9666666666666667
0.4,3,6,1.2603012564444505,1.372458127544066,0.07580174927113713,1.0
0.4,3,7,1.7204946322682015,1.7372732881223092,0.09048938134810709,0.8933333333333333
0.4,3,8,1.7460217531594373,1.18249217226722,0.09049773755656108,1.0
0.4,3,9,1.1974146472987264,1.4596853770158085,0.11123348017621139,1.0
0.4,3,10,1.1447430505621257,1.3759053223701134,0.0971488912354805,1.0
0.4,3,11,1.1070998413926392,1.349107138124231,0.10917874396135263,1.0
0.4,3,12,1.3683189282912025,1.150990292803869,0.09252669039145912,1.0
0.4,3,13,1.025181630271492,1.1150456544393887,0.11343012704174228,1.0
0.4,3,14,1.5889957916577027,1.4056011552177967,0.10828625235404896,1.0
0.4,3,15,1.3146399364560954,1.8776572981470236,0.12145748987854252,0.9666666666666667
0.4,3,16,0.9703595092295793,1.167825502111382,0.08797127468581697,1.0
0.4,3,17,1.0192172108243234,1.044033735163143,0.109717868338558,1.0
0.4,3,18,1.5264047585909704,1.55237666522686,0.1211293260473588,1.0
0.4,3,19,1.204123628916184,1.570423986668045,0.2138613861386138,1.0
0.5,3,0,1.2437629232423053,1.2720100433042885,0.11707841031149294,0.7266666666666667
0.5,3,1,0.8406198860435206,1.0394944433522633,0.10825892857142845,1.0
0.5,3,2,1.4967652899183297,1.7434018888536194,0.10298363811357077,0.9966666666666667
0.5,3,3,1.1513227123462724,1.2445364438391047,0.1340508806262231,1.0
0.5,3,4,1.2753253015542367,1.6553024381385586,0.11145833333333337,1.0
0.5,3,5,1.171518888895802,1.2292475659769955,0.09692898272552791,1.0
0.5,3,6,1.5970241483827543,2.1648531176576085,0.140625,1.0
0.5,3,7,2.2028709498549137,1.7438918061013842,0.11261261261261261,0.9733333333333334
0.5,3,8,1.4489073281203095,1.183058566459933,0.09294012511170693,1.0
0.5,3,9,1.5401050974122512,1.57431016940914,0.08272058823529412,1.0
0.5,3,10,1.3777303849275189,1.3457174261896119,0.13183279742765272,1.0
0.5,3,11,1.5982089661512549,1.7257317700857686,0.1070304302203568,0.9666666666666667
0.5,3,12,1.278945649911722,1.1523012362161595,0.09196515004840271,1.0
0.5,3,13,1.306308145854248,1.0313218925537677,0.1082802547770701,1.0
0.5,3,14,1.1453195309870687,1.2330020544921496,0.10166358595194085,1.0
0.5,3,15,1.0798431910191177,1.0963935088202084,0.07779886148007592,1.0
0.5,3,16,1.1753334106637663,1.0239146051930632,0.12306101344364018,1.0
0.5,3,17,1.4558258838007263,1.9377952912276564,0.16566265060240964,1.0
0.5,3,18,1.3179252848020957,1.232231741970184,0.0986899563318777,1.0
0.5,3,19,1.2329828768631876,1.2753512657987511,0.10907237512742089,1.0
0.6,3,0,2.000791500901004,4.180806453238672,0.12427409988385586,0.9833333333333333
0.6,3,1,0.9876170138082717,1.1489807341961011,0.11419753086419762,1.0
0.6,3,2,1.3741939692822085,1.300710748743436,0.12180746561886042,0.9366666666666666
0.6,3,3,1.713210856133122,1.7602705886488421,0.10583153347732178,1.0
0.6,3,4,1.4180988604653828,1.054802268411066,0.12264995523724263,1.0
0.6,3,5,1.154593798477252,1.4100286043703743,0.11344537815126048,1.0
0.6,3,6,1.330775288576619,1.516965937277175,0.10277492291880781,1.0
0.6,3,7,1.246958983924946,0.9727742386298973,0.08491418247515814,1.0
0.6,3,8,1.1708261472965245,1.7877311265888076,0.1778741865509762,1.0
0.6,3,9,1.324542444076631,2.3206407020826383,0.14832535885167455,1.0
0.6,3,10,0.9058455993531245,0.9552997348928356,0.08480894687791235,1.0
0.6,3,11,1.5774065636919856,1.912130688508536,0.10682492581602372,0.9833333333333333
0.6,3,12,1.3565089328093842,1.1959239560039958,0.14676113360323886,1.0
0.6,3,13,1.2300559320398488,1.258568783408092,0.08860759493670878,1.0
0.6,3,14,1.1391987681749438,1.240535592503422,0.1447661469933185,1.0
0.6,3,15,1.9004033426087463,1.5921157863216415,0.10917874396135263,0.9966666666666667
0.6,3,16,1.8968145137974999,2.7039064549045535,0.10542797494780788,0.9933333333333333
0.6,3,17,0.9496286462327489,0.912851368683766,0.13122605363984677,1.0
0.6,3,18,1.3287136680701688,1.1514668202404899,0.07889733840304179,1.0
0.6,3,19,1.7913653470127333,1.9681881944851978,0.10251256281407038,0.9833333333333333
0.7,3,0,1.5363934415377123,1.9738688403171112,0.10151187904967594,0.9966666666666667
0.7,3,1,1.2257802428825861,1.3472394419997382,0.09823182711198429,1.0
0.7,3,2,1.4735550410104004,1.3825021915379254,0.14533820840950645,1.0
0.7,3,3,1.0416133994644752,1.3551817386596328,0.0910714285714286,1.0
0.7,3,4,1.1961649997508041,1.2098067910375043,0.09904430929626405,0.9766666666666667
0.7,3,5,0.977848502501238,1.1324299099453958,0.10992217898832682,1.0
0.7,3,6,1.2022895799774405,1.3017197039646795,0.1158714703018501,1.0
0.7,3,7,1.3454382863759797,1.3059749118307882,0.10046511627906975,1.0
0.7,3,8,1.215790351315891,1.359303862052946,0.11970534069981584,1.0
0.7,3,9,1.0809391916905846,1.3632533237418205,0.18703703703703706,1.0
0.7,3,10,1.833669084436813,2.232995031040369,0.08108108108108104,1.0
0.7,3,11,1.4091792160265528,1.3982129424038072,0.12449799196787141,1.0
0.7,3,12,1.3075526673096027,1.3900215727338268,0.10867293625914322,1.0
0.7,3,13,1.2677430278911446,1.4177315015065532,0.11839323467230432,1.0
0.7,3,14,2.0809100413385133,1.8712135168652553,0.10951008645533133,0.9966666666666667
0.7,3,15,1.008331801318888,1.2673346842441553,0.14760914760914765,1.0
0.7,3,16,1.3213509314110452,1.5096794181531648,0.11301715438950544,1.0
0.7,3,17,0.8541432542171574,1.2621527173628384,0.1070663811563169,1.0
0.7,3,18,1.8257592683295383,2.2151347150656,0.0975609756097561,0.9866666666666667
0.7,3,19,1.2688137736722362,1.3047381242358624,0.09048067860508949,1.0
0.8,3,0,1.6354312806008404,1.3822389516213167,0.096551724137931,1.0
0.8,3,1,1.5039126950429833,1.3348583071939224,0.11061151079136688,1.0
0.8,3,2,1.320270647250953,1.2865980042119451,0.11322549952426253,1.0
0.8,3,3,1.3002936414679735,1.1003226900838547,0.19666048237476813,0.0
0.8,3,4,1.2640551164501739,1.5208063390126092,0.10435663627152986,0.68
0.8,3,5,1.1527295734636065,0.979197475227595,0.08939096267190565,1.0
0.8,3,6,1.2066248948745524,1.3271164910867719,0.12997090203685735,1.0
0.8,3,7,1.0889665646424989,1.3520195107072739,0.09151572926596767,1.0
0.8,3,8,1.202782154284318,1.3352930777976861,0.11214953271028034,1.0
0.8,3,9,1.2373902676430804,1.0520866224018135,0.09903121636167925,1.0
0.8,3,10,1.0832977915022608,1.30447627733861,0.10097087378640782,0.99
0.8,3,11,1.1598797961593912,1.308513868170656,0.11623246492985967,0.61
0.8,3,12,1.636857293962119,1.8569551219705775,0.11565304087736784,1.0
0.8,3,13,1.1539565674948746,1.1482660180971325,0.09934395501405818,1.0
0.8,3,14,1.2160896617304664,1.2837592084416694,0.1049445005045408,1.0
0.8,3,15,1.3681555462577943,1.7193193515401666,0.10432330827067676,0.95
0.8,3,16,1.1721107855762496,1.2865991352599861,0.09772951628825263,1.0
0.8,3,17,1.032163592200301,1.1051966442269605,0.11036036036036033,1.0
0.8,3,18,1.072876961341369,1.0720848193234744,0.09753694581280793,1.0
0.8,3,19,1.818013266222328,2.4057620835991753,0.12017167381974252,1.0
0.9,3,0,1.1665297070637344,1.1421643032194138,0.14059405940594064,1.0
0.9,3,1,1.5646382320748788,1.3419950964592817,0.1155234657039711,1.0
0.9,3,2,1.2125715972555053,2.158818740168966,0.11771177117711773,1.0
0.9,3,3,2.5682996895343884,2.2483435576243767,0.11063829787234049,0.9666666666666667
0.9,3,4,1.8031827556638842,2.140602531694056,0.09727626459143969,1.0
0.9,3,5,1.0156382203438643,1.2184573793700637,0.14917695473251028,1.0
0.9,3,6,1.0923072334360402,0.948512439248349,0.09787626962142193,1.0
0.9,3,7,1.3420550968087752,1.4712201356005472,0.12994350282485875,1.0
0.9,3,8,1.4084776144847324,2.1186395815124315,0.12772925764192128,1.0
0.9,3,9,1.3597096219430977,1.398276786421248,0.0819366852886407,1.0
0.9,3,10,1.0078813195857417,1.1405760520785098,0.11015325670498084,0.4033333333333333
0.9,3,11,1.5004799150924244,1.627669605935509,0.08673469387755102,1.0
0.9,3,12,1.3192771377880155,1.6082400527119878,0.11034482758620692,1.0
0.9,3,13,1.8770497603125602,1.5323144862501734,0.14405986903648274,1.0
0.9,3,14,1.6141307281845274,1.7562185060426587,0.09006499535747449,1.0
0.9,3,15,1.4377364009159075,1.514214922173422,0.08311229000884165,1.0
0.9,3,16,1.6312596318381773,1.198042993299497,0.10438413361169102,1.0
0.9,3,17,1.233800990961269,1.8499160649173818,0.11261261261261261,1.0
0.9,3,18,1.1326674680812594,1.781170471225704,0.10984455958549216,1.0
0.9,3,19,1.2098675466518012,1.2741293406634595,0.14314720812182735,1.0
1.0,3,0,1.1734262429625997,1.095589224519247,0.09107806691449812,1.0
1.0,3,1,1.8634417689464298,1.9708742501844194,0.0921532846715328,1.0
1.0,3,2,0.7671730406966236,1.1792123662575413,0.10896130346232182,1.0
1.0,3,3,1.6256853821988106,1.9461776115120057,0.0946502057613169,1.0
1.0,3,4,1.7250643993681751,1.3604507352845738,0.11775878442545101,1.0
1.0,3,5,0.9593741481390857,1.2049729955895678,0.09775967413441963,1.0
1.0,3,6,1.4933082789051615,1.7813579128165908,0.15470171890798798,1.0
1.0,3,7,2.4129242358953986,2.6839953939470673,0.12086776859504135,1.0
1.0,3,8,1.5582776714022029,1.7530921493740554,0.11241446725317693,1.0
1.0,3,9,1.067447966062463,1.5920862874086816,0.1461538461538462,1.0
1.0,3,10,1.6705493044169066,1.9525144839932036,0.08945386064030132,0.9866666666666667
1.0,3,11,1.2606466923545656,1.474555995525852,0.1224279835390947,1.0
1.0,3,12,0.9506232787681866,1.1638149901980557,0.10461538461538464,1.0
1.0,3,13,1.111517839996472,1.4899320043817157,0.1276381909547739,1.0
1.0,3,14,1.0424766675766275,1.2491807424298442,0.10770975056689341,1.0
1.0,3,15,0.9688526169055415,1.2433280310279875,0.10607621009268793,1.0
1.0,3,16,1.1860752515101485,1.1855067288265888,0.09852216748768473,1.0
1.0,3,17,1.4036484678228178,1.3900708690178734,0.11692650334075724,1.0
1.0,3,18,1.1010674970677756,1.3543008099936475,0.12558139534883717,1.0
1.0,3,19,1.811050073754708,1.91951318127868,0.1806763285024155,1.0
0.0,5,0,1.2983597783656802,1.3177956731408973,0.10939226519337023,1.0
0.0,5,1,2.058362400545715,2.2021443620988697,0.13565022421524672,1.0
0.0,5,2,1.260157775766676,1.120431690191099,0.1175373134328359,1.0
0.0,5,3,1.2057640282021798,1.1415290140028704,0.10917874396135263,1.0
0.0,5,4,1.6177131320107672,2.0661926259168237,0.1276371308016877,1.0
0.0,5,5,1.2635263982835616,1.211785424364094,0.09630350194552521,0.7266666666666667
0.0,5,6,1.1317390147699695,1.2576530699511803,0.0966875559534467,1.0
0.0,5,7,1.3474857502303872,1.1316911849122278,0.10810810810810811,1.0
0.0,5,8,1.1959267289981803,1.2172879468997362,0.1270718232044199,1.0
0.0,5,9,1.8293129580611647,1.6091596484286512,0.09949748743718599,0.8566666666666667
0.0,5,10,1.0337887569136492,1.328836815099987,0.11328976034858379,0.43666666666666665
0.0,5,11,1.0671639930922767,1.237200159177853,0.1065989847715736,1.0
0.0,5,12,2.0937110825490435,2.1430762950688993,0.11308203991130823,0.16
0.0,5,13,0.7664277095612482,0.8155236009940361,0.0867959372114496,1.0
0.0,5,14,1.7100080937904958,2.0589469891726844,0.10227272727272718,0.94
0.0,5,15,1.286891024062959,1.2059998892785413,0.09354536950420954,1.0
0.0,5,16,1.2968501472413845,1.3821482329448673,0.11469933184855231,1.0
0.0,5,17,1.0464764713797006,1.2149067076417346,0.11328976034858379,1.0
0.0,5,18,1.3465135794009184,1.1938691427353114,0.10070493454179255,0.5966666666666667
0.0,5,19,3.268731961527465,3.2227331317668084,0.12154150197628455,1.0
0.1,5,0,1.8667130135844738,2.6172350504597506,0.14946236559139792,1.0
0.1,5,1,1.4933355381482278,1.4923310512262717,0.09686888454011747,1.0
0.1,5,2,1.5163740327513706,1.7159620922584011,0.12611717974180736,0.5533333333333333
0.1,5,3,1.2810414926818467,1.435277666156479,0.10956175298804781,1.0
0.1,5,4,1.5478507851680547,2.2940280757990634,0.1120162932790224,1.0
0.1,5,5,1.450106806848519,1.9116429074943964,0.10615711252653927,0.94
0.1,5,6,1.6138478922262338,1.6880291782977477,0.10624315443592555,0.9733333333333334
0.1,5,7,1.8627224706396173,1.6961408860290101,0.09425493716337521,1.0
0.1,5,8,1.3718973946480415,1.7683221726858729,0.12728937728937734,1.0
0.1,5,9,1.9598466645471455,1.7119502233424084,0.10869565217391304,0.7266666666666667
0.1,5,10,1.4329846872925163,1.8780704015062222,0.10038240917782028,0.9133333333333333
0.1,5,11,1.273622302922095,1.1264666297597248,0.12827988338192423,1.0
0.1,5,12,1.6465997413956477,1.6468644653795186,0.09815950920245393,1.0
0.1,5,13,1.2174316043403866,1.5980602524308225,0.10351758793969847,0.21333333333333335
0.1,5,14,1.0973678030432488,1.2298056069435925,0.1340314136125654,1.0
0.1,5,15,1.3868378217399884,1.9730867838959842,0.12461695607763025,1.0
0.1,5,16,2.1301498933719683,2.5986285025156333,0.12136409227683058,0.9566666666666667
0.1,5,17,0.9689315232646195,1.0430320266712176,0.1193737769080235,1.0
0.1,5,18,1.9500276978881492,1.981603801888655,0.08846487424111017,0.9866666666666667
0.1,5,19,1.282767428539493,1.5889817228132235,0.12318137730358865,1.0
0.2,5,0,0.9387923001054317,1.1712369937676392,0.13209302325581398,1.0
0.2,5,1,1.2810455362856887,1.605390046021975,0.09147982062780272,1.0
0.2,5,2,1.7439615071148797,2.2374362045913143,0.15234375000000008,1.0
0.2,5,3,1.1843822006249596,1.2599089270133697,0.10440613026819928,1.0
0.2,5,4,1.9945334194264293,2.426513132115353,0.10311284046692602,0.97
0.2,5,5,1.6146612693744482,1.4522656795500817,0.13812154696132597,0.98
0.2,5,6,1.220513178890411,1.2076807518015646,0.11374876360039565,1.0
0.2,5,7,1.486711555833972,1.7998155289178253,0.10029498525073749,0.8266666666666667
0.2,5,8,1.3656112064899149,1.7100523918186408,0.11237113402061862,0.97
0.2,5,9,0.9746789632928229,1.1650850515117253,0.08723021582733816,1.0
0.2,5,10,0.9849440343768668,1.1906279099646329,0.10303030303030306,0.9733333333333334
0.2,5,11,1.5254047815497005,1.727429619921461,0.0991902834008097,0.0
0.2,5,12,1.356805273958517,1.1314397394993128,0.10265183917878529,0.9833333333333333
0.2,5,13,1.1913755055997848,1.2952002185438984,0.14099783080260303,1.0
0.2,5,14,1.6708834044515868,1.5124852507937259,0.10857142857142862,1.0
0.2,5,15,1.4783055130146692,1.4384250354380972,0.10398445092322646,0.9533333333333334
0.2,5,16,1.1042665678261043,1.2242101362280466,0.11564625850340139,1.0
0.2,5,17,1.0542631728637448,1.4160294287446347,0.10033444816053512,1.0
0.2,5,18,1.156957705565073,1.187156360708759,0.09990574929311966,1.0
0.2,5,19,1.156927237458033,1.3179475449161675,0.1044624746450304,1.0
0.3,5,0,1.3159339202941627,1.8383335087725123,0.10315789473684207,1.0
0.3,5,1,1.5021452119966037,1.8393560433227787,0.10029791459781537,0.0
0.3,5,2,1.1280131998272351,1.945102739869203,0.11802575107296137,1.0
0.3,5,3,1.3702565534188498,1.9003481659084176,0.11512195121951217,1.0
0.3,5,4,1.1249730244757592,1.3212808366624191,0.08932038834951458,1.0
0.3,5,5,1.148964055904566,0.917942328482664,0.09272097053726172,1.0
0.3,5,6,1.070877857645624,1.6537422131058492,0.12391573729863692,1.0
0.3,5,7,1.3154735124930241,1.210061414674736,0.1005535055350554,1.0
0.3,5,8,1.3057420753481668,1.4168287229113044,0.10021097046413502,1.0
0.3,5,9,1.0756671915632876,1.438782851236853,0.12085769980506815,0.99
0.3,5,10,1.2186372015308866,1.2777120875620234,0.1147186147186148,1.0
0.3,5,11,1.2840531671687363,1.8879376156391818,0.17261904761904753,0.99
0.3,5,12,1.67698932589385,2.583283192632024,0.14705882352941177,1.0
0.3,5,13,1.345278599211838,1.6885586071557406,0.10010010010010009,1.0
0.3,5,14,1.0693026654498934,1.137035970581557,0.10861423220973777,1.0
0.3,5,15,1.393460122267282,1.3235494442925677,0.10027598896044163,1.0
0.3,5,16,1.3291033650199533,1.0419185942937899,0.08646288209606992,1.0
0.3,5,17,1.3265693162774796,1.6566780592935226,0.22007366482504598,0.9966666666666667
0.3,5,18,1.0562476378450212,1.2767993238937752,0.09551098376313276,0.05
0.3,5,19,1.2471863243405374,1.3343110683143953,0.11682242990654207,1.0
0.4,5,0,1.125725566461729,1.9268040782187017,0.1062231759656653,1.0
0.4,5,1,1.105248150333106,1.2938913145352873,0.12183353437876969,1.0
0.4,5,2,0.9046179017094017,0.8977981495140693,0.10784313725490197,1.0
0.4,5,3,1.2186586655475207,1.3200130322265542,0.10223953261927946,1.0
0.4,5,4,1.6958468738644936,1.8631410566550284,0.10131712259371833,1.0
0.4,5,5,1.6624136032090682,1.500082053140117,0.1398058252427185,1.0
0.4,5,6,1.7482724758063255,2.0120042180693,0.10792951541850218,1.0
0.4,5,7,1.0310248761903766,1.2721186677668956,0.09961685823754794,1.0
0.4,5,8,1.3423634497050967,1.409794105117047,0.10569948186528501,1.0
0.4,5,9,0.9792812585207089,1.0465849274197243,0.10269192422731802,1.0
0.4,5,10,1.1907320675896602,1.0956705386411527,0.1429880843263061,1.0
0.4,5,11,1.087383526093115,1.0096794017935038,0.09169363538295577,1.0
0.4,5,12,1.3039592183781001,1.1742785201666184,0.11332633788037773,1.0
0.4,5,13,0.9590659123381485,1.0852779000759927,0.09690721649484542,1.0
0.4,5,14,0.945546844869483,1.1671805562873603,0.10374331550802142,1.0
0.4,5,15,1.4827328362024055,1.822328414646653,0.09149130832570906,1.0
0.4,5,16,1.0699546556570476,1.3352085018919029,0.11271975180972084,1.0
0.4,5,17,2.4461781555388873,2.303713373560081,0.10465116279069764,0.9066666666666666
0.4,5,18,1.348791732300188,1.4944745728140714,0.11538461538461539,1.0
0.4,5,19,1.6678362380973388,1.6982611100294185,0.099601593625498,0.9733333333333334
0.5,5,0,1.5623079927609644,1.8395119249048528,0.16239316239316234,1.0
0.5,5,1,1.7279829855976303,1.872037740499319,0.10638297872340426,1.0
0.5,5,2,1.578305430040275,1.3952481878775513,0.10359408033826636,0.9966666666666667
0.5,5,3,1.7621152064611398,1.2997393404710182,0.07250755287009067,1.0
0.5,5,4,1.1676189731188804,1.3042998019739565,0.13461538461538458,1.0
0.5,5,5,1.5334569518169465,2.278028499249911,0.184549356223176,0.96
0.5,5,6,1.2351823912386444,1.797869020206553,0.11469933184855231,1.0
0.5,5,7,1.379266134778203,1.2730845550003829,0.09922178988326852,1.0
0.5,5,8,1.6683204259486928,1.6637256940359058,0.1389172625127682,1.0
0.5,5,9,1.0885760136690816,1.055719938915783,0.1069958847736626,1.0
0.5,5,10,1.509223824251827,1.3020160011891646,0.08318425760286223,1.0
0.5,5,11,0.8527507927878454,0.9476632580434954,0.10996916752312438,1.0
0.5,5,12,1.2528758137683944,1.3648410434335303,0.0999020568070518,1.0
0.5,5,13,1.2037893916386517,1.1983580440990702,0.09970958373668923,1.0
0.5,5,14,1.2232138520131666,1.238155189799105,0.13428571428571423,1.0
0.5,5,15,1.5359338904752096,2.1167310220315527,0.1323529411764706,1.0
0.5,5,16,0.9789721128281547,0.9558166310323225,0.08224674022066202,1.0
0.5,5,17,1.1473680312052348,1.4201200106638359,0.1281512605042017,1.0
0.5,5,18,1.1789253027058577,1.1118918328656955,0.09278350515463918,1.0
0.5,5,19,1.4395589722894038,1.7448970565237136,0.11740890688259104,1.0
0.6,5,0,1.1214382682375295,0.9951136069270211,0.10452961672473868,1.0
0.6,5,1,1.8742256062523026,2.3882530467593894,0.11495535714285712,1.0
0.6,5,2,1.4182700881292059,1.4682263244407006,0.10762800417972829,1.0
0.6,5,3,1.4897230033296984,1.6829319752472,0.14767932489451477,1.0
0.6,5,4,2.866833855308238,2.493339459954227,0.10844629822732017,0.9966666666666667
0.6,5,5,0.8206048117194541,1.223058511672141,0.08242753623188413,1.0
0.6,5,6,1.602819502053774,1.4824300646306119,0.11100196463654222,1.0
0.6,5,7,1.4351921038861373,1.4151831120781246,0.0907258064516129,1.0
0.6,5,8,1.423138928939998,1.4166345148147872,0.15113871635610762,1.0
0.6,5,9,1.3630093354126969,1.1991777181408525,0.10289710289710287,1.0
0.6,5,10,1.2688380290397905,1.437931083283793,0.09472656250000003,1.0
0.6,5,11,1.4083917777083284,1.4337062921942565,0.09317343173431741,1.0
0.6,5,12,1.4123323550680869,1.4743154969502383,0.1354466858789625,1.0
0.6,5,13,1.003747542506363,1.03519338680921,0.17487437185929655,1.0
0.6,5,14,1.07274896833223,1.252782789311822,0.1338432122370937,1.0
0.6,5,15,1.6056450705786969,1.655035386776881,0.1164021164021164,0.99
0.6,5,16,1.3974607089552353,1.123740414195556,0.12159533073929961,0.9866666666666667
0.6,5,17,1.276889693067661,1.267207151686997,0.12160000000000003,1.0
0.6,5,18,1.2183297089346068,1.2051351588376982,0.10125260960334033,1.0
0.6,5,19,1.1041401197972989,1.5966983698297823,0.11145194274028622,0.9933333333333333
0.7,5,0,1.0604447826811403,1.0385340636355782,0.10978043912175649,1.0
0.7,5,1,1.2380181666560093,1.3224412592557908,0.1074718526100307,1.0
0.7,5,2,1.2300240245827392,1.4083774268551226,0.09569377990430622,1.0
0.7,5,3,1.2949554306002709,1.4792365370134064,0.1818181818181817,1.0
0.7,5,4,1.8861231689563998,1.2796600426275069,0.12290008841732973,1.0
0.7,5,5,1.47520389109053,1.1570682028428185,0.12299465240641709,1.0
0.7,5,6,1.644541878491777,1.3219110378419507,0.09970674486803523,1.0
0.7,5,7,1.3775955099313242,1.3608957288766481,0.10315789473684207,0.98
0.7,5,8,1.2047938553141644,1.273517952158383,0.1005535055350554,1.0
0.7,5,9,1.7259710901116636,2.2812413209757527,0.10410094637223967,0.9566666666666667
0.7,5,10,1.2836278817662552,1.2853684685575313,0.13000977517106546,1.0
0.7,5,11,1.2242427886342617,1.1774794122825407,0.110082304526749,1.0
0.7,5,12,1.5028037563209362,1.4759522558466114,0.12615955473098325,1.0
0.7,5,13,1.9463082931271196,2.4410588851334794,0.10504201680672269,1.0
0.7,5,14,2.177590035119584,2.454572433891377,0.1492985971943887,0.98
0.7,5,15,1.3703600608968387,1.4978992468036578,0.11248710010319922,1.0
0.7,5,16,0.9514272947460082,1.099537748124629,0.11002178649237467,1.0
0.7,5,17,1.2621115574802027,1.408679567868834,0.09689922480620154,1.0
0.7,5,18,1.7408634315290001,1.7158011221634,0.18279569892473121,1.0
0.7,5,19,1.0040790674061684,1.1851378109122808,0.08936970837253058,1.0
0.8,5,0,1.6410256766882323,1.5776601079752,0.13136456211812633,1.0
0.8,5,1,1.2236141233058857,1.168866810190184,0.0901554404145078,1.0
0.8,5,2,1.352632158318653,1.3055748953019592,0.09604519774011303,1.0
0.8,5,3,1.3273505491188975,1.2801738639712157,0.09744094488188969,1.0
0.8,5,4,1.342348497502002,1.0264531841041171,0.09587727708533078,1.0
0.8,5,5,1.3114997046131533,1.3560243890064838,0.09773755656108594,1.0
0.8,5,6,1.3857177327317003,1.1670790744345367,0.10640394088669948,1.0
0.8,5,7,1.093053294431951,1.2869162019716704,0.1467221644120707,1.0
0.8,5,8,1.0597973226484825,1.070262565650466,0.10694597574421172,1.0
0.8,5,9,1.4262434425567696,1.6432892296786064,0.11526147278548556,1.0
0.8,5,10,1.0970719563331324,1.157407794178567,0.10642570281124493,1.0
0.8,5,11,1.1861991563694898,1.2843469954594648,0.10585817060637202,1.0
0.8,5,12,1.1644105892741454,1.5295614466639553,0.11179487179487185,1.0
0.8,5,13,2.239913138055671,2.7235258342919817,0.09710743801652884,1.0
0.8,5,14,1.3624505119079204,1.392346031173397,0.14300847457627117,1.0
0.8,5,15,1.0009582528510623,1.1059359347432778,0.10147783251231525,1.0
0.8,5,16,1.353980282472234,1.2820452895366838,0.08398437500000008,1.0
0.8,5,17,1.380492120905399,1.1116860265186628,0.08623693379790934,1.0
0.8,5,18,1.2804857587858067,1.2673046368101104,0.11538461538461547,1.0
0.8,5,19,1.4022246334203166,1.0274348125259343,0.11406096361848582,1.0
0.9,5,0,2.4014936824871658,2.640859266746684,0.11300639658848609,1.0
0.9,5,1,1.2751750563114626,1.2517895262390943,0.10878661087866101,1.0
0.9,5,2,1.4556730651972223,1.30640497849583,0.0859167404782994,1.0
0.9,5,3,1.460303841677904,1.3925714062864707,0.1044776119402985,1.0
0.9,5,4,1.6837183382014154,1.5724374276852606,0.10767590618336881,0.9833333333333333
0.9,5,5,1.0844712937931666,1.3617292626497435,0.12702078521939955,1.0
0.9,5,6,1.7447954643636543,2.3791626337235847,0.13854748603351963,0.9766666666666667
0.9,5,7,1.4136164830848401,2.400591501181954,0.10997963340122197,1.0
0.9,5,8,1.4088901078644724,2.516793195424027,0.12052505966587106,0.9866666666666667
0.9,5,9,1.3639567809915696,1.4937369087098693,0.09563409563409567,1.0
0.9,5,10,1.0078505565836893,1.0829300310996979,0.09779482262703743,1.0
0.9,5,11,1.5097085649630921,1.5635722382031825,0.12400000000000005,1.0
0.9,5,12,2.4790991541421197,1.8211418000207742,0.11868131868131865,1.0
0.9,5,13,0.8961533478203674,0.9199526079989301,0.10923423423423427,1.0
0.9,5,14,2.861801099370379,3.669400753600293,0.10615711252653927,0.9733333333333334
0.9,5,15,1.268443096955759,1.3255059525230406,0.08949416342412454,1.0
0.9,5,16,1.1403771239389857,1.1209710411472817,0.10126582278481007,1.0
0.9,5,17,1.3727034573828518,1.022699306412265,0.10073452256033573,1.0
0.9,5,18,1.0049421645003553,0.940588745967679,0.0840496657115568,1.0
0.9,5,19,1.372393652291882,1.7109574412419488,0.11363636363636365,0.9966666666666667
1.0,5,0,1.7396312933594886,2.3531376476565145,0.10830704521556254,0.9333333333333333
1.0,5,1,1.3676135981129,1.1389792471508071,0.11100478468899516,1.0
1.0,5,2,1.4973300312160427,1.7150368115200094,0.10137795275590548,1.0
1.0,5,3,1.2054967003636228,1.1053871557116772,0.11134676564156946,1.0
1.0,5,4,1.4627751018900539,1.1454265492340374,0.10228310502283107,1.0
1.0,5,5,1.0703849871215754,1.2821823295193877,0.20591341077085532,1.0
1.0,5,6,1.123331557823869,1.5371980185662,0.11213872832369945,1.0
1.0,5,7,1.700001447752129,1.4968452801465182,0.16146788990825683,1.0
1.0,5,8,1.267069009815902,1.2292864111545312,0.09017223910840938,1.0
1.0,5,9,1.1971886829100273,1.2921132401253186,0.11951754385964918,1.0
1.0,5,10,1.3596972299037071,1.3335112350790572,0.10886319845857416,1.0
1.0,5,11,1.0607535743749694,1.146570836913196,0.1059280855199223,1.0
1.0,5,12,1.4061799704127773,1.518286669314433,0.09999999999999995,1.0
1.0,5,13,1.4663751655067707,1.7946752363066332,0.10733262486716254,1.0
1.0,5,14,1.685944618646219,2.7500411090955996,0.11627906976744186,0.8166666666666667
1.0,5,15,1.171659421695529,1.4149006000029467,0.12315789473684213,1.0
1.0,5,16,1.109667255637883,1.5854486105850514,0.26425438596491235,1.0
1.0,5,17,0.9456487566128134,0.9035942128287072,0.1435361216730039,1.0
1.0,5,18,0.8771066350621769,1.2174599365921972,0.11567164179104483,1.0
1.0,5,19,1.8338604136994292,3.0662654900316695,0.1213151927437642,0.9533333333333334
0.0,10,0,1.59252207169239,1.632513398327136,0.1029411764705882,1.0
0.0,10,1,1.2292632498261047,1.4610746792870706,0.08523290386521316,1.0
0.0,10,2,1.1144107929044624,1.3558884249196812,0.10463968410661396,0.88
0.0,10,3,1.544342131890394,1.8127875727696106,0.11238293444328822,1.0
0.0,10,4,1.3769607980141854,1.656075453079359,0.09894332372718538,1.0
0.0,10,5,1.3752087686231567,1.526690063379678,0.14678030303030304,0.88
0.0,10,6,1.9405272576329005,2.0201333022525447,0.11978221415607988,1.0
0.0,10,7,1.136781206068999,1.0799753361619093,0.1111111111111111,1.0
0.0,10,8,1.1222947323236683,1.097882632868327,0.09860557768924308,1.0
0.0,10,9,1.550037513956113,1.4835936394564593,0.16160520607375276,1.0
0.0,10,10,2.5600691526327504,3.3921282392000416,0.12082514734774065,1.0
0.0,10,11,1.1807187811331878,1.5750382262880434,0.09615384615384616,0.6333333333333333
0.0,10,12,1.1458541396184405,1.2986785481225747,0.118942731277533,0.0
0.0,10,13,1.3381372807258574,1.4554089702036477,0.10152284263959391,0.9333333333333333
0.0,10,14,1.0248404801497304,1.1971135620026405,0.13908045977011488,1.0
0.0,10,15,1.090990644282087,1.1807645199652672,0.09724950884086436,1.0
0.0,10,16,1.7164238794987141,1.6839563714028003,0.12660731948565773,1.0
0.0,10,17,1.648284820886081,2.044754517912262,0.12464046021093002,1.0
0.0,10,18,1.4523818374721988,1.8622120882945763,0.09844559585492228,1.0
0.0,10,19,1.490854222710024,1.3065240396812952,0.1264591439688716,1.0
0.1,10,0,1.6086667402531312,1.8850237714428948,0.11978609625668452,1.0
0.1,10,1,1.0814873460110275,1.1587166640953748,0.09892473118279572,1.0
0.1,10,2,1.3177005752897417,1.5049640928158226,0.11510031678986278,1.0
0.1,10,3,1.1671055463546887,1.533736260431954,0.12112403100775193,1.0
0.1,10,4,1.041044143071347,1.1289577881071229,0.1254523522316044,1.0
0.1,10,5,1.2355168452321192,1.9199756949761655,0.14557564224548047,1.0
0.1,10,6,0.9811792785652587,1.3363542170974851,0.10831509846827139,1.0
0.1,10,7,1.4541146146711479,1.7087330043625164,0.12233549582947176,1.0
0.1,10,8,1.3930001905597542,1.5070956889575635,0.09979633401221993,0.82
0.1,10,9,1.63373282206879,1.9157740004464354,0.10861759425493724,1.0
0.1,10,10,1.1486045375445566,1.3301819752983668,0.1463963963963964,0.0
0.1,10,11,0.8635435459890656,1.1014440133862762,0.102540834845735,1.0
0.1,10,12,1.196665641904199,1.645767808782994,0.102510460251046,0.99
0.1,10,13,1.2602796424725953,1.649541764333775,0.10601427115188575,1.0
0.1,10,14,1.3891893143008218,1.3948333722907835,0.10794297352342168,1.0
0.1,10,15,1.1832220030209344,1.1201033173960948,0.09604519774011303,1.0
0.1,10,16,1.0363223462086664,0.9957363799310605,0.09912854030501084,1.0
0.1,10,17,1.3075849040742413,1.3994775770396986,0.09818569903948775,1.0
0.1,10,18,1.0223076063864,1.5987437141534528,0.10896130346232182,1.0
0.1,10,19,1.1673549146360616,1.2269354014921663,0.09989806320081547,1.0
0.2,10,0,1.68968479121605,2.0466385268034504,0.09292929292929296,0.9733333333333334
0.2,10,1,2.151512737062917,1.9827736668326146,0.1349578256794752,0.99
0.2,10,2,1.2182520378286161,0.9368720758185014,0.06982990152193372,1.0
0.2,10,3,1.1980844877731072,1.4866390124344728,0.10383064516129029,1.0
0.2,10,4,2.2439577085682316,1.9812004551736944,0.09315589353612164,1.0
0.2,10,5,1.805123890416844,2.7386858441089945,0.1166848418756816,0.9566666666666667
0.2,10,6,1.4151340556163419,1.648772098366511,0.11172566371681425,0.0
0.2,10,7,1.235145407265072,1.199715950849337,0.13310285220397586,1.0
0.2,10,8,1.5204495545929133,1.1305909332077815,0.11453744493392061,1.0
0.2,10,9,1.1512274096678528,1.4510020664556083,0.1065400843881856,0.9533333333333334
0.2,10,10,1.380057773125434,1.332555671409329,0.09528214616096205,1.0
0.2,10,11,1.7083983191148924,1.7837054325708497,0.10256410256410256,1.0
0.2,10,12,1.245714985284328,1.3959126867580847,0.12405609492988133,0.6733333333333333
0.2,10,13,1.0908940104600333,1.129137024949789,0.1611909650924025,1.0
0.2,10,14,1.0830622043560818,1.1184041985347555,0.09667673716012079,1.0
0.2,10,15,1.041539588884304,1.0409012649813616,0.10000000000000003,1.0
0.2,10,16,1.6461174240759535,2.3487568596107398,0.10775862068965518,0.7733333333333333
0.2,10,17,1.3971724554909477,1.0959622959583952,0.10236966824644547,0.95
0.2,10,18,0.8397299729835507,1.0850743990152558,0.09826589595375726,1.0
0.2,10,19,1.4487583166715254,1.619719912164261,0.11382878645343363,0.0
0.3,10,0,1.2455338750002736,1.4218615822898397,0.12030075187969913,1.0
0.3,10,1,1.2911177457928242,2.0587905860983353,0.10247747747747742,1.0
0.3,10,2,0.9773934069214129,1.1374580646786743,0.11620111731843581,1.0
0.3,10,3,2.11321523815228,1.9894411880681482,0.10478128179043741,0.9633333333333334
0.3,10,4,1.3657234409986438,1.4211838498901161,0.10912698412698413,1.0
0.3,10,5,1.1737759556039764,1.2654352853244113,0.10694183864915564,1.0
0.3,10,6,1.589688923822757,1.9732516968250209,0.10380267214799584,0.9833333333333333
0.3,10,7,0.9005290576068514,1.1106291270504605,0.08854166666666669,1.0
0.3,10,8,1.3050788123303423,1.3867575707182274,0.19602272727272718,1.0
0.3,10,9,1.4018541541041498,2.0166873715730538,0.11354166666666672,0.85
0.3,10,10,0.9843423409868355,1.0398414638201983,0.11223458038422657,1.0
0.3,10,11,1.7186681079605879,2.4087811207082868,0.10133060388945758,0.9933333333333333
0.3,10,12,1.3427111425478961,0.934456396220214,0.09885535900104059,1.0
0.3,10,13,1.15805625142459,1.1340562198175772,0.09544658493870407,1.0
0.3,10,14,1.1037987805893623,1.3465291384691354,0.10714285714285714,1.0
0.3,10,15,1.6789084027238745,1.5602804548730864,0.11880165289256199,1.0
0.3,10,16,1.0801792455549912,0.8098213515030656,0.147136563876652,1.0
0.3,10,17,1.6396909522487924,1.5490242520127155,0.12230215827338121,0.9133333333333333
0.3,10,18,1.2173043390860718,1.5081294266648468,0.1251336898395722,1.0
0.3,10,19,1.2844624194313914,1.4387213060720978,0.12652705061082026,1.0
0.4,10,0,1.2544784379807459,1.299742359161794,0.10791366906474821,1.0
0.4,10,1,1.5636465901167291,1.5028324015007954,0.09784560143626575,1.0
0.4,10,2,0.9972253955217332,1.2547702057377512,0.10190476190476193,1.0
0.4,10,3,1.50147227057002,1.9908342374576002,0.10473588342440801,0.9966666666666667
0.4,10,4,1.8342534903407615,1.3516330734059083,0.1179245283018868,1.0
0.4,10,5,1.2386928600062863,1.0215823934262374,0.07854406130268202,1.0
0.4,10,6,1.267735993975348,1.7259009858753827,0.14755732801595212,1.0
0.4,10,7,1.149028079668844,1.581777859270139,0.11860718171926012,1.0
0.4,10,8,1.6765118202832494,1.3294099345374097,0.07319391634980991,1.0
0.4,10,9,1.1305432533669173,1.153477256790337,0.12427184466019414,1.0
0.4,10,10,1.1836024939688055,1.5835435699263747,0.086105675146771,0.9633333333333334
0.4,10,11,1.1415696413903222,1.3285290461562578,0.09455587392550148,1.0
0.4,10,12,0.7777909239350002,0.9172493931313016,0.24422110552763815,1.0
0.4,10,13,1.2363827392322713,1.5856385405880025,0.11099585062240666,0.9233333333333333
0.4,10,14,1.3422525302473465,1.3044002665027057,0.10197710718002079,0.7566666666666667
0.4,10,15,1.5897026928993683,2.0896878800433125,0.15897435897435896,1.0
0.4,10,16,1.743721428817695,1.4061783566321846,0.12279069767441864,1.0
0.4,10,17,1.3357925339815764,1.82574213046773,0.09751609935602583,1.0
0.4,10,18,1.2979223886616318,1.6888286191027053,0.11692015209125473,1.0
0.4,10,19,1.6244247033661676,2.064144527830817,0.11746987951807218,0.9766666666666667
0.5,10,0,1.6509192998045832,1.648174347741532,0.14488348530901718,0.9733333333333334
0.5,10,1,1.0527383515942983,1.3826244111597112,0.22873345935727793,1.0
0.5,10,2,1.0566650051528155,1.1134109910054133,0.0973709834469328,1.0
0.5,10,3,1.197240080314419,1.1642363359604753,0.10079840319361286,1.0
0.5,10,4,1.799399883142275,1.5757546750985005,0.10101010101010101,1.0
0.5,10,5,1.0893337267589507,1.1897508539754897,0.11490329920364059,1.0
0.5,10,6,1.1894444609249866,1.1282436942845429,0.10334346504559273,1.0
0.5,10,7,1.0847562786014342,1.1965089970525078,0.0905763952424519,1.0
0.5,10,8,0.8894164834197449,1.0533728393861503,0.08203991130820405,1.0
0.5,10,9,1.196396721962803,1.573810835157894,0.1213535589264878,1.0
0.5,10,10,1.1329323458352993,1.203297752159262,0.09863013698630134,1.0
0.5,10,11,1.2917661111539371,1.9712010846707748,0.11013215859030838,1.0
0.5,10,12,1.2367990766165833,1.5772864939574545,0.11042944785276071,1.0
0.5,10,13,1.454911078853494,1.5784062454313317,0.09591642924976253,1.0
0.5,10,14,1.2417734379959227,1.5093000176096885,0.10638297872340426,1.0
0.5,10,15,1.1776302548632804,1.1589264312797931,0.1323662737987307,1.0
0.5,10,16,1.4181291062348027,1.0782563842745427,0.09932088285229204,1.0
0.5,10,17,1.7419265281717917,2.044964295612264,0.1408602150537634,0.99
0.5,10,18,1.5561465254126174,1.3017971723097344,0.13016710642040455,1.0
0.5,10,19,1.1483722550434252,1.410519592417685,0.16666666666666669,1.0
0.6,10,0,1.2200136245008135,1.4640747139413963,0.12314709236031923,1.0
0.6,10,1,1.489510686628222,1.4832731441158582,0.10621242484969934,1.0
0.6,10,2,1.641290615007738,1.6756177975518018,0.09200000000000003,1.0
0.6,10,3,1.1128348953205969,1.0126532320358503,0.14354066985645933,1.0
0.6,10,4,1.5502203101389076,1.8569460555779012,0.1113013698630137,1.0
0.6,10,5,1.19702647908258,1.0850477706086041,0.11787819253438114,1.0
0.6,10,6,1.031304424997146,1.1788478654672674,0.09069767441860462,1.0
0.6,10,7,1.9934923302414693,1.9157493918023063,0.10649819494584835,1.0
0.6,10,8,1.1323277588005718,0.9754996036511681,0.1270718232044199,1.0
0.6,10,9,1.2906617372494484,1.300360576617744,0.08629441624365485,1.0
0.6,10,10,1.0173498012205102,1.1403800958024757,0.09810126582278478,1.0
0.6,10,11,1.6148121083778868,2.7259738568379963,0.0914893617021276,0.9866666666666667
0.6,10,12,1.1893457451091196,1.5640652586364145,0.10306122448979586,1.0
0.6,10,13,1.329156184311575,1.42926945950323,0.15884476534296024,1.0
0.6,10,14,0.9064883331267406,1.5724138839543376,0.15402567094515757,1.0
0.6,10,15,1.126689866139291,1.3703700192849673,0.08636363636363636,1.0
0.6,10,16,1.0498218987434198,1.4698862779173405,0.19904648390941598,1.0
0.6,10,17,1.8947508291785702,1.3535336104604705,0.12617702448210927,1.0
0.6,10,18,1.731546847026612,1.4936416781808777,0.13600782778864975,0.98
0.6,10,19,1.600695217612818,1.8387614331787137,0.10615079365079368,1.0
0.7,10,0,1.2030654186104266,1.5037032302834186,0.10749185667752434,1.0
0.7,10,1,1.823225705374485,2.0086638699593506,0.10222672064777323,0.98
0.7,10,2,0.944848458215451,0.928153185059139,0.0984293193717278,1.0
0.7,10,3,1.0338960673984785,1.0980074237433275,0.08482142857142858,1.0
0.7,10,4,1.4435748517016866,1.61610472538581,0.10862944162436551,1.0
0.7,10,5,1.1821826044112889,1.1444185705452954,0.09523809523809529,1.0
0.7,10,6,1.2221654347562816,1.5682858342361004,0.09609292502639924,0.9966666666666667
0.7,10,7,1.1930646671721845,1.1253245339337334,0.09383624655013802,1.0
0.7,10,8,1.3956244549844472,1.3124609903477191,0.10818438381937912,1.0
0.7,10,9,1.3457109890034826,1.4532104393003633,0.11995637949836423,1.0
0.7,10,10,2.3168234964491132,2.332271064713498,0.10312500000000006,0.9933333333333333
0.7,10,11,1.1918943205363925,1.2106312307070826,0.09000000000000005,1.0
0.7,10,12,1.0362883829774643,0.8658018681174648,0.11648568608094766,0.0
0.7,10,13,1.770601941568825,1.666821160808206,0.08823529411764701,1.0
0.7,10,14,1.5237222346229324,1.9692992587563207,0.10819672131147547,1.0
0.7,10,15,1.2297065352425958,1.4185523894584475,0.1334106728538283,1.0
0.7,10,16,0.8609134035000086,1.1236847103987604,0.10286320254506896,1.0
0.7,10,17,1.4389101823125157,1.418035437922185,0.09425070688030161,0.9133333333333333
0.7,10,18,1.2416848925888062,2.1586402783998104,0.11689814814814824,1.0
0.7,10,19,1.3463657490081138,1.945775373538153,0.11193241816261888,1.0
0.8,10,0,1.1736555005611626,1.5233281485745136,0.1018518518518519,1.0
0.8,10,1,1.4014684241955289,1.348488841006094,0.1143667296786389,1.0
0.8,10,2,0.9932023254664043,0.8983237563479983,0.09261186264308004,1.0
0.8,10,3,0.916289810531244,0.9623446813989573,0.20199004975124377,1.0
0.8,10,4,1.3304250440895786,1.1724983004669103,0.10198019801980195,1.0
0.8,10,5,1.5898583406300881,1.8004873505315044,0.11121239744758435,1.0
0.8,10,6,1.4370781927126532,1.9471677593665841,0.10416666666666666,1.0
0.8,10,7,1.3035984961212104,1.4597845338879838,0.09829059829059818,1.0
0.8,10,8,1.13039561449905,1.096781162882259,0.07884615384615387,1.0
0.8,10,9,0.8894994351123652,1.1599458007547117,0.09458128078817728,1.0
0.8,10,10,1.1980063289969276,1.3750341311163012,0.20510204081632646,1.0
0.8,10,11,1.4195078550413718,1.3367989148586887,0.09594460929772491,1.0
0.8,10,12,1.4209731536074472,1.6011661925909895,0.11892450879007238,1.0
0.8,10,13,1.343366372080563,1.1513094250238232,0.08831168831168834,1.0
0.8,10,14,1.1946686533781479,1.5797548657010694,0.10590631364562124,1.0
0.8,10,15,1.373289119511913,1.2972473988887727,0.11778029445073604,1.0
0.8,10,16,0.7479654729875829,0.810923116083539,0.0988423864648263,1.0
0.8,10,17,1.743925127797669,2.3192650356071627,0.10805500982318271,1.0
0.8,10,18,1.252712014249612,1.4655038703600385,0.10137275607180579,1.0
0.8,10,19,1.2085592449089788,1.7261396546478427,0.10107526881720436,1.0
0.9,10,0,1.2574396852770358,1.1990962604943274,0.17231897341888175,1.0
0.9,10,1,1.362888607854853,1.4343700969283477,0.09950248756218906,1.0
0.9,10,2,1.0451540705672917,1.3952114137798741,0.10220994475138116,1.0
0.9,10,3,0.988582350602856,1.07930016252747,0.10285714285714283,1.0
0.9,10,4,1.8610679614220131,2.100056232939684,0.11876247504990026,0.98
0.9,10,5,1.683443083312627,2.5148621867991605,0.11717171717171711,0.8766666666666667
0.9,10,6,2.1169005283380256,1.9270837480343521,0.10899470899470896,0.9766666666666667
0.9,10,7,1.1084815381624338,1.192548788311742,0.10219675262655208,1.0
0.9,10,8,1.3407195801562168,1.7493406590036291,0.1724137931034483,0.6333333333333333
0.9,10,9,1.1297385927570043,1.4513769355784187,0.12219959266802444,1.0
0.9,10,10,1.1863705001083933,1.1731306014321023,0.09596928982725528,1.0
0.9,10,11,1.574372673080759,1.8693613372012279,0.10790598290598286,0.97
0.9,10,12,1.4081856001484565,1.3017102834908754,0.13666352497643733,1.0
0.9,10,13,1.3429812758451218,1.2528468595751863,0.07835820895522393,1.0
0.9,10,14,0.9797909558869161,1.280316789888832,0.11827956989247307,1.0
0.9,10,15,1.2375246749407376,1.2032052074428212,0.0984703632887189,1.0
0.9,10,16,1.0521269709306476,1.1068593310854644,0.10917874396135263,1.0
0.9,10,17,1.0395888841150096,1.0974176912325468,0.10520833333333328,1.0
0.9,10,18,1.4720665341165307,2.1442451714898247,0.10607621009268793,1.0
0.9,10,19,0.9046412632303785,1.204965281871957,0.17724288840262584,1.0
1.0,10,0,1.252105076813776,1.0608923979619427,0.11482433590402746,1.0
1.0,10,1,1.4861357921200604,1.2619766864698354,0.15839694656488545,1.0
1.0,10,2,1.6611021154678516,1.3297767099952242,0.11480686695278973,1.0
1.0,10,3,2.349100835793198,2.3600615347943354,0.09839357429718873,1.0
1.0,10,4,1.53066882868954,2.319967181301687,0.11063372717508053,1.0
1.0,10,5,2.035983105926358,2.27592765375406,0.11099020674646357,0.9733333333333334
1.0,10,6,1.2473064376194372,0.9776796599182913,0.08378378378378376,0.7733333333333333
1.0,10,7,1.3692825121770495,1.2221107789004213,0.11444141689373293,1.0
1.0,10,8,1.2873602107974913,1.176900083129716,0.15295169946332732,1.0
1.0,10,9,1.1466921514810782,1.016384777022889,0.0752212389380531,1.0
1.0,10,10,1.5225517174206649,1.458876752244678,0.09176029962546814,1.0
1.0,10,11,1.0505514910810572,1.3765741570382517,0.12837108953613813,1.0
1.0,10,12,1.3677232069502436,1.37097946996088,0.09989023051591651,1.0
1.0,10,13,2.2113286385703512,2.2831035775646495,0.11969839773798294,1.0
1.0,10,14,1.114473667116542,1.5891554820423186,0.20271682340647862,1.0
1.0,10,15,1.5904946456702884,1.6669712111337378,0.12124463519313301,0.9933333333333333
1.0,10,16,1.0939681128542684,1.4153950700717701,0.11322751322751326,1.0
1.0,10,17,1.2131047958694499,1.2416669980350494,0.08901515151515144,1.0
1.0,10,18,1.3764993321725696,1.413075295514112,0.09445585215605752,1.0
1.0,10,19,1.1396763009390254,1.1536408488486882,0.11866028708133977,1.0
