info_lag,softlimit,hft_frac,n_runs,vol_ratio_mean,vol_ratio_std,vol_ratio_ci_low,vol_ratio_ci_high,spread_ratio_mean,spread_ratio_std,spread_ratio_ci_low,spread_ratio_ci_high,max_drawdown_mean,max_drawdown_std,max_drawdown_ci_low,max_drawdown_ci_high,recovery_time_mean,recovery_time_std,recovery_time_ci_low,recovery_time_ci_high,mm_panic_ratio_mean,mm_panic_ratio_std,mm_panic_ratio_ci_low,mm_panic_ratio_ci_high,acf_abs_ret_1_mean,acf_abs_ret_1_std,acf_abs_ret_1_ci_low,acf_abs_ret_1_ci_high,acf_abs_ret_5_mean,acf_abs_ret_5_std,acf_abs_ret_5_ci_low,acf_abs_ret_5_ci_high,vol_persistence_mean,vol_persistence_std,vol_persistence_ci_low,vol_persistence_ci_high,high_vol_cluster_share_mean,high_vol_cluster_share_std,high_vol_cluster_share_ci_low,high_vol_cluster_share_ci_high
0,20,0.0,30,1.5186876716667532,0.7489603258071569,1.26926552689508,1.7844237443085023,1.5317976645633269,0.6882496992660556,1.2831942005165178,1.7916241684547105,0.14599880884115596,0.04426713168030724,0.13018928969155558,0.1607209212117743,31.533333333333335,60.61849799236678,14.266666666666667,55.76916666666666,1.0,0.0,1.0,1.0,0.3103353310378801,0.11158897241390343,0.2719803258146586,0.34904590676035313,0.1427375210151067,0.09395800534066438,0.11145933603514803,0.17631120400586509,0.9590447810063166,0.012903687100552352,0.9544700209404126,0.9637029053361686,0.2749163879598663,0.16592832083419443,0.21883779264214043,0.33322742474916395
0,20,0.2,30,1.9668803529595729,1.0089165334677759,1.6341236825436485,2.323715052897271,1.8540551753666166,0.9736818461338638,1.54052365137773,2.2068694384889667,0.185917361737745,0.06168517476251935,0.16382352735235028,0.20828804800974654,21.2,14.069776852873508,16.299166666666668,26.204166666666662,1.0,0.0,1.0,1.0,0.3395950205944575,0.0880036043741333,0.3050315050762105,0.3713575906457243,0.22368280271255314,0.11565820240859873,0.18416744397653415,0.26353377782324555,0.9675686985734541,0.010006792030916839,0.9638515254339233,0.9709502382766889,0.3600891861761426,0.2081067524071909,0.2924163879598663,0.43080267558528423
0,20,0.4,30,1.897841186476996,1.151789208509982,1.5235411459514143,2.3007581251743,1.7688745364931682,1.0536741551724083,1.4169567896815447,2.1541286590463353,0.18750856889151687,0.08805356837033552,0.15952930207929275,0.21857567471941577,26.033333333333335,40.68591498492961,14.565000000000001,43.233333333333334,1.0,0.0,1.0,1.0,0.3119341071116103,0.07553559993897223,0.28702744519484186,0.33910308959382796,0.1500859459830844,0.09293837385245172,0.11392654926842181,0.18474247586736542,0.9630285238611893,0.010482624497561306,0.9594695139687324,0.9668718677002512,0.3086956521739131,0.21748292561082508,0.23500278706800448,0.38350334448160533
0,20,0.6,30,1.7673836772198757,0.8151466527242212,1.480812578121255,2.0632454833690184,1.669299875183859,0.6842555820918226,1.4158880676036358,1.9084185403303642,0.21909984612365982,0.08903014741545096,0.18737773385642115,0.25025034492135934,35.2,59.54389861328333,16.765833333333333,59.41666666666665,1.0,0.0,1.0,1.0,0.3293653037933976,0.12387433899194567,0.2839706775686799,0.3777859539636363,0.19597323289964255,0.08719468360504865,0.16539779973569893,0.2281076110694618,0.9636432563240337,0.01214094683589719,0.9592958828882996,0.9679900869682438,0.3134894091415831,0.1830224604574034,0.24324414715719067,0.37326923076923074
0,20,0.8,30,2.004907682213606,0.9091297812367806,1.7114636135174996,2.3529097614437897,1.933288156621439,0.9965333558167916,1.5935001720598527,2.303065788022393,0.26631002919470853,0.11622367383569468,0.22768165872586918,0.3086213904249175,29.033333333333335,31.875277776567426,18.830833333333334,40.802499999999995,1.0,0.0,1.0,1.0,0.2694621163870494,0.09034945046051894,0.24060522847631,0.29902191341066725,0.17309438664648746,0.10781422702171449,0.13420356571311645,0.20947281813429827,0.9605574967643637,0.01137673533314904,0.9565643034866419,0.9643010670786437,0.3337792642140468,0.15857557374833817,0.28103678929765885,0.3886399108138239
0,20,1.0,30,2.1608709008900786,0.9656928758586737,1.8213356505351646,2.494634513448985,2.0086085555697983,0.9443588836057734,1.686574794523208,2.3506577021025366,0.32246954981766524,0.11511995698741985,0.2844090150719923,0.3629567357771614,46.0,73.24074614961076,24.02500000000001,75.24416666666666,1.0,0.0,1.0,1.0,0.28637076417621254,0.12211652258816749,0.24588928167320065,0.3282853556157656,0.11895219462042664,0.08856106099687155,0.08803863863572366,0.15078122496485535,0.9534131377522688,0.017654500787224435,0.9471473726587262,0.9593330293481606,0.3821627647714604,0.20694624220201796,0.3095401337792643,0.45307971014492754
0,50,0.0,30,1.8520756675711147,0.8818572718413837,1.5600545999378068,2.208765606610329,1.9692284459173197,1.2949983474754339,1.5627189985948844,2.5062703859005113,0.14578946975033222,0.0388348676362785,0.1319971766247564,0.15916309590582087,40.8,75.27668503822964,18.355833333333344,69.07,0.9983333333333334,0.006709631665607483,0.9955555555555555,1.0,0.3481553911314339,0.09817753196637502,0.3143824009567161,0.38304158740397043,0.14266341394241017,0.08025498580972784,0.11524914472618679,0.1728978422730791,0.9644136510341741,0.010423171172100525,0.9606307224594578,0.9678654463593851,0.3876254180602007,0.24548766801427757,0.30423355629877374,0.4853985507246377
0,50,0.2,30,1.5436150525540888,0.7780877553261968,1.2768629546681305,1.8365700104691276,1.4458103377675011,0.7074579894582741,1.2126917520132217,1.731345716977319,0.1409689238248149,0.044206003240462456,0.12542941499026738,0.1568901888160812,26.6,53.01177487938004,14.231666666666667,47.87416666666666,1.0,0.0,1.0,1.0,0.2540271561537936,0.11553440597202348,0.21610374386464581,0.29788106806046133,0.12419580769395465,0.11749855522024827,0.08674262198491903,0.16953162233514524,0.9563492395687888,0.015741484272162404,0.9508602918233492,0.9619913403506419,0.2552954292084727,0.20294775937240062,0.1844899665551839,0.33021460423634336
0,50,0.4,30,2.3224366177075693,1.382982365731165,1.8720457941128859,2.8435581144086988,2.2364087227064076,1.3460599312040942,1.8145347056098595,2.7485200315418337,0.1843820541720664,0.07867823061588686,0.15764193187502556,0.21196096304345513,31.766666666666666,38.42384616384712,19.795000000000005,46.37,1.0,0.0,1.0,1.0,0.2970245525311793,0.09601286808998492,0.2618446191013228,0.3303099985799016,0.16708706812437438,0.08824250896503906,0.1374740509723557,0.19690515698479846,0.9603952634487914,0.011501585863445024,0.9563489380315707,0.9644013211455662,0.393422519509476,0.2363314620531802,0.3101449275362319,0.4803957636566333
0,50,0.6,30,2.1548833265193528,1.3077498753964685,1.696755717356459,2.627393519340594,2.1485135457707845,1.3716634601903046,1.6862522321735391,2.6477927502827385,0.21686914448402253,0.09966522978466334,0.18118403079514783,0.251318981675523,45.8,87.81540199524343,17.366666666666667,80.1725,0.998,0.008051557998728982,0.9946666666666667,1.0,0.2826855225932455,0.09096458808957017,0.25297025809791485,0.3166722932646466,0.10891662737804204,0.08971780777102374,0.07890781913900267,0.1405567611604326,0.9564041853637572,0.013476473811527823,0.9516863196316784,0.9612552405883807,0.39520624303233,0.2905461733162836,0.29185618729096985,0.4956661092530658
0,50,0.8,30,2.053467964611988,0.9487859508313751,1.7404872544329912,2.3855424173716986,1.9107480884411883,0.8566419476227205,1.629318478453799,2.2372099060774846,0.2597764859160004,0.12888175967627696,0.21674012080313018,0.30480613788551936,19.3,31.312826500465842,10.862500000000004,32.60916666666666,1.0,0.0,1.0,1.0,0.30290216005770626,0.08723301252819347,0.2727323655314943,0.33272929656710765,0.1514523213269118,0.0881114111345766,0.12076750108341652,0.1818835599071049,0.9589541939108421,0.015401054170244932,0.9535553649066422,0.964121061355232,0.36599777034559644,0.2067574451271615,0.2965245261984393,0.4389074693422519
0,50,1.0,30,2.310339044442912,1.2385253461819874,1.914982326615488,2.79368303178093,2.1655171124912003,1.2172172895903777,1.7782806456386169,2.653447328092062,0.33503787330097456,0.1763671984206339,0.2771753492856674,0.39661303852402235,45.43333333333333,60.112930121697545,27.86416666666667,67.00166666666667,1.0,0.0,1.0,1.0,0.28071412853098443,0.12256452455344105,0.23805509298166275,0.3248448098038956,0.16690605961391952,0.0905145471322202,0.13568139965020057,0.19942286177633164,0.9565159698575317,0.019538364166278546,0.9494877459819704,0.9631380980665789,0.37302118171683396,0.19524980796020477,0.3099163879598663,0.4430379041248606
0,100,0.0,30,1.9396308566231153,0.8781869742627352,1.6366041806755867,2.292721377840983,2.2948414045793384,1.2944007573367895,1.8579927403643692,2.8291314293272154,0.1451922320449075,0.0488052584538074,0.12898666937344758,0.1635361782950663,31.2,52.4196593813349,18.7325,51.53666666666666,0.9587777777777778,0.14537962811464855,0.9019861111111112,0.9942222222222222,0.2943054260142839,0.09723130499277101,0.25958967363382995,0.3277105777485246,0.14086703580503895,0.08147282545523053,0.1144124917346319,0.1727929191790757,0.9611762010481868,0.01115702575864619,0.9571586419704669,0.9649071782527044,0.43143812709030094,0.260527796135293,0.3508361204013378,0.5319063545150503
0,100,0.2,30,2.0237133402670238,1.2506172877308794,1.6375364062735451,2.4639310661064178,2.1112915242901718,1.4165685561048285,1.6556245266988856,2.632493542360156,0.16777406145901416,0.05825979661363328,0.1479695247432578,0.1888712359174764,35.03333333333333,56.03107717325629,19.765,59.468333333333334,0.9966666666666666,0.011970589758115024,0.9913333333333334,1.0,0.2738371602487577,0.09708666208758271,0.240889388459849,0.3079928864010013,0.12223668772525116,0.10261611151987032,0.08772460169140661,0.1624452797122503,0.9571686441524065,0.011429765389445226,0.9529662893504139,0.9614402606511375,0.3462653288740246,0.23806853415637944,0.2697798216276477,0.4309085841694537
0,100,0.4,30,2.3617835311311164,1.3240011693639537,1.931316982474357,2.848247185977208,2.4412960319748405,1.5538893589263405,1.9619691796767473,3.027338918669415,0.19422452464226228,0.08169833844144643,0.1664904959461127,0.22528863010535574,42.0,74.69893596620209,19.92916666666667,72.33666666666666,0.9965555555555556,0.01886599920295573,0.9896666666666666,1.0,0.30813855910208476,0.10030907353865696,0.2775504257737882,0.34722470279460194,0.13560605132970102,0.09446076132147228,0.10163193932930352,0.1675318279734868,0.9633943189193818,0.011685859144996284,0.9590454091753248,0.9671523051161667,0.43444816053511703,0.2508312766225897,0.34177536231884054,0.5254208472686733
0,100,0.6,30,2.7942413589835966,1.5144589175797312,2.289723597490451,3.327621666630328,2.8286532572313723,1.777719497225123,2.2364361120127736,3.4912629338172447,0.22299738554226042,0.10106454600466548,0.1906751421887837,0.25745689070611905,57.1,97.97865707070756,26.862500000000004,94.03416666666666,0.9402222222222221,0.18497371322685224,0.8652166666666665,0.9992222222222222,0.29699215832120396,0.09357318839654882,0.2641596719485697,0.3294677027461843,0.1615794437224294,0.09403681663540013,0.13165595408832195,0.19379185031239013,0.960825122735682,0.012976945172902057,0.956181173738887,0.9648800641212831,0.48093645484949826,0.24628461975759464,0.3964130434782609,0.5670206243032331
0,100,0.8,30,3.263839761163304,2.0445899437138007,2.546272554162746,4.003078679543791,3.731317668086949,2.856595316028553,2.767829135847478,4.7044736775310545,0.259991938815029,0.11722521740718492,0.2163369523185014,0.3012008582151903,56.2,80.5063287295927,32.32250000000001,88.0375,0.986,0.046299044618296925,0.9679888888888889,0.9991111111111111,0.2894430853437397,0.09178342143726467,0.2577092517160622,0.3202817529007193,0.14910494240148162,0.08070354644231856,0.12015085678197773,0.17866009658174545,0.958160778484891,0.015018591524350575,0.9528882133012561,0.9631330950278955,0.5232998885172797,0.26096969316672225,0.42616499442586403,0.6156382385730212
0,100,1.0,30,2.7728358036279186,1.5294608567290662,2.262072325959181,3.340654258926896,2.794878700638454,1.9844640670206666,2.205687298090364,3.5549557389652677,0.29836605673742655,0.12727364148972634,0.2553858360103329,0.33972915553233474,46.5,77.8919454912624,22.762500000000003,77.34666666666665,0.9637777777777778,0.1076632088456997,0.9206555555555557,0.9951111111111111,0.29459156613627946,0.11410965202299167,0.25445223885125634,0.33413068591954914,0.1367670854557341,0.0892667831726254,0.10730789720959011,0.16931642130845215,0.9556399617534574,0.013911349090906482,0.9505718906476548,0.9604494906000227,0.4154960981047937,0.21377037009340452,0.3439102564102565,0.4966833890746933
1,20,0.0,30,1.8493761296258413,0.7043355029603914,1.6263132066571009,2.083340382288748,1.8768429469579975,0.7040246484593032,1.6416750148114974,2.1349712396741793,0.1799482373775282,0.05172748217871632,0.16205913101895797,0.19764908343359436,44.833333333333336,71.78371889816364,23.032500000000002,71.20333333333333,1.0,0.0,1.0,1.0,0.49982543080260655,0.11791575153531529,0.4563326306805905,0.5389243800768344,0.23501091881625838,0.12935226604245778,0.1928584433646569,0.28209418877671244,0.9723575891853805,0.008246715046665881,0.9694315089678542,0.9752361763655516,0.3684503901895206,0.17929038303522568,0.3060089186176143,0.427221293199554
1,20,0.2,30,1.9123115691451709,0.7538920034538404,1.6589788212707948,2.1733789430566506,1.9442627510416153,0.9996456148301344,1.6083376320125553,2.301197879851212,0.2006768020835066,0.06040536949410503,0.1802785672808405,0.22178458566200002,47.96666666666667,78.75955698257802,24.1325,78.9025,1.0,0.0,1.0,1.0,0.43806211291176755,0.12474693446109628,0.3970338258045028,0.4835697926498474,0.20717893905868018,0.08550790705723903,0.17927672970633007,0.23823442303866665,0.9684732214670663,0.011216113883722588,0.9643795859280239,0.9722402776032696,0.3697881828316611,0.1763613306108265,0.3053455964325529,0.4321125975473802
1,20,0.4,30,1.4944161382924248,0.5039952415989342,1.306383733819691,1.6730056484918803,1.5042087249856961,0.6200614996594024,1.2931654056083144,1.7299631150865156,0.22625778051765666,0.08090148606449372,0.19834222060851037,0.256420734021501,35.86666666666667,43.48740073847258,23.065,53.87749999999999,1.0,0.0,1.0,1.0,0.41629083658178584,0.12968185468296484,0.36950264241154374,0.4615648111543431,0.19476494214551804,0.12476346082115733,0.15218478486752832,0.23640197990086015,0.9686869492609197,0.012521841374645614,0.9641039029328117,0.972829258600164,0.25217391304347825,0.1471875918733826,0.20021739130434785,0.303901895206243
1,20,0.6,30,1.9675951338137698,0.9781259886659771,1.6530936840796873,2.3570839034236863,2.0069170113392216,1.2694296532781624,1.606233633678863,2.5262211529986343,0.2436748006099295,0.09141973302073242,0.21258214229555775,0.27838130361080043,30.933333333333334,41.35959492009107,18.930833333333336,47.73416666666667,1.0,0.0,1.0,1.0,0.3605349254209091,0.14001276968334725,0.31247009542853366,0.4122137055470718,0.19123783121929733,0.10470244325987577,0.15786671133131996,0.22904175585617179,0.9658659482162063,0.013287484310758301,0.9607773570166038,0.9702282254389021,0.3555183946488294,0.17057681546487558,0.29820512820512823,0.42131828316610925
1,20,0.8,30,1.8888295892961555,0.7318287066084603,1.6554702941631358,2.1493155951063105,1.8941431065651553,0.7672199927723803,1.639690143761031,2.1881431682731125,0.29330451197484303,0.15437233946073217,0.24234032539791903,0.3470494933606221,41.3,60.433006510201594,21.7,64.17,1.0,0.0,1.0,1.0,0.3007029383711049,0.0932625082853176,0.2683886338185342,0.3362030549792965,0.15839359490138832,0.10531106665002617,0.11901104647991946,0.19549077471098203,0.9603386189959543,0.012695137862946272,0.9558524645715913,0.9647899979171528,0.33110367892976594,0.18420945546305306,0.2698578595317726,0.3950139353400223
1,20,1.0,30,2.147385430214925,0.7436617636566804,1.8742977105666956,2.4301718114315025,2.052953801706822,0.7455206852838194,1.7930119160647735,2.327520060012647,0.3919243200264859,0.1853823321184959,0.33285338225475425,0.45667361711925253,54.96666666666667,83.4656581592335,27.43166666666667,87.17333333333333,1.0,0.0,1.0,1.0,0.2615028574928854,0.13255271560437693,0.21527032195759313,0.31063764256852927,0.12067185948465625,0.08305321297255343,0.0899153558672929,0.15073163752644458,0.9558311871898225,0.011638164091007725,0.9517923657676893,0.9599137582864312,0.37781493868450394,0.1628359400141696,0.3200390189520625,0.44046822742474917
1,50,0.0,30,1.9014450085011971,1.1559948308703076,1.5350008721120216,2.3803347833679083,2.1167789840888482,1.7561158297252448,1.5663740046269201,2.85053228733034,0.15607632630780893,0.04845720467994062,0.1385076000349368,0.17308379745888797,29.866666666666667,57.722722074397716,14.265000000000002,51.76916666666666,0.9983333333333333,0.006709631665607483,0.9955555555555555,1.0,0.43092828982723624,0.14195680675078737,0.381355458299966,0.4800828696044017,0.18512620951081266,0.11907049774392536,0.14243997374244527,0.227148434651026,0.9664400999317443,0.013040632518258892,0.961671508131815,0.9707803718476646,0.3500557413600892,0.2591090780739539,0.25960144927536233,0.44617892976588625
1,50,0.2,30,2.1446186341214695,1.0197233877109866,1.8228329657550324,2.535022501210268,2.3365228429469087,1.5281705108364816,1.8745569877759227,2.9303773749816715,0.1836042280434832,0.061457205478691594,0.16335027669201488,0.20706666257186726,16.133333333333333,10.887301471592183,12.199166666666667,20.2,1.0,0.0,1.0,1.0,0.4000232881314369,0.09920831624909002,0.3640516160089942,0.43609618118043675,0.19031756915007372,0.07886811408435619,0.16302719659670922,0.2169051514762919,0.9666181970141883,0.00899445575714483,0.9630739624973185,0.9697369674071249,0.42976588628762546,0.21861255750771091,0.35472129319955414,0.507469342251951
1,50,0.4,30,2.2458587031575092,1.668756326309107,1.7476343673688126,2.9006652447702725,2.684906489362038,2.839020580781689,1.8970568084688089,3.8384034507515192,0.21263124881325193,0.06787731143944883,0.18806327531659914,0.23597456833759425,48.9,65.80291891649665,27.465833333333332,73.94,0.9972222222222222,0.010652409053647546,0.9928888888888888,1.0,0.3810902105159009,0.13167181003872408,0.33502362509816913,0.42814481665201914,0.1728545649505782,0.08714531189000015,0.14428246986538182,0.2055267492252415,0.9639679693759826,0.014000829651681479,0.9588004777465563,0.9688444595736379,0.38740245261984396,0.22799233706304498,0.30802118171683385,0.4680183946488295
1,50,0.6,30,2.126184698561019,1.0266963666715954,1.77830936081958,2.5003306230027036,2.199210424499432,1.0969519604762914,1.8421261468276717,2.641983823274541,0.2435378117739659,0.09324398554798617,0.2121016329034461,0.27862663762503803,37.6,47.072651112494405,23.658333333333342,56.034166666666664,0.9988888888888889,0.0060858061945018435,0.9966666666666666,1.0,0.3195192293255798,0.10876259013602134,0.2845707022750314,0.35776555410090954,0.1499656421151048,0.07091954313968926,0.12684265409164722,0.17613437328110787,0.9612845631763242,0.010602417002910218,0.9574488463859333,0.9649992705639281,0.3832775919732442,0.22079798384916965,0.3101226309921962,0.46889632107023405
1,50,0.8,30,2.2236416424892007,1.0318499746711833,1.8888999825139094,2.594140970129168,2.4224226626801877,1.1742326927653786,2.044367044874201,2.8470985914026943,0.2859938973464658,0.12266002310868517,0.2434792093271853,0.3286201615323276,31.166666666666668,53.49900632872465,16.865833333333335,50.67249999999999,1.0,0.0,1.0,1.0,0.32012303859197233,0.12613544542463787,0.2764502217621714,0.3692385745690683,0.15103548837754077,0.09609384366806058,0.11804392274113021,0.1849607276147559,0.9631820951726315,0.012078786066439593,0.9590372178466928,0.9674979010967815,0.4367892976588629,0.2395204138410706,0.35071348940914154,0.5127118171683388
1,50,1.0,30,2.774253124638148,1.675773479319817,2.2122329620488372,3.38622177792919,3.1205640470049825,2.516456431717159,2.3455988611463017,4.096752618704312,0.3552176158558959,0.17365111582443857,0.29917877836267426,0.4206826681733919,47.63333333333333,69.14227377652911,26.2,74.93916666666667,0.997,0.011917661320116306,0.9918833333333332,1.0,0.2246279201042293,0.0790802193025162,0.1938877221880778,0.2514231961286728,0.14492504532834316,0.0956606631033795,0.11450961789202516,0.17857041059140663,0.959373462044453,0.01156315549602153,0.9551862502286964,0.9633467790836407,0.47023411371237456,0.24880134215956234,0.3815914158305463,0.5585702341137123
1,100,0.0,30,2.663776818122966,1.2019696662355317,2.2633916244958296,3.089695365550985,3.0533268406729905,1.5263865634915865,2.523524417768146,3.5771667821331037,0.15573150010414566,0.05492691439100402,0.13728996662588813,0.17646947102136362,32.166666666666664,52.37601671029195,18.965833333333332,54.839166666666664,0.9228888888888889,0.2004205030260268,0.8374361111111113,0.979338888888889,0.4391251221193561,0.13051675735262508,0.38989890603485666,0.484748958707794,0.17863768902359967,0.11101590854106777,0.14254027644052028,0.21862847151289247,0.9662686724650101,0.013366895001362974,0.9615679188264988,0.9706481170772803,0.5635451505016723,0.27879024622481824,0.4655434782608695,0.6596460423634338
1,100,0.2,30,2.235928784136084,1.1339689504130737,1.8737305325359421,2.6471479216077665,2.259788182988968,1.1093464891674567,1.8897689944706255,2.6417636143419974,0.18968493060742303,0.07353323024767189,0.16577969935969372,0.2140354754957059,51.733333333333334,86.99977539936658,25.263333333333335,83.20583333333333,0.9846666666666667,0.047104676781744764,0.9643333333333334,0.9983333333333333,0.40146143239158316,0.10315008966714366,0.3665657739437319,0.437451789264306,0.17749278952738312,0.09024329558741186,0.1474894267414549,0.20885561476366551,0.9647134070655509,0.01114372549936009,0.9609302673086062,0.9686495813239608,0.40156075808249725,0.2554776546208,0.31512820512820505,0.5004515050167223
1,100,0.4,30,2.710169054417358,1.3113829426888635,2.2709023262905226,3.1760594337767434,3.1612314418524163,2.0064562665713215,2.492500511916159,3.9420596041213356,0.20028918592739448,0.05995143244961599,0.18074747110059167,0.22153012075389952,31.833333333333332,34.631143382135434,20.565833333333334,44.23583333333333,0.9842222222222222,0.045871161679410785,0.9674444444444447,0.9981194444444444,0.40523335521959797,0.09902280467384272,0.37311109042372087,0.44289253144269747,0.18514297841571145,0.10185810723175026,0.14805572558880192,0.21997544271207561,0.9666078799815992,0.011660449377278066,0.961969289441505,0.9704561374036821,0.5004459308807134,0.24301810767871224,0.4144899665551839,0.5848522853957638
1,100,0.6,30,3.140548220755341,1.731878275646013,2.550171208428188,3.7452174840677617,3.8128605755850704,3.351858336333447,2.7387445470991447,5.145384790773103,0.2327680563486152,0.09421734399534483,0.20025203420114582,0.2677872026201549,28.033333333333335,29.0249397318372,18.1325,38.43416666666666,0.9961111111111111,0.010616380509445219,0.9917777777777778,0.9992222222222222,0.35753027643584645,0.09349210919135058,0.32470068458305906,0.39125570707170554,0.17737551499922186,0.08640446130616372,0.14737177957060812,0.20765148628517432,0.9644731588676312,0.011189500495148658,0.9602826574669129,0.9687211765673851,0.5586399108138238,0.25483149235958774,0.47009754738015613,0.6490635451505017
1,100,0.8,30,2.487285875329356,1.752353239671873,1.9208276967545057,3.100666039566973,2.913444541055895,3.4280798756191393,1.9775169958861911,4.221781885811659,0.2745547356850567,0.1355738837634061,0.23045541168926015,0.32455583332873633,45.833333333333336,42.76486096473755,30.899166666666666,60.76916666666666,0.9919999999999999,0.027773026413565067,0.9815555555555556,1.0,0.29425931338801287,0.10064485209242839,0.25837334037714055,0.3296547890003341,0.15119723029707796,0.0954264637606992,0.11866641387357728,0.18736579072432177,0.9596110329009676,0.016465828379843138,0.9534720009321582,0.9648706510652948,0.43110367892976587,0.2762504526959626,0.32975752508361217,0.5330379041248605
1,100,1.0,30,3.567796165569567,2.404759788123791,2.812378189695222,4.438300953256827,4.093802394170162,3.401796900103653,2.9835013684745664,5.251795285243376,0.3170579482697105,0.10583142560343696,0.28183758848878143,0.3554383044252458,55.56666666666667,88.9880593823895,27.065833333333334,91.42249999999999,0.9973333333333333,0.009484813431151656,0.993775,1.0,0.27073630577880575,0.10385035431302271,0.23492266135648276,0.3062409768798019,0.13991892109631604,0.07864917313663411,0.11251840142214058,0.16814163499174092,0.955782377297962,0.011725520740737372,0.9514558189025117,0.9594940286956672,0.552396878483835,0.25316351288095373,0.4588489409141583,0.6404821627647714
3,20,0.0,30,1.6471024491441149,0.7445829887664329,1.41917287535737,1.9541014977944573,1.627017395607262,0.580744812739535,1.434514850957344,1.8689157335821467,0.1767607422364738,0.056985464492253494,0.15782436220553678,0.19940442166399716,19.4,11.406592165392178,15.666666666666666,23.43583333333333,1.0,0.0,1.0,1.0,0.33706739327403795,0.10368112496362042,0.3000966779433153,0.37537720567605565,0.18926115572881172,0.131849259472124,0.1431645452453557,0.24134580427570917,0.9704821394562326,0.011929307241325696,0.9664241678233813,0.9748853166920526,0.3205128205128205,0.1765064901714918,0.26019788182831666,0.3873411371237458
3,20,0.2,30,1.737285938278244,0.6676509094049061,1.49683693921097,1.9715267861025405,1.6800896499134932,0.5884356336677092,1.4758716311285753,1.8717149589558466,0.19079095946537303,0.06382703361425482,0.16928309296121605,0.21301789358899034,28.766666666666666,53.70139877028398,15.265833333333335,53.004999999999995,1.0,0.0,1.0,1.0,0.333534065193499,0.11902469182159435,0.2925519581052174,0.37795034842628933,0.23010380228736999,0.10094451495845595,0.19284435845715744,0.2662893612519354,0.9716241384045347,0.013516320424371737,0.966894612316722,0.975839285900082,0.31794871794871793,0.1664285849589274,0.2584085841694538,0.3705908584169454
3,20,0.4,30,1.8057817006996018,0.8497872410783313,1.5081633542672976,2.1293416021804075,1.8078997725378225,0.9104538146755005,1.5140788011803805,2.1434582188437017,0.2441031860157263,0.0921678288665574,0.21188796885077787,0.2786654579428422,41.266666666666666,55.18178943326749,25.598333333333336,64.74583333333332,1.0,0.0,1.0,1.0,0.3403350698418075,0.11524935110498775,0.2993156580919941,0.38025919180788376,0.1973328776512867,0.08654132287056233,0.16743134316135203,0.2273043392788099,0.9672469299427109,0.00971360876889112,0.9638013500013614,0.9707265256911787,0.3268673355629877,0.18302878266845726,0.2574108138238574,0.39232162764771467
3,20,0.6,30,1.980983157568331,0.8143613698385319,1.6984885434459145,2.2603089269179106,1.9722726452710746,0.9253405932617483,1.6496417197956117,2.2805872931207705,0.2715971563429183,0.11183406924844543,0.23335151151960182,0.3138520550679893,56.56666666666667,93.95181572572677,28.330833333333334,93.0675,1.0,0.0,1.0,1.0,0.29407169324834526,0.08959712015330916,0.2609565805738442,0.3252411353199823,0.1858751458060941,0.09330098736829705,0.15221803158527752,0.2199632210912814,0.9653598902778612,0.011477647692023158,0.9609277243278663,0.969272268812401,0.37268673355629883,0.19721723579309164,0.30166945373467113,0.4381326644370123
3,20,0.8,30,2.129083411130448,0.9191104981261341,1.8086003270002025,2.418808620189532,1.9104344601134615,0.8570676492090477,1.6010310126508167,2.2107202770354357,0.3246910087589424,0.1521946682265231,0.27308224202444586,0.3774893695915556,37.96666666666667,58.32931677469143,21.22833333333334,62.17083333333333,1.0,0.0,1.0,1.0,0.30849817977173455,0.09889871033696919,0.2743196731757702,0.3438284540792148,0.17642741496636175,0.07844959696958914,0.14731082046727778,0.20387475129654758,0.9630853236675189,0.009383152043130403,0.9597549317059375,0.9663973974542792,0.37748049052396876,0.18914297060737442,0.3085423634336678,0.4472742474916389
3,20,1.0,30,1.9123751871428174,0.6908185307406048,1.6903735702098421,2.170490568994461,1.990014845887815,0.7654742728326382,1.7379592362121679,2.265179984883565,0.42441737814461244,0.2063424804246259,0.35878857816782606,0.49846974737986904,48.4,69.47120465244625,26.233333333333334,76.33666666666666,1.0,0.0,1.0,1.0,0.31585784633131353,0.0882284054038252,0.28465619818179566,0.3462588482640239,0.13272955909669987,0.08101762993885972,0.10255785576611127,0.16154650980980093,0.9586710476056436,0.013470253391767346,0.9539250546262258,0.9634389750115068,0.35273132664437024,0.16970534504985113,0.29665551839464877,0.4147240802675585
3,50,0.0,30,1.868426155962377,1.0612263490609715,1.5229503456746571,2.261235020910451,1.8616878365041536,0.9840657671549924,1.5402068762340317,2.2188498309164255,0.14533112424013342,0.039739240994111656,0.1307317223618822,0.15858444499708935,38.833333333333336,69.53941245838557,16.7325,66.36999999999999,1.0,0.0,1.0,1.0,0.3520482024915781,0.12106446769079957,0.30911310113495355,0.39418753270854673,0.21490202594478613,0.10078835613623839,0.17881356728937758,0.2485718347430079,0.9694504344179111,0.010296030970243774,0.9656754762369129,0.9727938980929448,0.36655518394648834,0.22233166373572125,0.29241917502787074,0.44751672240802687
3,50,0.2,30,2.1779545501317883,1.3243375585832964,1.7390887869827736,2.6457739348257556,2.189234942553486,1.4843868471389612,1.7033507774096088,2.7165824778875485,0.18215507892638813,0.07330035291685899,0.15737310185018244,0.20906540968013837,39.2,59.29842703036787,20.62916666666667,62.86833333333333,0.9974444444444444,0.013997354247354247,0.9923333333333333,1.0,0.3582378601427602,0.10001967735062625,0.3223859102431041,0.39298440259759854,0.20327382924286674,0.10589166914880126,0.16794108981940642,0.24398375575980266,0.9671353364553826,0.012124190222176263,0.9628609644026909,0.9715606020215367,0.3606465997770345,0.21174426713680294,0.28760590858416957,0.43835284280936454
3,50,0.4,30,2.001572959025201,1.0497569588501252,1.6462507665969817,2.3527697997936334,2.0489879487979206,1.1166227960957547,1.660717018483917,2.421305556711066,0.19300475990489374,0.08334608634947456,0.16323123191174602,0.22065212897775888,20.466666666666665,21.377934698048428,14.133333333333333,27.934166666666666,1.0,0.0,1.0,1.0,0.3324908460300159,0.09218915898506552,0.29565646545608293,0.36315486798654906,0.21155950267509255,0.10400403845578934,0.17750552052904467,0.24881703426447205,0.9672630997295887,0.011494469261318575,0.9633110675521671,0.9709299880811535,0.36332218506131553,0.23417051773616823,0.27642419175027877,0.4425975473801561
3,50,0.6,30,2.124691652218899,1.2384804713476132,1.7122643089716425,2.5987125613775213,2.4191908356560696,2.5448711862799804,1.720209411745247,3.5190269768286564,0.2797301490543273,0.08719328708626421,0.24882536982522493,0.307550201073926,62.93333333333333,91.62025575366954,34.127500000000005,96.66833333333334,1.0,0.0,1.0,1.0,0.3310387397686267,0.0945504327111514,0.29972846166791445,0.3625386414726522,0.1819653247996407,0.08563085470155674,0.1517487099785053,0.21221600489358175,0.9649248327748676,0.009339155931072646,0.9617544103296953,0.9681689445800818,0.354180602006689,0.22631856658410918,0.28093366778149387,0.4346822742474916
3,50,0.8,30,2.307410064929033,0.8450857640162257,2.014536256858924,2.6130918553992717,2.1976276670959254,0.9777203633740935,1.8633982482035991,2.5692631953157763,0.30452110384383224,0.13705546718752598,0.2566732108938499,0.35518588493258973,31.8,56.73677880322002,15.932500000000001,56.10916666666666,1.0,0.0,1.0,1.0,0.2883901543298944,0.09547385413763614,0.256249417751878,0.3252821765005438,0.16943320203854292,0.08929077505320922,0.13910280471528072,0.20058847354085887,0.9582057171573535,0.011404869911753894,0.9541509094518161,0.9620921319870555,0.42285395763656636,0.1786040930129356,0.3586399108138239,0.48485785953177263
3,50,1.0,30,2.217629108374282,0.9842360988596394,1.8918569231945233,2.5631215555841047,2.126786838663504,1.2141714780824528,1.7413510637484757,2.5619090924621277,0.3519619481790056,0.12590563682565822,0.31044337512613823,0.3970345523178019,59.333333333333336,87.57000483685287,32.89666666666667,92.63333333333334,1.0,0.0,1.0,1.0,0.2730668016313285,0.09068358907169981,0.24196698109868223,0.30661626785847274,0.12107692077959209,0.09256954002395887,0.09032711633787763,0.15314057090943575,0.9532452630612477,0.018641064198934527,0.9465418054654016,0.9590361686033086,0.4150501672240802,0.215736451287917,0.34190635451505025,0.4926811594202898
3,100,0.0,30,2.634863100326928,1.266314324793385,2.224353967399429,3.1121625918771847,3.2258149071014524,2.0811533454840356,2.5852689840799714,4.022398231670747,0.1827888663147498,0.059571140702524096,0.16057595904607805,0.20502892215028853,42.233333333333334,58.16841383273306,26.032500000000002,68.08499999999998,0.970111111111111,0.08633660994684506,0.9357666666666667,0.9954444444444445,0.35243892905577556,0.09748199812532343,0.31999261516015154,0.38648173821050164,0.24311225341953882,0.09707162574774778,0.20985996022094106,0.27711129427249354,0.9709532895906209,0.011782306792252891,0.9665448808443179,0.9748119393931972,0.5032329988851727,0.22994414304827313,0.4244732441471572,0.5830741360089186
3,100,0.2,30,2.6834358691966878,1.540147927192221,2.1959948528565105,3.306535528399018,3.089333907611918,2.4523764765923315,2.3525196009182765,4.108025205807204,0.17039010640495178,0.06508003218516842,0.147545056955958,0.19386720319042425,31.3,53.09467795915337,18.1,53.312499999999986,0.951111111111111,0.18655853463582459,0.8768722222222222,0.9974444444444444,0.3354322000323529,0.09194876860917653,0.30416925974940723,0.36770149795780716,0.2332884670276362,0.10065087278054163,0.19821577705439558,0.27202634729836034,0.9685795578949301,0.012630940325154749,0.963857036308254,0.9726390203615454,0.48416945373467113,0.24417904116779685,0.40486622073578593,0.5749219620958751
3,100,0.4,30,2.5671470405360375,1.3691619466486358,2.146052016372761,3.0640246430471154,2.6331279085629107,1.6225751734742235,2.1606260528174928,3.241331011898763,0.23043243534771127,0.08606348130540288,0.20021587977113356,0.2623135940476729,33.0,46.65796306356911,20.497500000000002,50.60666666666666,0.9128888888888889,0.2581361625505954,0.813425,0.9896666666666667,0.2979730067901354,0.10955881472089592,0.25893578535601247,0.3338875096254543,0.19303371545905545,0.08944642166225955,0.1615807545758683,0.22321734993962164,0.9667750423836569,0.010792582993373873,0.9626698359582347,0.9703229144732958,0.4283166109253066,0.2102890164340009,0.3545039018952063,0.5001421404682274
3,100,0.6,30,3.215462090779914,2.0129514501800014,2.5946543670215707,3.9453314623091758,3.595999555046977,2.418064898198016,2.8351716903366744,4.490062784544401,0.27091415761015136,0.10454908348849748,0.2346481286260216,0.30998263653525343,35.46666666666667,44.301267463251826,23.365000000000002,53.339166666666664,0.9617777777777778,0.18239936254957964,0.8943277777777777,0.999,0.2993409056595782,0.09164709243643292,0.2673800940415679,0.3334776772827652,0.18369967080014377,0.08997600506153097,0.15329049902829478,0.21591203760001176,0.9617911144519175,0.011999868961861391,0.9575126013181494,0.9659550367767274,0.5195094760312152,0.2628482475094491,0.43978818283166105,0.6177313266443701
3,100,0.8,30,3.2247336819923196,1.4743905038205007,2.7059941326238324,3.781608128092848,3.789751042783057,2.401342730499593,3.0095778074612984,4.694690704522553,0.3252756732316814,0.15381876111122086,0.27347544247060257,0.38425858255123213,30.0,23.478530177810214,22.165833333333335,38.47083333333333,0.9884444444444446,0.026547627024624425,0.978438888888889,0.9966666666666667,0.3014925878034567,0.10053755412128161,0.2641760967876814,0.3368286635826096,0.18458893873936172,0.1143676438994427,0.14636674592829418,0.2228119764262954,0.9607910323163636,0.014937925484768484,0.9555418549432877,0.9657181204553382,0.5612040133779264,0.23684649813065503,0.48134894091415836,0.6437151616499442
3,100,1.0,30,3.0070066580857264,1.932684264013949,2.3747212379532163,3.7133546565381983,3.5276359168825975,2.7624065373105346,2.6752584588711152,4.511763914056676,0.36286345287247423,0.19118277602336964,0.29549666088729554,0.427220239996688,51.0,78.59937702657393,26.43166666666667,77.80583333333333,0.9964444444444444,0.01825601949399173,0.9895555555555556,1.0,0.31254888289415816,0.10668243947849525,0.2748954181610897,0.35105217039224285,0.13541273792975067,0.08236319353290289,0.10718098287271911,0.16442007946758314,0.9575071936678171,0.014756957618552377,0.9524253233445641,0.9628977452158907,0.4923076923076924,0.27231302120493006,0.3980741360089186,0.5893004459308806
5,20,0.0,30,1.786699286999615,0.885589393982629,1.4829922346322806,2.1250227922410536,1.7290341291235667,0.7989102820912375,1.4626126566623274,2.0510651464718017,0.16562134187391478,0.049770147826787,0.14758154969016485,0.1840209008071956,28.233333333333334,54.62895741734183,14.1325,52.0675,1.0,0.0,1.0,1.0,0.325607622511794,0.09719949502110438,0.2918482757187961,0.3628709302989222,0.19339521515490027,0.11526987420255168,0.1522048709064707,0.23502677295902363,0.9691765585916204,0.009989620307998258,0.9657074868518858,0.972681764682942,0.355072463768116,0.1966009920456397,0.2877341137123746,0.4228539576365663
5,20,0.2,30,1.8113662389207728,0.8137066855891005,1.5303232673303584,2.114580487255504,1.6945120082964704,0.698133169815749,1.4610601610529108,1.9378061657056964,0.20386693262581082,0.07610213891085402,0.17613346035403163,0.23025356253891574,22.533333333333335,23.959352552033696,14.92916666666667,31.90083333333333,1.0,0.0,1.0,1.0,0.3196826204904086,0.1078366280577923,0.2864838923356472,0.35922439512766835,0.20773921392685737,0.1198600193669128,0.16604147750893788,0.2500040320427999,0.9698744224869097,0.012190062015150572,0.9655053289862582,0.9740171179522851,0.35384615384615387,0.22458215233400788,0.2755741360089186,0.4386928651059086
5,20,0.4,30,1.8397332416097667,0.776644401138328,1.5763485484871196,2.127766787791408,1.8668724578566005,0.808588717291609,1.5831544979689605,2.181151016378521,0.2381325488500681,0.08463011312101597,0.20972694529596436,0.26862881986832554,18.8,11.21083220018432,15.033333333333333,22.76833333333333,1.0,0.0,1.0,1.0,0.3333210839514799,0.1164090556610242,0.29176261784092267,0.373327026126024,0.20685835794488786,0.12994524162972126,0.16255779725390868,0.25786720646364875,0.9674500179917188,0.011915319716947708,0.963034475991199,0.9713540583433842,0.34983277591973244,0.18010927286823802,0.2882831661092531,0.41595317725752506
5,20,0.6,30,1.817771581428692,0.578674358170699,1.6117095212428976,2.0184157045872806,1.813017121073112,0.7394462032164699,1.5561907031216902,2.0766025636666896,0.2536586813893856,0.079589589919139,0.22420814082561255,0.2794324723167056,23.533333333333335,21.99958202319768,16.03166666666667,31.96833333333333,1.0,0.0,1.0,1.0,0.3413865888904621,0.10165727398270785,0.3093364243790671,0.37951161837116504,0.19033870645987325,0.08481658144580993,0.16109403532214686,0.218020873313941,0.9647621131554739,0.009593686695015586,0.9613632389396176,0.9682199784411164,0.3701226309921963,0.1580198655782967,0.3120373467112598,0.4244537346711259
5,20,0.8,30,2.296747366131785,0.8421813766508449,2.0032429615737715,2.6045899711607685,2.3622327195993433,0.9978969086443821,2.029383736066563,2.7247495156839183,0.35792992077086766,0.1400691802321936,0.3076742599410469,0.4056864341892782,52.266666666666666,64.40279140091589,31.698333333333334,77.2725,1.0,0.0,1.0,1.0,0.27275081084985975,0.11928733585011057,0.22924660519938325,0.31321734255605566,0.16821088565847575,0.0750372254202244,0.14025084527085813,0.1964594798447923,0.9604929192097519,0.010590598162083348,0.9565837684065154,0.9644111568133057,0.4537346711259756,0.1850603891728809,0.38872352285395767,0.5244202898550725
5,20,1.0,30,2.0855955459432822,0.7285565443688661,1.847602819941272,2.3444348805652337,2.0023118067537062,1.033793507472435,1.6827230022988968,2.3929906366494293,0.4372761234637856,0.2088277458047034,0.36548331829085506,0.5113782373667851,46.9,73.94515675077409,23.393333333333338,79.43583333333333,1.0,0.0,1.0,1.0,0.27753431150056684,0.11833669952761466,0.23853063308182715,0.32069445946829844,0.1328695791338662,0.09733357631371789,0.09978964129618628,0.1655596522574733,0.9533192462593654,0.016926966865172713,0.9471366003932599,0.9592919842370765,0.39041248606466,0.20052648106974988,0.3202675585284281,0.45530100334448165
5,50,0.0,30,1.9491851307505685,1.2858406135362463,1.5628160696800175,2.432822395764733,1.835902958063132,0.8801171999008034,1.5627296617050441,2.173187967168683,0.18146185186129363,0.05992390914161355,0.16071789356776403,0.20240096425372228,39.96666666666667,76.56031353903536,16.598333333333336,68.11916666666664,1.0,0.0,1.0,1.0,0.3533767315767088,0.10051222265329107,0.31746958154580984,0.3885463873960152,0.22574614899202022,0.12049572665707553,0.18556531651820363,0.2735414008481651,0.9732368274593001,0.009003607589310604,0.9702164462504795,0.9764744959475,0.3173913043478261,0.20383908415302565,0.24860646599777037,0.3874052396878484
5,50,0.2,30,2.1458625034444934,1.282250735113951,1.7357564275376742,2.569183907104863,2.230072501353087,1.5865887661392966,1.732234032485179,2.813206429821966,0.19032329936053585,0.06626670340774389,0.16747377016634662,0.21435463009032493,31.166666666666668,58.07728699214363,14.665833333333333,52.71166666666666,1.0,0.0,1.0,1.0,0.3566257090197987,0.12803998370574232,0.31210077483368637,0.39941324347736507,0.22668669704330477,0.11343561767499306,0.1907783901969236,0.26996119992630513,0.9710520023352465,0.008734704076249164,0.9681240255925989,0.9742139574089772,0.3632107023411371,0.21278459572432978,0.29174470457079155,0.44182274247491643
5,50,0.4,30,2.2165955979277934,1.0359680464598393,1.8672418569195766,2.5532711100289536,2.112083813781019,0.9966045915241021,1.7911459092582944,2.44383836831899,0.2532222810116028,0.09144713458987777,0.22116508712051716,0.2828286114982134,49.4,57.14023885627119,31.16416666666667,70.43666666666667,1.0,0.0,1.0,1.0,0.29681062221549837,0.11856724989418439,0.2554699646254694,0.33534396247044906,0.20935261682072842,0.13660252466673597,0.1605899002938726,0.2561692875102266,0.9671239030648412,0.012656372773791912,0.9622209380162138,0.9711160650123083,0.3799331103678929,0.21270844983814974,0.3076839464882942,0.45474080267558536
5,50,0.6,30,2.4716451581350403,1.140541232718016,2.092845333290474,2.9122465039613212,2.5710030682716067,1.3140519670996795,2.1569851059278715,3.06403675370203,0.2841129329830306,0.09812890237165171,0.24990354718566646,0.31662361683888374,33.63333333333333,34.64348805140464,22.162500000000005,46.63666666666666,1.0,0.0,1.0,1.0,0.34009036433580314,0.07954714446555637,0.3110678229365252,0.36710301896644226,0.18878494245707791,0.0884729482832413,0.1591380685610133,0.2212333120928901,0.9639622442117947,0.010207842537210068,0.9602837931188183,0.9673114511431152,0.45841694537346717,0.20234172487733026,0.38724637681159424,0.5278901895206243
5,50,0.8,30,2.2927419844288988,1.0188507896984842,1.9156076233364976,2.6416137937763002,2.590026435518795,1.7742886020459443,2.010889025534308,3.2588931770173635,0.29619279880387234,0.14478014468081932,0.24956875200384332,0.3515108207481511,36.4,59.82653084630137,18.866666666666667,62.3675,0.9968888888888888,0.01262283199649547,0.9916666666666667,1.0,0.28804423924572475,0.09926604151641412,0.25404713245888716,0.32313936150510847,0.1386038593417,0.06329654008915059,0.11590825074463652,0.16164953170150922,0.9596414167271783,0.011287264705734788,0.9556406055925981,0.9635172602885695,0.4209587513935339,0.2307228167533854,0.33542642140468226,0.5023494983277592
5,50,1.0,30,2.742452946957349,1.3371544002682978,2.3575711741801983,3.2351694515331486,2.926786464825405,1.8274699335619822,2.396389614629043,3.620656329207044,0.38003583854642053,0.11670512344570974,0.33572466165756376,0.4232425190649664,68.23333333333333,80.3083210930325,41.830000000000005,99.41,0.9977777777777778,0.01217161238900369,0.9933333333333334,1.0,0.27188057711029207,0.08844870344745918,0.24218686499212888,0.30455874228042007,0.13558931562555757,0.08543417039829662,0.10353719226395729,0.1651377705675541,0.9524819137909449,0.015393231173320483,0.9468306423915914,0.9576060401033589,0.49264214046822746,0.19469473682673238,0.42963768115942036,0.5609838350055742
5,100,0.0,30,2.4697466509433053,1.6386886440433106,1.9357552592846006,3.052228628030437,2.814166262180015,2.2122084282130245,2.08925919838984,3.6641540970164246,0.15928955402617753,0.06098589361590718,0.13909830335524162,0.18114297496430934,45.13333333333333,74.4370751770886,22.230833333333337,72.80083333333333,0.956,0.13618896045638784,0.9054305555555556,0.9925555555555554,0.31505672558093867,0.09431682705732035,0.28066308729387407,0.34569167039021936,0.1890414906945873,0.12818674817271794,0.14609306154152685,0.23175774418011358,0.9660190018631929,0.01442052645308114,0.9604851295287626,0.9708275328868604,0.45462653288740246,0.31307552831295343,0.34388517279821634,0.5631577480490524
5,100,0.2,30,2.55339477895204,1.0631826163471323,2.199886538058854,2.923143579006746,2.817795896533874,1.7486167537685375,2.2519786565103583,3.4930839020059814,0.1923039511200543,0.07235558291753574,0.16743449818112952,0.21795377465836896,30.933333333333334,52.94104289668372,17.8325,51.21416666666666,0.9938888888888889,0.02209494200771736,0.9847777777777778,0.9998888888888888,0.3126681466188135,0.10495773795828858,0.2779214445338173,0.35103686204163104,0.1965906758888315,0.09582820697287339,0.16176354812831734,0.22943718267783406,0.9665730141765106,0.011368524826818827,0.9626318050889028,0.9704531986709745,0.4577480490523969,0.24235416418843655,0.37438684503901903,0.5414994425863991
5,100,0.4,30,2.7668248849695347,1.2068031874678522,2.3585494196119487,3.1939950055060513,2.8940928181763854,1.2547031670376865,2.456315277418183,3.317799672582431,0.23743324631412818,0.0943479764997983,0.20391402328528105,0.2725634502101495,43.266666666666666,62.36042806544666,23.498333333333335,68.27333333333333,0.9628888888888889,0.1410163799440192,0.9057777777777777,1.0,0.31723309146392975,0.11078567729832864,0.2774694579005826,0.3547400518630857,0.1969637642945788,0.10925959520740695,0.16074899595592748,0.2350120749702928,0.9673725982732952,0.010208541230956651,0.963573703100693,0.9708060974886414,0.507803790412486,0.2351560619096207,0.42930323299888523,0.5870707915273135
5,100,0.6,30,3.2064590331626364,1.5449799129601849,2.693120481033142,3.7670989463870916,3.957005583806752,2.3068239700808046,3.1681702483400107,4.806824950571498,0.27289792133977236,0.11530064927404797,0.2351735270652543,0.3135506278491871,44.13333333333333,65.05845293926511,25.39416666666667,68.67,0.9809999999999999,0.06798777217081729,0.9548833333333333,0.9988888888888888,0.3328634914671502,0.09007748335352961,0.29891508393315774,0.3630431466851928,0.1988898213987131,0.09209033318544335,0.16820548209040542,0.23111443785427743,0.9665869779280023,0.012861489309763415,0.9619833961736487,0.970994995220982,0.561426978818283,0.252891640630053,0.47579152731326657,0.6498411371237458
5,100,0.8,30,3.352797875256873,1.6911795233563283,2.8380067360237953,3.982882777520259,3.9679249394922675,2.5287010079473213,3.162977916248601,4.9585349286374125,0.32337798115841293,0.13445647856015555,0.2771286682836314,0.3739168906326039,45.7,50.81552165804569,28.795000000000005,65.80999999999999,0.9865555555555555,0.04085750711450407,0.970775,0.9984444444444445,0.2999943103952213,0.10443691759985338,0.26347881930417366,0.33658316980738645,0.18984347269676868,0.09219625642145098,0.15799835102838589,0.22194121974709863,0.9646882036162743,0.012518052189048178,0.9602074249684401,0.9689878430230446,0.5574136008918618,0.21347543194073643,0.4869453734671126,0.6367001114827201
5,100,1.0,30,2.5205327060873355,1.4859348623216373,2.028819773264487,3.1165971958024747,2.545564254652634,2.0051263397319303,1.9498414135803503,3.364238878547358,0.40618478055203894,0.16545469553202632,0.350264450461608,0.4648891049299874,53.4,76.0016333762773,28.866666666666667,83.03916666666666,1.0,0.0,1.0,1.0,0.29795378427195984,0.10601291044024187,0.2625420177270253,0.3350622599262711,0.12110329903121077,0.08316142373433952,0.0906754795729774,0.1515870537038068,0.9562141655649044,0.017963716248018027,0.9500886569520818,0.9626065685864118,0.41259754738015614,0.22152329325004655,0.3349916387959866,0.4893506131549609
10,20,0.0,30,1.77089042196416,0.7754135323022603,1.5167127778940992,2.0668771524677343,1.743438333261086,0.8974758254201438,1.4829423647976976,2.1018176946660065,0.18932837733787755,0.06656764114654996,0.16680221097551634,0.21192797335927174,32.5,32.9113228602831,21.762500000000003,44.40583333333333,1.0,0.0,1.0,1.0,0.3145359837260032,0.10776805229483338,0.27913985802839664,0.35698989377712886,0.1821660696796408,0.10924270985508326,0.14257181130502156,0.22237861708899442,0.9666445430381142,0.014822471026160662,0.9610374447415142,0.971991887297435,0.372463768115942,0.20363866235015315,0.3037820512820512,0.44684503901895206
10,20,0.2,30,1.7771639534955561,0.8386253833106759,1.4932090554911173,2.0792533927214922,1.6475245827992937,0.7023343045051602,1.3944319684091842,1.8966216946892582,0.19023534276306195,0.07326050811142254,0.16574892742166694,0.21593372692078144,24.733333333333334,47.43484339402936,10.966666666666667,42.93999999999999,1.0,0.0,1.0,1.0,0.35264198675338576,0.10572580029085986,0.3175492811995878,0.38627895050279554,0.1756584101176936,0.11461220338995869,0.1376566416482867,0.21785140856990523,0.9685671816686782,0.00904906808312375,0.9654877094598338,0.9717198108181349,0.3319955406911929,0.21948273756602416,0.25930323299888514,0.4104849498327759
10,20,0.4,30,1.9359276329138912,0.8082791928541136,1.681545083703455,2.243308728656502,1.9126158536369007,0.7316180692148079,1.6858826150507014,2.1836951524349977,0.22003615342062463,0.07919075163536705,0.1950182271447028,0.2489913532560751,44.166666666666664,76.88328966612355,20.1325,75.27166666666666,1.0,0.0,1.0,1.0,0.31802245052908656,0.1093838087383179,0.27794524193910475,0.35433899987517203,0.15258230103514994,0.08575009947539679,0.12376982214670439,0.18018337631060025,0.9649726113320545,0.012748026780163879,0.9600141660890588,0.9692534583217514,0.4107023411371238,0.19309786368169402,0.3475752508361205,0.48075808249721297
10,20,0.6,30,2.090351329548325,0.9422342496529424,1.7652926764521792,2.448058481047432,2.2018186571673217,0.992021451642595,1.8644945049926818,2.552087974993077,0.29076039898473405,0.13025351385138612,0.24691133631489073,0.3391050009888084,29.866666666666667,61.40129917379505,12.731666666666667,54.50333333333333,1.0,0.0,1.0,1.0,0.2981553489357894,0.10321596767032798,0.265906053697932,0.33542376811375735,0.1951028750287901,0.11668497891349554,0.15693920764303054,0.2365625146982773,0.968129441810829,0.010648647119653045,0.9646830698874246,0.971825778710052,0.39832775919732444,0.20946461584774162,0.323288740245262,0.466711259754738
10,20,0.8,30,1.834541940046062,0.7142632129764793,1.607298797865321,2.1062683657869803,1.881026022492609,0.848526900216525,1.582906480509098,2.1874899209994374,0.34410020334278896,0.1727276217271455,0.2804887380689643,0.40691925146054736,62.5,95.1132718539249,31.530833333333337,100.87333333333332,1.0,0.0,1.0,1.0,0.28979160011593746,0.08561016205488277,0.2583820244274023,0.31998098677969955,0.1647339578988911,0.08331572646052653,0.13418043217845838,0.19529885300133104,0.9609368755480188,0.01204380790926519,0.9563526152782278,0.9652345489811831,0.3507246376811593,0.16334264480158275,0.2970958751393534,0.41017279821627645
10,20,1.0,30,2.190090203129921,0.8653658632264347,1.8917990092666526,2.500573978190116,2.0759536663086604,0.9189229995444879,1.7546636386051009,2.3985215534550726,0.3930920281712443,0.20522685736529445,0.32112971339801716,0.4646709795321834,39.766666666666666,74.76246676495907,16.865000000000002,69.97166666666666,1.0,0.0,1.0,1.0,0.23442159976845967,0.08795929539673207,0.20509619643168284,0.26433473655389167,0.12639396719390059,0.0873635453071135,0.09751090518856018,0.1598924946509953,0.9517391795553819,0.015707367473833667,0.9462038808982565,0.9570427776568956,0.406911928651059,0.20126450901463885,0.3371181716833891,0.4770373467112597
10,50,0.0,30,1.8611345504205496,0.5329639828211077,1.68922277030136,2.043202653204624,1.8918196648442733,0.9885129605779166,1.5865796448613585,2.2883591618709263,0.18932754023533643,0.06582431638213698,0.16530049631200128,0.21262284497444545,21.666666666666668,29.595355336120974,13.066666666666666,34.10833333333333,0.9983333333333333,0.009128709291752775,0.9949583333333333,1.0,0.36853205072251244,0.10290300931640185,0.3329909239245374,0.4039154792095244,0.17887642441338203,0.08320281384812232,0.14873601052568772,0.20576113551811182,0.969283528969187,0.010987167579292162,0.9652350522668145,0.9730188890231862,0.3623188405797101,0.15955988456878598,0.30802118171683385,0.4177508361204013
10,50,0.2,30,2.148916760379339,1.0082798953841536,1.8096234883362974,2.5268834935200677,2.258857658057349,1.239450818998646,1.8368334574571437,2.7549810421217473,0.20492107517776356,0.07332368474946081,0.17845081274414695,0.2317686044480612,42.1,76.88430627718596,20.063333333333336,72.70333333333333,0.9962222222222222,0.020691741061306265,0.9886666666666667,1.0,0.33619619516762406,0.08850490273621339,0.30433575161487525,0.36924934949711813,0.16212053097252965,0.09330087687000446,0.12941988155075773,0.19688952201520377,0.9657726271781152,0.010155864113851252,0.9623044008998956,0.9692611573992546,0.41304347826086957,0.23897574178907557,0.3250557413600893,0.49904403567447037
10,50,0.4,30,2.21921470223886,1.1376052881790575,1.847583481179728,2.6297666380903295,2.382778612104218,1.7268242571021153,1.8466201174222536,3.051892001554492,0.22268969373800246,0.07345092535116501,0.1988314937089106,0.2500736745102809,34.46666666666667,58.77821161722718,17.82916666666667,58.646666666666654,1.0,0.0,1.0,1.0,0.3113369630588349,0.11039276774347696,0.27577518139825624,0.3522921940308834,0.20721787384507515,0.10926066499627342,0.17096873387007253,0.2460431064824647,0.9656059843216358,0.012162370574475004,0.9612799042243959,0.9697614459030245,0.4239687848383501,0.23510783434698404,0.3459141583054626,0.507051282051282
10,50,0.6,30,2.579849032457519,1.4330214845297238,2.1577193026104338,3.121955055744816,2.4723639520272034,1.3189278551942012,2.0487030314204246,2.9359239751065567,0.2747336564870341,0.08966079099346351,0.2444154132975617,0.305945011106856,21.766666666666666,24.991975723714052,14.363333333333337,31.40083333333333,1.0,0.0,1.0,1.0,0.32815411689473256,0.09955505270558208,0.2946094899313813,0.3635681997341119,0.1947128018925936,0.11426978124270332,0.15792692991102145,0.2374783971258734,0.9658710679586081,0.01489309910586866,0.9607149143928113,0.9711171374255562,0.4467112597547381,0.20674811734770063,0.37833333333333335,0.5202982162764772
10,50,0.8,30,2.588361300913322,0.8556417467690587,2.313151735549385,2.8650471486530886,2.3737998628379184,0.8988970548823506,2.071386961298661,2.6783336985381885,0.38204177329292904,0.12980931480890928,0.33902429062380646,0.4265456312116639,42.13333333333333,62.71706215263492,23.566666666666666,66.86916666666666,1.0,0.0,1.0,1.0,0.283052600148529,0.0960488831401854,0.2533677360591263,0.3182866620759775,0.15398115321142722,0.09304528044385464,0.12554202436673548,0.19021162902662866,0.9598160518161616,0.01388533543926215,0.9552645257058134,0.9646319503736228,0.46767001114827206,0.17716955738830772,0.4082497212931996,0.5255323299888517
10,50,1.0,30,2.30583391796186,1.0929564757948438,1.9318582569132356,2.71914160158919,2.427769580759545,1.7847684020068781,1.8977670688895132,3.1250138745153437,0.4808760869163654,0.2197920370687756,0.40711647925995653,0.5649512357404242,44.46666666666667,62.648297625732006,25.09666666666667,67.40166666666667,0.9974444444444444,0.013997354247354243,0.9923333333333333,1.0,0.2858258556708997,0.1275783829468642,0.23741896068941393,0.3294718317137262,0.09055778159880275,0.06635946857894887,0.06667852393858015,0.11306233286284567,0.9474439446328144,0.017553457166957463,0.940357046278259,0.9534007006490377,0.3924191750278707,0.22417463218459213,0.3158221850613155,0.471577480490524
10,100,0.0,30,2.4887314362241963,1.0640574627028927,2.1202204015252177,2.8550738931328565,2.731877804898579,1.577183993811118,2.1955816316102985,3.275892232070837,0.18192650442250355,0.06435460370326662,0.1597721909088045,0.20441762213060843,41.4,59.36944529370944,22.930833333333336,64.64083333333333,0.9883333333333333,0.03572725544467691,0.9748833333333333,0.9995555555555555,0.33085594643583077,0.09356013332536717,0.29679308397393367,0.362714565954407,0.18618482798015676,0.08464728211734432,0.1576755754316209,0.21671950777811022,0.9668721149978722,0.009200345799062577,0.9635758051519189,0.970325951234665,0.49018952062430327,0.25694057133498993,0.3961900780379041,0.5748216276477147
10,100,0.2,30,2.7790756621158588,2.0255491378945454,2.1685573533650464,3.5853354086955953,3.106074695288927,2.8769269963143382,2.2563081176056463,4.2165924164185915,0.20050056106674063,0.0669057085095906,0.178536303647464,0.2254901415078819,35.93333333333333,55.13177526325595,19.999166666666667,58.279166666666654,0.9722222222222222,0.09720749751657794,0.9313277777777776,0.9975555555555555,0.3367050246396349,0.08500266230391727,0.3057816878538107,0.3688116259507141,0.19466199250135272,0.10361628558787415,0.15859389013953926,0.23120122247526534,0.9673754227898559,0.010787181840063088,0.9633554560676787,0.9708982700517823,0.5172798216276477,0.24297818730005044,0.43374860646599783,0.6007134894091416
10,100,0.4,30,3.455743058343391,1.543554646318492,2.956705119571322,4.0032855326294445,3.7429853446541776,2.267601431740355,3.0129515818231303,4.531928850546265,0.26329215451515914,0.09838966530008736,0.2281959821523728,0.29631250570955864,52.43333333333333,73.73329540021057,29.89416666666667,83.60249999999999,0.9856666666666667,0.04246386789528661,0.969,0.9993333333333333,0.3230225025162486,0.121244077653302,0.2812031029519784,0.36481160438189786,0.21401248086354888,0.12235438399679874,0.1730926526316163,0.25570659662969486,0.9681239335724723,0.011963706466100654,0.9636007441810499,0.9720576577519403,0.5923076923076923,0.24542324058615322,0.5103567447045707,0.6726142697881827
10,100,0.6,30,3.1576652141239405,1.5003267521350083,2.665428889054088,3.7134563567255445,3.32486792762858,1.9681633687787778,2.667274946987235,4.079445443523264,0.2733017959235195,0.11671588107802766,0.23426195881700781,0.313861960050208,41.13333333333333,62.80332372784397,22.1325,65.04416666666665,0.9791111111111112,0.0787932613438841,0.947425,0.9979999999999999,0.2909177055593047,0.09034631131844395,0.25938577745958263,0.3210158331404914,0.16103501490941008,0.09375530517479541,0.1264171863596931,0.19419951651127532,0.9614015897729921,0.009952153633845938,0.9577692327767581,0.9647277325375091,0.543701226309922,0.22046422196948987,0.46509197324414703,0.6254236343366778
10,100,0.8,30,3.5535396984636805,2.2194250387261802,2.8253995964370033,4.392112060109169,3.9293306401443906,3.3841585561793353,2.9025658604681794,5.199334736145805,0.353736077975985,0.1214235914823616,0.30888960328879556,0.39756346513125207,56.766666666666666,77.49513147481493,31.8325,87.30833333333332,0.9954444444444445,0.024951805397457567,0.9863333333333333,1.0,0.3020019578837877,0.10975422371718997,0.2645405026284748,0.34094987487465395,0.14656213259115053,0.0634483066969123,0.12422921184211574,0.16942556849151486,0.9582228115931384,0.01397634758869194,0.9531383414094042,0.9629375730465439,0.50479375696767,0.2256111814890412,0.429860646599777,0.5845373467112597
10,100,1.0,30,3.1298340409455148,1.4469510738984235,2.715891565894894,3.68337129231717,3.2945644261538374,1.8004208397231558,2.728313809672283,3.9696947012553228,0.38832175091659976,0.14810031056915354,0.33685991245603664,0.4433258043177434,44.53333333333333,58.08657826652078,26.73166666666667,65.86749999999999,0.9878888888888889,0.06633528752007013,0.9636666666666667,1.0,0.29021057283908447,0.10047706444497666,0.2572001335958616,0.32689629535671405,0.13607890075573162,0.08455969875138389,0.10715717127624909,0.1649590108410363,0.957525426512798,0.013137934433135177,0.9530714645515829,0.9616579779118241,0.5255295429208473,0.1869007858249406,0.46453734671125974,0.5907608695652173
