hft_frac,info_lag,speed_mult,vol_ratio,spread_ratio,max_drawdown,recovery_time,mm_panic_ratio,run,grid
0.0,1,2,2.8803139521619823,3.261829286866502,0.2773654916512059,33,1.0,0,combined
0.0,1,2,5.786714929121476,5.6260657273977,0.12462612163509472,17,0.9366666666666666,1,combined
0.0,1,2,2.313299032085386,4.409661311100974,0.16386554621848748,14,1.0,2,combined
0.0,1,2,0.8777238848194294,1.1431332538428989,0.13175355450236972,31,1.0,3,combined
0.0,1,2,2.7109279134216466,2.9151202671035494,0.12251308900523564,19,1.0,4,combined
0.0,1,2,2.025425101324818,1.888336082466851,0.0960163432073545,19,1.0,5,combined
0.0,1,2,2.800115712782059,2.7694842938943416,0.2092050209205021,21,1.0,6,combined
0.0,1,2,1.153816885299898,0.9730880849711004,0.15979381443298968,122,1.0,7,combined
0.0,1,2,4.353860555260846,3.1980180117685695,0.273224043715847,6,1.0,8,combined
0.0,1,2,1.7900284053367663,1.1025630845816932,0.2788649706457926,44,1.0,9,combined
0.0,1,2,2.5204121932791153,2.7683036975367363,0.17460317460317454,30,0.9433333333333334,10,combined
0.0,1,2,2.8397595712781696,2.7933325803676863,0.12044817927170862,19,1.0,11,combined
0.0,1,2,1.9747758289230672,2.121158737973323,0.09009009009009009,22,1.0,12,combined
0.0,1,2,2.686831095753481,2.7354761832521257,0.10028653295128939,12,0.97,13,combined
0.0,1,2,3.125062242606003,3.9565919727715984,0.21937639198218267,36,1.0,14,combined
0.0,1,2,2.2809601593694553,2.382578811699923,0.12662337662337664,16,1.0,15,combined
0.0,1,2,1.3103813140072613,1.1698991901763685,0.09718172983479105,22,1.0,16,combined
0.0,1,2,1.2166844779442976,1.1103900827969448,0.15929203539823011,19,1.0,17,combined
0.0,1,2,1.133798808882132,1.2894353691774876,0.11076923076923074,10,1.0,18,combined
0.0,1,2,2.7395053929530513,2.171262060144826,0.17369477911646586,23,1.0,19,combined
0.0,1,2,1.7967880977463973,1.466817212240189,0.21314741035856577,15,1.0,20,combined
0.0,1,2,1.809193874642663,1.8983797101880755,0.10718002081165451,12,1.0,21,combined
0.0,1,2,3.7452144668458778,4.705597318285675,0.09337068160597572,15,0.9033333333333333,22,combined
0.0,1,2,1.9086633564743913,2.394943044340344,0.10974358974358978,25,0.9133333333333333,23,combined
0.0,1,2,3.4835212698689175,3.3379259048030088,0.19138755980861244,71,1.0,24,combined
0.0,1,2,1.0553492777855114,1.0516024396858528,0.13760504201680682,1,1.0,25,combined
0.0,1,2,3.40263309559607,3.3970986035895367,0.18953068592057762,12,1.0,26,combined
0.0,1,2,1.5154636515549462,1.2240265051326424,0.20862587763289867,17,1.0,27,combined
0.0,1,2,1.2112734846793778,1.0268714205444878,0.08807829181494667,16,1.0,28,combined
0.0,1,2,1.9474293213110325,2.3950620490728274,0.1538461538461538,14,0.9633333333333334,29,combined
0.2,1,2,1.3250194904628325,1.3528528039466954,0.23283858998144707,300,1.0,0,combined
0.2,1,2,1.873887255929673,2.0190800438520218,0.20321931589537226,10,1.0,1,combined
0.2,1,2,4.2131201434835335,5.905843962887823,0.16735112936344979,28,0.7666666666666667,2,combined
0.2,1,2,1.2357880813085367,1.6022682693626324,0.08228460793804453,32,1.0,3,combined
0.2,1,2,1.4709292346717453,1.43393678248053,0.20540540540540542,1,1.0,4,combined
0.2,1,2,2.2794707932675236,2.2559146477617906,0.2871900826446281,4,1.0,5,combined
0.2,1,2,3.656432777483333,5.987899921951564,0.1252587991718426,31,0.92,6,combined
0.2,1,2,2.030211351646927,2.164540185461005,0.30115511551155116,54,1.0,7,combined
0.2,1,2,1.1587201551100559,1.9201301906760535,0.12942366026289193,10,0.08333333333333333,8,combined
0.2,1,2,1.8806815143979063,2.037430436627943,0.15927419354838707,34,1.0,9,combined
0.2,1,2,1.2129170366371482,1.008417965216463,0.09915014164305948,21,1.0,10,combined
0.2,1,2,2.239410774576251,2.391441976488613,0.14785992217898836,41,1.0,11,combined
0.2,1,2,1.6139650467850828,1.635058510146512,0.18290043290043295,5,1.0,12,combined
0.2,1,2,0.8717573793587887,0.8250983895508092,0.15282051282051287,62,1.0,13,combined
0.2,1,2,3.231390216409942,3.77435432454451,0.1568627450980392,24,1.0,14,combined
0.2,1,2,2.6030247589713764,2.554605752366602,0.265810276679842,36,1.0,15,combined
0.2,1,2,4.5426853616515706,8.162922779944864,0.14830970556161405,11,0.9633333333333334,16,combined
0.2,1,2,2.15395435258245,2.6701305531190735,0.1926701570680629,13,1.0,17,combined
0.2,1,2,4.501452194829588,4.289671504349823,0.19083969465648853,27,1.0,18,combined
0.2,1,2,4.4353960599936,5.216454563437638,0.11222444889779562,52,0.9666666666666667,19,combined
0.2,1,2,1.674942759370755,1.5317130327022197,0.16562500000000005,23,1.0,20,combined
0.2,1,2,2.094451924026886,1.7774887077019021,0.21157684630738524,7,1.0,21,combined
0.2,1,2,1.4331288921418823,1.2795964477690303,0.21361256544502624,62,1.0,22,combined
0.2,1,2,1.9856562923876557,2.0489540912863866,0.09967141292442491,4,1.0,23,combined
0.2,1,2,1.4774499349670482,1.6557475920195286,0.17847025495750712,7,1.0,24,combined
0.2,1,2,1.3746586455684868,1.171762924757164,0.24511718750000008,15,1.0,25,combined
0.2,1,2,2.886459248336642,4.000981841866279,0.16448801742919383,32,1.0,26,combined
0.2,1,2,2.424545273720695,1.9497248894149721,0.3268206039076376,56,1.0,27,combined
0.2,1,2,1.27050668704413,1.5433485648510512,0.19614147909967844,7,1.0,28,combined
0.2,1,2,7.1763722071403135,6.821058516582368,0.19918699186991878,10,1.0,29,combined
0.4,1,2,1.2421348967787482,1.4175005656349249,0.2624254473161033,18,1.0,0,combined
0.4,1,2,4.565018709883832,4.371317478542915,0.23716814159292032,141,1.0,1,combined
0.4,1,2,2.6301558232656466,2.952025886192903,0.1866977829638273,7,1.0,2,combined
0.4,1,2,8.596899525898666,12.327743836867226,0.3226744186046511,36,0.91,3,combined
0.4,1,2,1.6994238940780777,2.0709841726642733,0.11674008810572681,16,1.0,4,combined
0.4,1,2,1.5717972579466504,1.5475292719134854,0.11935110081112396,8,1.0,5,combined
0.4,1,2,1.712883350573492,2.4494193996696545,0.09573459715639805,20,0.6533333333333333,6,combined
0.4,1,2,2.532435489328545,2.443875030449823,0.1926147704590818,4,1.0,7,combined
0.4,1,2,2.5462519972559345,3.283239376232939,0.22290388548057258,45,1.0,8,combined
0.4,1,2,1.698328887727691,1.5886102781693243,0.26748057713651496,7,1.0,9,combined
0.4,1,2,2.631079146283208,2.375608215236038,0.19855595667870038,13,1.0,10,combined
0.4,1,2,0.785961723362384,0.9509024009544643,0.12705366922234387,52,1.0,11,combined
0.4,1,2,3.865504545740032,2.878626306129062,0.31559633027522943,66,1.0,12,combined
0.4,1,2,1.3572391172637313,1.508986122825544,0.09008097165991895,2,1.0,13,combined
0.4,1,2,1.5607057757410647,1.5224935764747434,0.13608870967741934,21,1.0,14,combined
0.4,1,2,2.706528386446143,2.546104906558776,0.22336769759450173,26,1.0,15,combined
0.4,1,2,2.4200049701877204,3.343970706031569,0.12381852551984872,8,1.0,16,combined
0.4,1,2,4.543637041612001,4.402568467358792,0.29320722269991395,101,1.0,17,combined
0.4,1,2,1.6986112407559026,1.5916178528401126,0.2160694896851248,1,1.0,18,combined
0.4,1,2,1.1266024444535858,1.2797527388023662,0.1541353383458647,10,1.0,19,combined
0.4,1,2,1.9114861997054424,1.7905144849455528,0.21685689201053557,9,1.0,20,combined
0.4,1,2,1.774333969473541,2.067319929343499,0.23001776198934273,300,1.0,21,combined
0.4,1,2,1.6672063673103996,1.6320846065270156,0.21217547000895257,4,1.0,22,combined
0.4,1,2,1.791606750993825,1.9829490248711958,0.23725490196078433,120,1.0,23,combined
0.4,1,2,2.7499052103215367,4.479403176618114,0.19457013574660634,36,1.0,24,combined
0.4,1,2,1.7916340931182926,1.764677836008163,0.18299999999999997,42,1.0,25,combined
0.4,1,2,2.5267871877809283,2.657059559383029,0.25643666323377956,6,1.0,26,combined
0.4,1,2,2.304524155682738,2.4020884455416285,0.16145833333333334,9,1.0,27,combined
0.4,1,2,2.054314914588541,2.8210078870460107,0.09781576448243112,16,0.99,28,combined
0.4,1,2,2.190461088537415,2.0842903580896377,0.15217391304347833,38,1.0,29,combined
0.6,1,2,3.9794007216827274,2.873106434258462,0.26980728051391867,17,1.0,0,combined
0.6,1,2,0.7430071020201104,0.7317573886631193,0.3450184501845019,24,1.0,1,combined
0.6,1,2,3.0338395488916117,2.958686858400392,0.10504201680672269,7,1.0,2,combined
0.6,1,2,1.0909683550462663,1.07155863481885,0.3319630010277492,16,1.0,3,combined
0.6,1,2,1.226462672349121,1.1291867750689164,0.2915094339622642,26,1.0,4,combined
0.6,1,2,5.358880403956859,6.806527742426927,0.3852295409181637,300,1.0,5,combined
0.6,1,2,2.243013685999794,2.2485860790812264,0.2615859938208032,6,1.0,6,combined
0.6,1,2,1.7375209164829015,1.4439326995912376,0.16647264260768346,166,1.0,7,combined
0.6,1,2,4.8912761179323265,5.044009734563575,0.3676470588235295,14,1.0,8,combined
0.6,1,2,2.41171618682127,2.167579581903228,0.13768115942028983,3,1.0,9,combined
0.6,1,2,5.225571066978904,6.317411661155959,0.17790262172284646,41,0.7233333333333334,10,combined
0.6,1,2,2.431194485896775,1.8338852782553103,0.28419010669253153,18,1.0,11,combined
0.6,1,2,5.308607056392331,6.833433020557254,0.33300395256917,84,1.0,12,combined
0.6,1,2,2.5726359674566375,3.072878915619258,0.13929313929313936,23,1.0,13,combined
0.6,1,2,2.8256178776185212,2.334941727355577,0.27459954233409617,15,1.0,14,combined
0.6,1,2,4.059710184187429,4.773117467935818,0.41411042944785276,45,1.0,15,combined
0.6,1,2,1.4475271058017904,1.8647937507968195,0.28288100208768263,6,1.0,16,combined
0.6,1,2,1.2298398888471516,1.2036902684065516,0.48565965583174,22,1.0,17,combined
0.6,1,2,4.263376445707906,6.28604228135181,0.1050505050505051,17,0.9566666666666667,18,combined
0.6,1,2,2.860641193313771,3.3103068049196973,0.13646288209606988,10,0.9666666666666667,19,combined
0.6,1,2,1.1156070971787655,1.2429858170576686,0.1899141630901288,28,1.0,20,combined
0.6,1,2,1.0839506166675403,1.072241543501449,0.27766179540709807,1,1.0,21,combined
0.6,1,2,2.148728986628471,2.059441028291607,0.3737060041407867,31,1.0,22,combined
0.6,1,2,2.0049067169672585,2.4624505870697515,0.5630975143403442,102,1.0,23,combined
0.6,1,2,3.744233923250722,3.5980490623471293,0.19525547445255467,19,1.0,24,combined
0.6,1,2,2.740088365316574,2.0953252701843503,0.23809523809523808,31,1.0,25,combined
0.6,1,2,1.6473234371904688,1.678491946847625,0.2754010695187166,16,1.0,26,combined
0.6,1,2,4.675372545697151,5.022466729371655,0.3197353914002205,49,1.0,27,combined
0.6,1,2,2.3385094803772866,2.147815490097852,0.10488058151609547,3,1.0,28,combined
0.6,1,2,1.1632941874029203,1.0785902386944668,0.09074733096085412,14,1.0,29,combined
0.8,1,2,0.7257238896826731,0.5872433615590125,0.39603106125970666,5,1.0,0,combined
0.8,1,2,2.3164214901825324,1.9422340526123394,0.37276995305164323,67,1.0,1,combined
0.8,1,2,2.722628213651331,2.609257287626233,0.4342245989304813,1,1.0,2,combined
0.8,1,2,3.7226369850990197,5.7828602568228495,0.23283582089552243,10,0.9766666666666667,3,combined
0.8,1,2,3.4345789140159315,2.946181767990903,0.4444444444444445,138,1.0,4,combined
0.8,1,2,1.6382575522780631,1.722286521576195,0.23832335329341317,30,1.0,5,combined
0.8,1,2,3.384779680740423,2.9604187961356367,0.2673076923076923,45,1.0,6,combined
0.8,1,2,7.772981390418854,14.420828759986774,0.3951612903225807,76,0.9166666666666666,7,combined
0.8,1,2,0.6550800839515393,0.7130563020163656,0.2852983988355168,300,1.0,8,combined
0.8,1,2,3.3386391185758573,4.021146212375956,0.2003891050583657,13,1.0,9,combined
0.8,1,2,2.6107523488027873,1.9452796923835667,0.10176531671858773,9,1.0,10,combined
0.8,1,2,2.747154650951337,2.4118618764994038,0.118942731277533,3,1.0,11,combined
0.8,1,2,1.972650169378815,1.770741794643071,0.19056974459724943,2,1.0,12,combined
0.8,1,2,3.6028519210401146,1.6721954368662377,0.3013013013013014,11,1.0,13,combined
0.8,1,2,2.594224177034373,2.3425031535116476,0.15972222222222218,0,1.0,14,combined
0.8,1,2,7.819509778254741,9.9638632035161,0.3071500503524673,16,1.0,15,combined
0.8,1,2,2.564022589407433,2.601817890623464,0.1951896392229417,53,1.0,16,combined
0.8,1,2,5.448962099776988,10.755877349566042,0.27589852008456656,12,0.9666666666666667,17,combined
0.8,1,2,2.421480229860096,2.4524808352215013,0.2821011673151751,8,1.0,18,combined
0.8,1,2,2.4837342212739193,2.264695746018916,0.3378640776699029,11,1.0,19,combined
0.8,1,2,1.6499290282918815,2.4109275247124717,0.3197916666666667,27,1.0,20,combined
0.8,1,2,1.879373732543597,1.8593029166955035,0.1785028790786949,79,1.0,21,combined
0.8,1,2,2.062008554545823,2.8511825026936646,0.16089613034623215,59,1.0,22,combined
0.8,1,2,2.409509419637811,2.0400410726788754,0.33938294010889297,11,1.0,23,combined
0.8,1,2,1.4157177074324947,1.8981753318391121,0.36818181818181817,36,1.0,24,combined
0.8,1,2,1.5600682767944452,2.1649548437979482,0.41352657004830917,62,1.0,25,combined
0.8,1,2,2.756076103392598,2.2316108952076545,0.21932367149758455,9,1.0,26,combined
0.8,1,2,1.2973596766118154,1.1545876152317263,0.11453320500481237,28,1.0,27,combined
0.8,1,2,1.1358187390596892,1.2236361703879168,0.19745222929936307,20,1.0,28,combined
0.8,1,2,1.038767316057188,1.2510230389287786,0.3907284768211921,300,1.0,29,combined
1.0,1,2,2.265194875287069,2.5802964055531694,0.2066298342541437,20,1.0,0,combined
1.0,1,2,5.124524886177189,6.530637805332965,0.45064377682403434,12,1.0,1,combined
1.0,1,2,1.1060529538037087,0.8564835884261538,0.35509554140127386,1,1.0,2,combined
1.0,1,2,2.7591486236236795,2.4307372098905575,0.5195729537366548,23,1.0,3,combined
1.0,1,2,2.8300975955571586,2.842356521772532,0.29889298892988936,12,1.0,4,combined
1.0,1,2,4.139160140583286,5.8015955784733055,0.22755102040816325,10,1.0,5,combined
1.0,1,2,6.824900798975138,5.987812679222002,0.49081632653061225,56,1.0,6,combined
1.0,1,2,3.1913376154164244,2.4776848415211736,0.3711967545638945,17,1.0,7,combined
1.0,1,2,2.9552533916495145,2.2494260867811975,0.30026572187776795,60,1.0,8,combined
1.0,1,2,9.835382999932056,13.18038822802361,0.3227408142999007,14,1.0,9,combined
1.0,1,2,4.772339274175924,6.737944064792303,0.19004524886877827,21,0.9633333333333334,10,combined
1.0,1,2,1.262640194625249,1.898742616412718,0.2924451665312754,19,1.0,11,combined
1.0,1,2,2.0844412457710173,1.9136146714799738,0.28151774785801714,50,1.0,12,combined
1.0,1,2,2.82135707893885,3.202698244775047,0.1345971563981043,52,0.93,13,combined
1.0,1,2,3.2666509681980638,5.113738772882182,0.197653429602888,212,0.6333333333333333,14,combined
1.0,1,2,2.181751652408653,2.4783806493834915,0.349802371541502,9,1.0,15,combined
1.0,1,2,2.231193065431487,2.5545479979901073,0.203862660944206,7,1.0,16,combined
1.0,1,2,3.9869804423466495,4.041629015988301,0.5238095238095238,39,1.0,17,combined
1.0,1,2,4.280122168669108,5.215786128566103,0.3824451410658307,8,1.0,18,combined
1.0,1,2,4.585340110549938,8.352822723614066,0.3099808061420345,127,0.7366666666666667,19,combined
1.0,1,2,4.077601915544157,3.462617024998438,0.45691609977324266,3,1.0,20,combined
1.0,1,2,1.247787606554358,1.346683294402666,0.4085432639649507,17,1.0,21,combined
1.0,1,2,1.3005061440048695,1.3701298899990901,0.1166525781910397,32,1.0,22,combined
1.0,1,2,2.219454544171912,1.7433071421776918,0.3959143968871595,112,1.0,23,combined
1.0,1,2,1.9810950142609447,1.7174069600229083,0.2999071494893222,254,1.0,24,combined
1.0,1,2,6.255589871501831,6.797457334014163,0.5465230166503428,82,1.0,25,combined
1.0,1,2,9.456083550097311,12.442659057661771,0.10263929618768329,48,0.96,26,combined
1.0,1,2,4.6475212721395325,4.6648262272524015,0.3348794063079777,36,0.93,27,combined
1.0,1,2,2.2453279006709317,1.7649859790525149,0.4202719406674908,2,1.0,28,combined
1.0,1,2,1.9248822162022559,1.5915222257298183,0.276268115942029,130,1.0,29,combined
0.0,3,2,3.408946468411379,3.0041197623282625,0.19308943089430894,23,1.0,0,combined
0.0,3,2,3.511013970447475,3.3433461420815336,0.15064420218037664,8,1.0,1,combined
0.0,3,2,1.1089224973850909,1.5126367424386573,0.13418903150525088,21,1.0,2,combined
0.0,3,2,1.8626224968660143,1.5014333353864373,0.08257713248638845,42,1.0,3,combined
0.0,3,2,4.207655501094477,2.8755068809779454,0.2222222222222222,39,1.0,4,combined
0.0,3,2,3.3663901784529364,4.089903057804961,0.1387096774193549,20,1.0,5,combined
0.0,3,2,1.443997591715649,1.3728332086808088,0.09174311926605505,18,1.0,6,combined
0.0,3,2,1.0097365722020366,0.8782716420100009,0.16620752984389356,13,1.0,7,combined
0.0,3,2,1.8193661545505084,2.5434336350739315,0.13429951690821262,19,1.0,8,combined
0.0,3,2,3.629411150088864,3.171464661741645,0.23735408560311277,22,1.0,9,combined
0.0,3,2,1.2369574073875682,1.3563303509784246,0.16842105263157897,290,1.0,10,combined
0.0,3,2,1.5769277210635355,1.5522184913864736,0.09012875536480693,6,1.0,11,combined
0.0,3,2,3.0316880429915987,3.9522464987570185,0.17370441458733213,28,0.9366666666666666,12,combined
0.0,3,2,0.6774506664036342,0.6066663224788968,0.2034715525554485,67,0.0,13,combined
0.0,3,2,0.9678355057059541,1.1236458840207193,0.125,40,0.0,14,combined
0.0,3,2,1.5409238053734065,1.547658633642887,0.1177083333333333,13,1.0,15,combined
0.0,3,2,2.2926956740932547,2.174336602043228,0.10717529518619436,76,0.9233333333333333,16,combined
0.0,3,2,3.2300319227886294,3.526683083502507,0.1463963963963964,26,0.9633333333333334,17,combined
0.0,3,2,4.590708331905554,4.9784345014488505,0.2135627530364372,14,1.0,18,combined
0.0,3,2,0.9093221622419975,1.0245757955921742,0.11284046692606998,55,1.0,19,combined
0.0,3,2,2.7015174157236443,4.003456175495391,0.12197580645161299,22,0.67,20,combined
0.0,3,2,2.129524142968962,2.030838656605491,0.19628906250000008,11,1.0,21,combined
0.0,3,2,2.135051719805632,2.083561951707583,0.19512195121951226,10,1.0,22,combined
0.0,3,2,1.5953534155506475,1.3166799358866872,0.0783615316117542,15,1.0,23,combined
0.0,3,2,1.8610853759877855,1.5228963223808063,0.12211538461538464,231,1.0,24,combined
0.0,3,2,2.5514469167558835,2.41698656923951,0.13184357541899439,88,0.7366666666666667,25,combined
0.0,3,2,4.231655269196753,3.890831461157782,0.14497041420118345,17,1.0,26,combined
0.0,3,2,6.708208739390707,6.858145051483177,0.16229838709677427,26,0.8966666666666666,27,combined
0.0,3,2,4.525300462649754,5.806085622509192,0.14440825190010856,16,1.0,28,combined
0.0,3,2,4.023058282726533,3.755385201942597,0.22577092511013216,35,1.0,29,combined
0.2,3,2,1.5857867772613334,2.489055170583114,0.08349328214971212,13,1.0,0,combined
0.2,3,2,2.9942001039685513,3.1851196815371563,0.24131455399061036,27,1.0,1,combined
0.2,3,2,3.3653947824333375,3.2188541298926907,0.17910447761194023,26,1.0,2,combined
0.2,3,2,2.456213587858365,3.544812842330433,0.12442922374429215,4,1.0,3,combined
0.2,3,2,7.407750313243832,6.640043902591891,0.23511904761904764,90,0.91,4,combined
0.2,3,2,1.777584357813373,1.5552542359007693,0.23971915747241732,49,1.0,5,combined
0.2,3,2,4.627639487669083,4.006731462601975,0.1497975708502024,23,0.9466666666666667,6,combined
0.2,3,2,2.975954195545601,3.409832458198939,0.2291466922339405,168,0.69,7,combined
0.2,3,2,2.867364838965261,2.777697451511417,0.0961737331954498,11,0.9566666666666667,8,combined
0.2,3,2,1.4946071231349276,1.317923560945796,0.09822361546499483,11,1.0,9,combined
0.2,3,2,2.2450725564037066,2.881015553979489,0.1633858267716535,2,1.0,10,combined
0.2,3,2,1.8320396928161036,2.204112105810403,0.11022840119165847,20,1.0,11,combined
0.2,3,2,1.674022631832095,1.6059278919593933,0.1725703905540418,173,1.0,12,combined
0.2,3,2,1.245568794784261,1.04910634481023,0.24448897795591173,31,1.0,13,combined
0.2,3,2,1.4287156178746376,1.281766696368767,0.22940563086548488,47,1.0,14,combined
0.2,3,2,1.5908796372455272,1.7608511096067232,0.1934197407776669,22,1.0,15,combined
0.2,3,2,1.9750037773530116,2.6050184351994328,0.17063492063492067,10,1.0,16,combined
0.2,3,2,1.8150920446772463,1.5280055648112403,0.09510357815442569,14,1.0,17,combined
0.2,3,2,2.55868259522187,2.1305634871560217,0.2229299363057325,25,1.0,18,combined
0.2,3,2,2.957035150996125,3.0804060735670986,0.2502673796791444,38,1.0,19,combined
0.2,3,2,2.1019667527363235,2.998664542560204,0.15055762081784377,11,1.0,20,combined
0.2,3,2,4.995251663702828,13.95555909130825,0.1858407079646019,16,0.97,21,combined
0.2,3,2,2.7824013845058744,5.622247494118328,0.13516483516483513,32,0.94,22,combined
0.2,3,2,3.0226053566788034,2.7488933274753435,0.14777327935222667,15,1.0,23,combined
0.2,3,2,3.7746230631392184,3.3500604720048517,0.19841269841269843,28,1.0,24,combined
0.2,3,2,4.644716872329052,4.0129759308109625,0.2851239669421487,22,1.0,25,combined
0.2,3,2,1.50733085358073,1.810565721973064,0.22610294117647053,300,1.0,26,combined
0.2,3,2,2.9044814883264016,3.1399815938950937,0.30382106244175205,3,1.0,27,combined
0.2,3,2,3.5059588091679728,4.2919965403785305,0.13537549407114627,57,0.8366666666666667,28,combined
0.2,3,2,2.2031042079489387,2.3043996238233313,0.21341463414634146,18,1.0,29,combined
0.4,3,2,0.9389674412965423,1.0310689498818981,0.09241245136186771,31,1.0,0,combined
0.4,3,2,1.8318107707827247,1.394740684209543,0.2655367231638418,23,1.0,1,combined
0.4,3,2,5.683531671306986,8.606589177164688,0.2587890625,40,0.9533333333333334,2,combined
0.4,3,2,1.4764443106978062,1.1749071030034242,0.10321969696969689,12,1.0,3,combined
0.4,3,2,1.2981730827760618,0.92088603308842,0.3745421245421246,20,1.0,4,combined
0.4,3,2,1.0824542117227527,1.158738482181525,0.1530172413793104,4,1.0,5,combined
0.4,3,2,2.2555612516245773,2.271549675023201,0.3085896076352067,12,1.0,6,combined
0.4,3,2,1.6056563587157895,1.8015105158501834,0.31625835189309576,23,1.0,7,combined
0.4,3,2,1.9659449565522014,2.2530766844177275,0.17346938775510204,6,1.0,8,combined
0.4,3,2,2.0903089948410702,2.334912124837983,0.16226415094339625,22,1.0,9,combined
0.4,3,2,2.836899059980991,3.048825700280335,0.1641074856046066,18,1.0,10,combined
0.4,3,2,1.9712598372255206,2.5515244867346585,0.16572717023675312,8,1.0,11,combined
0.4,3,2,0.872870254267313,1.1221368298789014,0.12292358803986705,6,1.0,12,combined
0.4,3,2,1.974859405691855,2.4244176448204056,0.11439842209072985,108,1.0,13,combined
0.4,3,2,2.403646690270825,2.850449466231288,0.15883668903803133,29,1.0,14,combined
0.4,3,2,2.7755951165256927,3.304577731236413,0.12087912087912082,11,1.0,15,combined
0.4,3,2,5.566323104945506,4.685555107524985,0.30256898192197906,13,0.9166666666666666,16,combined
0.4,3,2,2.6053623973471804,2.518699962139321,0.3971078976640712,31,1.0,17,combined
0.4,3,2,1.5490193551515463,1.4402075756095805,0.2062615101289134,45,1.0,18,combined
0.4,3,2,2.6946497752093572,2.745741403296065,0.33015267175572516,15,1.0,19,combined
0.4,3,2,2.685922652914139,4.871760789652206,0.119496855345912,25,1.0,20,combined
0.4,3,2,3.4170338151333506,4.777816588828486,0.2608695652173913,44,1.0,21,combined
0.4,3,2,2.4237553548514437,1.793225505125853,0.34345351043643263,54,1.0,22,combined
0.4,3,2,1.9196838404215557,1.4918993024170184,0.09257561869844175,15,1.0,23,combined
0.4,3,2,3.0123577745702166,3.4395970774294953,0.20473251028806588,17,1.0,24,combined
0.4,3,2,3.0297727043191913,4.297619634728186,0.148590021691974,34,1.0,25,combined
0.4,3,2,1.1592466096815923,1.0459017426136465,0.19761029411764705,7,1.0,26,combined
0.4,3,2,1.5385337154108671,1.5157299928852137,0.11560693641618497,12,1.0,27,combined
0.4,3,2,2.9746226064476864,2.520644075462303,0.418,192,1.0,28,combined
0.4,3,2,2.4508728684681174,1.7786213877723884,0.1343589743589743,1,1.0,29,combined
0.6,3,2,2.61652314405377,2.6740554890479444,0.16017316017316027,8,1.0,0,combined
0.6,3,2,0.8141224968307472,0.8611860006799303,0.3748792270531401,300,1.0,1,combined
0.6,3,2,2.36384966024563,2.555821857949837,0.35677352637021714,68,1.0,2,combined
0.6,3,2,0.9307490303646652,0.8877323528357819,0.17361894024802713,27,1.0,3,combined
0.6,3,2,1.824199328943064,3.2095226751201653,0.35895196506550214,34,1.0,4,combined
0.6,3,2,3.4615169659381064,4.073566544853065,0.2189973614775726,21,0.9466666666666667,5,combined
0.6,3,2,3.9865646812601097,4.352188961919777,0.46768507638072854,35,1.0,6,combined
0.6,3,2,1.6559730568930693,2.451032659962201,0.3031249999999999,2,1.0,7,combined
0.6,3,2,0.917158520922551,0.8501962207225948,0.13409563409563416,11,1.0,8,combined
0.6,3,2,1.40193935510318,1.3897459747579874,0.26719840478564305,28,1.0,9,combined
0.6,3,2,3.512959625197114,3.9564221403554667,0.17842741935483875,25,0.86,10,combined
0.6,3,2,2.463057023249963,3.528750353325314,0.2917166866746698,25,1.0,11,combined
0.6,3,2,2.3426232533993208,3.1198884288648356,0.12489158716392014,89,1.0,12,combined
0.6,3,2,3.0011847539751972,2.3864853558985004,0.30802603036876364,1,1.0,13,combined
0.6,3,2,2.7660834534181453,4.214798308074319,0.2830882352941176,26,1.0,14,combined
0.6,3,2,3.7521764492560377,4.295259719728811,0.12812499999999996,17,1.0,15,combined
0.6,3,2,1.3142161079368049,1.653903854571273,0.3387096774193549,9,1.0,16,combined
0.6,3,2,4.164612705487612,6.291519067958123,0.19957761351636752,30,0.7433333333333333,17,combined
0.6,3,2,2.953338462969821,3.022078618531099,0.18215613382899623,10,1.0,18,combined
0.6,3,2,1.7472759158377331,1.3536709527194448,0.09386617100371743,18,1.0,19,combined
0.6,3,2,2.45649023076448,1.9516607971789934,0.3263506063947078,21,1.0,20,combined
0.6,3,2,0.9056078938280813,1.129443101163162,0.388659793814433,26,1.0,21,combined
0.6,3,2,2.458876695573097,1.9526341127219256,0.1278941565600883,4,1.0,22,combined
0.6,3,2,5.052276784365265,4.872883325440531,0.36208853575482397,26,1.0,23,combined
0.6,3,2,2.108541696047486,2.377580052635905,0.23444976076555024,20,1.0,24,combined
0.6,3,2,2.714001077759958,3.6747147190305833,0.1432806324110672,24,1.0,25,combined
0.6,3,2,5.018616234591062,5.477851268005111,0.11575562700964627,11,1.0,26,combined
0.6,3,2,2.962728374139131,3.196494259251516,0.18695652173913047,7,1.0,27,combined
0.6,3,2,1.7964798599120126,1.5668192436993547,0.10232067510548526,10,1.0,28,combined
0.6,3,2,3.9267726501925275,4.362592553250155,0.3388429752066116,53,1.0,29,combined
0.8,3,2,2.579505004375719,2.715988691390975,0.30450132391879964,176,1.0,0,combined
0.8,3,2,3.246757328219986,4.529445398119899,0.10673575129533676,13,0.9566666666666667,1,combined
0.8,3,2,1.0318261914737632,0.9648800961407996,0.11207834602829174,3,1.0,2,combined
0.8,3,2,8.338653261838196,14.509278222861669,0.2659898477157361,15,0.9566666666666667,3,combined
0.8,3,2,2.046979555945398,1.8216956883401736,0.2750836120401337,0,1.0,4,combined
0.8,3,2,4.281418085859934,5.170868928385178,0.48156682027649766,21,1.0,5,combined
0.8,3,2,1.9773863820251896,1.402686175493807,0.4634146341463415,10,1.0,6,combined
0.8,3,2,3.6090795931686426,3.9407988752446395,0.2899906454630496,61,0.9033333333333333,7,combined
0.8,3,2,2.742197855721174,2.8020398437621488,0.3446761800219538,33,1.0,8,combined
0.8,3,2,2.6261486411338915,2.8223784734184165,0.21176470588235288,23,1.0,9,combined
0.8,3,2,2.472939407143073,3.0426942797737344,0.28207381370826007,29,1.0,10,combined
0.8,3,2,1.8340865346113095,1.6918982084761136,0.09332113449222326,15,1.0,11,combined
0.8,3,2,11.572323419850083,26.41592269509832,0.3480176211453744,15,0.9733333333333334,12,combined
0.8,3,2,3.7102393440747785,3.1847458226619056,0.14236902050113895,9,1.0,13,combined
0.8,3,2,1.7318973675978038,1.5171282414613836,0.09048067860508949,3,1.0,14,combined
0.8,3,2,3.8109501520477433,3.6618175497735894,0.277951933124347,34,1.0,15,combined
0.8,3,2,1.7916973891964028,1.2768428381063104,0.29182509505703425,29,1.0,16,combined
0.8,3,2,2.8383273675176497,4.167245789204669,0.18022181146025879,26,0.9466666666666667,17,combined
0.8,3,2,4.928761720542375,7.28993119962596,0.22595704948646117,14,0.9633333333333334,18,combined
0.8,3,2,2.6222200900927852,3.6706449158134604,0.28557213930348263,22,1.0,19,combined
0.8,3,2,1.3461894793118965,1.453690854226771,0.3562753036437247,75,1.0,20,combined
0.8,3,2,1.0292722271214396,1.4439980633633753,0.38280329799764434,300,1.0,21,combined
0.8,3,2,1.6022231283521025,1.3581762077230009,0.40280561122244485,15,1.0,22,combined
0.8,3,2,1.5660393354045004,1.1618262392957788,0.23762376237623759,9,1.0,23,combined
0.8,3,2,1.2467528941501012,1.6410121939638345,0.4221585482330468,173,1.0,24,combined
0.8,3,2,1.7178685110641745,1.1158128437371766,0.3601769911504425,34,1.0,25,combined
0.8,3,2,3.250072126452996,2.7781504123756418,0.2876427829698858,13,1.0,26,combined
0.8,3,2,3.2876639801119025,5.487661505519192,0.289549376797699,209,0.87,27,combined
0.8,3,2,2.391008384385006,2.7779138932732845,0.31004366812227074,12,1.0,28,combined
0.8,3,2,4.012924063440129,2.8332283900264637,0.06578947368421052,6,1.0,29,combined
1.0,3,2,6.038853529801485,12.377041444199435,0.28012684989429176,78,0.91,0,combined
1.0,3,2,7.5638100862604825,11.242078711908576,0.3869693978282329,255,0.96,1,combined
1.0,3,2,3.760351739803828,2.712551286473965,0.21079046424090345,9,1.0,2,combined
1.0,3,2,2.8187707603296315,2.457698610431894,0.4144736842105263,16,1.0,3,combined
1.0,3,2,3.3805389305336546,1.9581060095556577,0.37362637362637363,1,1.0,4,combined
1.0,3,2,10.549768829859406,13.593340106123954,0.1369047619047619,32,0.78,5,combined
1.0,3,2,5.099131771403004,4.785284275616974,0.46932515337423314,5,1.0,6,combined
1.0,3,2,1.2124267702856324,1.6013556402757108,0.1515151515151514,51,1.0,7,combined
1.0,3,2,1.608675827121631,1.27553776645503,0.5846325167037862,5,1.0,8,combined
1.0,3,2,2.521652701170986,2.484685713714383,0.24056603773584906,19,1.0,9,combined
1.0,3,2,8.010469261308645,10.89154551031515,0.20962888665998,24,0.9466666666666667,10,combined
1.0,3,2,4.1871619907865245,4.829834940206661,0.6020599250936329,10,1.0,11,combined
1.0,3,2,4.117252427443903,3.865497043611108,0.39241706161137446,33,1.0,12,combined
1.0,3,2,2.044137929987007,2.1953756693480044,0.46270543615676357,236,1.0,13,combined
1.0,3,2,0.7635332157308288,0.9960938573571021,0.23011363636363635,18,1.0,14,combined
1.0,3,2,3.200810918547617,3.638148811489384,0.17256162915326898,3,1.0,15,combined
1.0,3,2,0.9780452778134745,0.7207800329216031,0.5913461538461539,300,1.0,16,combined
1.0,3,2,2.8569994277166875,2.6895155366301657,0.31503841931942916,4,1.0,17,combined
1.0,3,2,2.42682534049338,2.204954613519177,0.3748443337484433,4,1.0,18,combined
1.0,3,2,5.9657737064865985,5.066734105021355,0.098471986417657,27,0.9966666666666667,19,combined
1.0,3,2,3.188605890459861,3.2221831429900183,0.4454828660436137,25,1.0,20,combined
1.0,3,2,1.608127690673841,0.955483725557236,0.14456630109670987,11,1.0,21,combined
1.0,3,2,1.7872722918265553,1.407844808123912,0.21535393818544363,33,1.0,22,combined
1.0,3,2,2.840756093706733,3.8640015542188593,0.10301953818827704,12,1.0,23,combined
1.0,3,2,1.7045997554074244,1.702395271125104,0.49710982658959535,10,1.0,24,combined
1.0,3,2,1.2385974757683613,1.4326776826351875,0.39222614840989406,26,1.0,25,combined
1.0,3,2,2.5580368954737227,2.7360233022502185,0.3172774869109947,22,1.0,26,combined
1.0,3,2,4.115530790314537,3.471039614150416,0.20521172638436475,10,1.0,27,combined
1.0,3,2,10.79456612615549,13.588357747685118,0.3957528957528957,72,0.88,28,combined
1.0,3,2,5.596242833639157,4.91512053753086,0.2078189300411523,28,1.0,29,combined
0.0,5,2,1.329084128547964,1.5960612786167079,0.11134676564156946,19,1.0,0,combined
0.0,5,2,1.1450403879626716,0.9861577983460106,0.12108559498956153,3,1.0,1,combined
0.0,5,2,2.4098262338129257,2.419925281523926,0.16749750747756728,5,1.0,2,combined
0.0,5,2,1.182485539331006,1.089393961569047,0.10912698412698413,34,1.0,3,combined
0.0,5,2,1.2619411756816483,1.3520726816941246,0.19688644688644688,285,1.0,4,combined
0.0,5,2,1.7386602735410581,1.4134271335363857,0.11487758945386066,50,1.0,5,combined
0.0,5,2,4.4827410107126635,5.5181340249739375,0.26305220883534125,21,1.0,6,combined
0.0,5,2,1.4788755589319171,1.6535357003118414,0.15223880597014922,5,1.0,7,combined
0.0,5,2,3.448538040979669,2.6481915635344024,0.1811100292112951,20,1.0,8,combined
0.0,5,2,3.200950459912928,4.244689677118785,0.11098527746319363,11,0.9866666666666667,9,combined
0.0,5,2,2.1187906041365046,2.731042548385346,0.11199999999999996,19,0.0,10,combined
0.0,5,2,2.380104540196183,1.6734808302628885,0.2435064935064935,36,1.0,11,combined
0.0,5,2,2.39753273001079,2.9998882601769994,0.16613418530351445,25,1.0,12,combined
0.0,5,2,1.800985696708232,2.047436394888156,0.22867853795688853,44,1.0,13,combined
0.0,5,2,0.9732701228715397,0.9352148788600771,0.08052230685527753,3,1.0,14,combined
0.0,5,2,1.5847109579374372,1.6209076403118092,0.19600380589914362,18,1.0,15,combined
0.0,5,2,2.6476879095615113,3.0454556243427713,0.11061452513966487,15,0.9566666666666667,16,combined
0.0,5,2,1.4245477916959928,1.138430249039728,0.1759172154280339,40,1.0,17,combined
0.0,5,2,2.0327348926368467,1.8801558576285449,0.14643931795386167,12,1.0,18,combined
0.0,5,2,3.192164133587999,3.515018786275222,0.17693059628543495,30,1.0,19,combined
0.0,5,2,2.5019350060906764,2.8559183605667773,0.25963302752293577,44,1.0,20,combined
0.0,5,2,2.146015440644113,1.3695715255021794,0.11224489795918362,19,1.0,21,combined
0.0,5,2,2.0924661882969993,2.0859729720827005,0.1625403659849301,164,1.0,22,combined
0.0,5,2,2.6426653925330195,3.444590248313858,0.18291347207009861,16,0.99,23,combined
0.0,5,2,1.472152627595758,1.365298158632922,0.13896987366375133,3,1.0,24,combined
0.0,5,2,3.7501602528010975,3.537581463823716,0.1556420233463035,47,0.8833333333333333,25,combined
0.0,5,2,3.069043938835459,2.810007116241178,0.30524344569288386,29,1.0,26,combined
0.0,5,2,3.5368186897465335,6.517696155016239,0.10751565762004173,13,0.9566666666666667,27,combined
0.0,5,2,5.142211786927479,6.24480652553596,0.2959501557632399,24,1.0,28,combined
0.0,5,2,1.6130674271807972,1.130397470131256,0.18043684710351376,25,0.94,29,combined
0.2,5,2,2.187963493217619,2.573686239452649,0.11824668705402645,15,0.9566666666666667,0,combined
0.2,5,2,5.132115519942311,4.577480181414021,0.38445378151260506,23,1.0,1,combined
0.2,5,2,1.8977400456864395,2.2672002135438922,0.2579281183932346,34,1.0,2,combined
0.2,5,2,1.186880968218515,1.3127314631095115,0.12186788154897497,3,1.0,3,combined
0.2,5,2,1.8850203362052271,2.1826949134589495,0.19827586206896544,22,1.0,4,combined
0.2,5,2,3.936910457667022,3.95601151256395,0.34450261780104713,10,1.0,5,combined
0.2,5,2,1.8635658831916233,1.2056448329992118,0.30246305418719216,15,1.0,6,combined
0.2,5,2,2.4742465861778493,2.862317539805086,0.19153225806451613,53,1.0,7,combined
0.2,5,2,2.314922723054868,2.346050562330958,0.2629834254143646,20,1.0,8,combined
0.2,5,2,2.3994009246322547,2.475284193771646,0.102510460251046,15,1.0,9,combined
0.2,5,2,2.186061335242255,2.0061334126635733,0.33436853002070394,3,1.0,10,combined
0.2,5,2,2.498598357858477,2.220195302816658,0.18215613382899623,28,1.0,11,combined
0.2,5,2,2.6674388731993517,3.7241574178807797,0.1975435005117707,33,1.0,12,combined
0.2,5,2,1.6392305459990457,1.395794957632005,0.32513661202185795,4,1.0,13,combined
0.2,5,2,1.1314665615215933,1.320238052899867,0.13064833005893908,7,1.0,14,combined
0.2,5,2,2.7820087904994093,4.377587097318579,0.13541666666666666,7,1.0,15,combined
0.2,5,2,2.1727315442310933,2.3279336693343895,0.2250712250712251,57,1.0,16,combined
0.2,5,2,1.977297231089695,2.4483091986271197,0.28806584362139914,39,1.0,17,combined
0.2,5,2,2.798356933494947,3.831545468478356,0.15141612200435722,43,1.0,18,combined
0.2,5,2,1.449793988442407,1.8352646610866152,0.20941883767535063,29,1.0,19,combined
0.2,5,2,1.2313755240939799,1.2270180720284773,0.15970287836583102,17,1.0,20,combined
0.2,5,2,2.127637594664971,1.704385172985764,0.15094339622641503,1,1.0,21,combined
0.2,5,2,4.578507504636488,2.893827680184324,0.2794258373205742,22,1.0,22,combined
0.2,5,2,3.9420413129926084,2.842204473040709,0.30735163861824627,15,1.0,23,combined
0.2,5,2,1.7096481207284855,1.450134888849702,0.34668989547038326,269,1.0,24,combined
0.2,5,2,2.084529554469639,1.871940587503922,0.23032629558541265,31,1.0,25,combined
0.2,5,2,5.592804530024349,6.9296627269194415,0.10176531671858773,22,0.9766666666666667,26,combined
0.2,5,2,2.6241150679797687,2.6292454482956593,0.18044354838709684,33,1.0,27,combined
0.2,5,2,0.8834718175702834,0.9896007382229632,0.22399150743099797,21,1.0,28,combined
0.2,5,2,1.4319186656830964,1.5676418688549014,0.1662971175166297,8,1.0,29,combined
0.4,5,2,1.7396958226040704,1.507711471693415,0.07011070110701115,5,1.0,0,combined
0.4,5,2,1.8657533049314494,1.6555375155649594,0.08404154863078381,14,1.0,1,combined
0.4,5,2,7.938599659767933,12.787730041962392,0.24491682070240295,28,0.9133333333333333,2,combined
0.4,5,2,4.270013452155215,4.346167768916325,0.08831400535236389,16,0.9833333333333333,3,combined
0.4,5,2,1.68456530453405,1.8144071761377711,0.31476050830889546,10,1.0,4,combined
0.4,5,2,5.240720339188481,6.639645319932392,0.25193050193050187,27,0.8033333333333333,5,combined
0.4,5,2,4.84930950432978,5.55468982928797,0.18305084745762715,19,1.0,6,combined
0.4,5,2,2.2040478840072906,3.2464689587324917,0.3197916666666667,20,1.0,7,combined
0.4,5,2,3.3883265330211314,3.4764946909862253,0.1988130563798219,58,1.0,8,combined
0.4,5,2,3.786528837376342,5.107055780615497,0.25827814569536417,16,1.0,9,combined
0.4,5,2,1.3159762095029663,0.8734715671584078,0.36847014925373134,14,1.0,10,combined
0.4,5,2,1.24288160071181,1.8884212331985295,0.13891834570519612,42,0.0,11,combined
0.4,5,2,3.9727861501560526,5.380033123471935,0.13754227733934613,37,1.0,12,combined
0.4,5,2,9.00160799270772,14.9909564222655,0.2826530612244898,57,1.0,13,combined
0.4,5,2,3.7924594852946583,5.038212092421453,0.21825396825396826,15,0.9533333333333334,14,combined
0.4,5,2,1.145214446780861,1.5842838024033126,0.12158054711246201,2,1.0,15,combined
0.4,5,2,2.115478711502552,2.1703893367987797,0.20714285714285716,23,1.0,16,combined
0.4,5,2,2.1359030904453418,2.311717478770252,0.13727560718057022,129,1.0,17,combined
0.4,5,2,3.9619972193874426,6.342165534639698,0.21851453175457491,32,0.92,18,combined
0.4,5,2,1.8852681790943306,1.9648505343346439,0.27450980392156865,55,1.0,19,combined
0.4,5,2,1.1138639522680371,1.1613428162424118,0.2529691211401426,4,1.0,20,combined
0.4,5,2,2.0189967453182556,2.242186746290846,0.23260437375745519,40,1.0,21,combined
0.4,5,2,5.864383834276279,6.628729748079724,0.30392156862745096,16,1.0,22,combined
0.4,5,2,2.1222894597488087,2.7267897137899144,0.26108870967741943,20,1.0,23,combined
0.4,5,2,2.175642958426607,1.9461148247735436,0.11111111111111108,2,1.0,24,combined
0.4,5,2,1.7833408224774443,1.6641887908112232,0.2375271149674621,2,1.0,25,combined
0.4,5,2,1.781192690544015,2.9760424248488113,0.193717277486911,23,0.9533333333333334,26,combined
0.4,5,2,2.9044817734646267,2.965281808049763,0.24890350877192985,19,1.0,27,combined
0.4,5,2,2.915731554659578,2.899065010659838,0.2635253054101221,10,1.0,28,combined
0.4,5,2,1.1382086732266532,1.1552739886247383,0.262952101661779,8,1.0,29,combined
0.6,5,2,5.184931471489736,3.168194292780081,0.5364238410596026,22,1.0,0,combined
0.6,5,2,3.226938495648379,3.3797029392676547,0.3470464135021097,24,1.0,1,combined
0.6,5,2,4.8043247243278335,6.903306250682603,0.09181818181818177,42,0.9466666666666667,2,combined
0.6,5,2,1.7979033586650652,1.8837677514423097,0.37166324435318276,4,1.0,3,combined
0.6,5,2,2.2935062963346375,1.7754656209321809,0.3855042016806723,8,1.0,4,combined
0.6,5,2,2.176512133831586,2.035605927394133,0.322488038277512,56,1.0,5,combined
0.6,5,2,2.796460546287096,3.0665903163796773,0.18829268292682924,7,1.0,6,combined
0.6,5,2,1.8610380002854259,1.7678907812171927,0.2849576271186441,6,1.0,7,combined
0.6,5,2,1.8568282222971007,1.8125302188057864,0.21092077087794434,15,1.0,8,combined
0.6,5,2,2.2607462608110738,2.09623402188303,0.3626882966396292,6,1.0,9,combined
0.6,5,2,4.137656975092659,6.897174905581061,0.21102661596958178,37,0.8866666666666667,10,combined
0.6,5,2,2.051471856564084,2.2546914122699344,0.25479744136460547,1,1.0,11,combined
0.6,5,2,1.03614224793151,1.0008181033089785,0.22553191489361704,2,1.0,12,combined
0.6,5,2,3.1486293860730132,2.231130907085744,0.0633036597428288,1,1.0,13,combined
0.6,5,2,6.392064206143391,9.259755003942077,0.21468926553672313,22,0.9466666666666667,14,combined
0.6,5,2,2.9053181610470724,3.0435038188380648,0.253968253968254,15,1.0,15,combined
0.6,5,2,1.7922420027666683,1.6099905554748706,0.19534412955465585,20,1.0,16,combined
0.6,5,2,1.6213234696759116,1.3754281774530943,0.3542234332425068,6,1.0,17,combined
0.6,5,2,1.665634693575374,1.7669410675951154,0.21673819742489273,5,1.0,18,combined
0.6,5,2,3.777171409216135,3.7751226025063263,0.22190201729106623,17,1.0,19,combined
0.6,5,2,7.762142161334913,7.478759614251453,0.3972431077694235,24,1.0,20,combined
0.6,5,2,1.5862696741831341,1.1788322982685449,0.3561946902654867,4,1.0,21,combined
0.6,5,2,5.063250967045181,5.58866416505966,0.16281310211946043,24,1.0,22,combined
0.6,5,2,1.922100264113036,1.5722201744109976,0.15726681127982645,0,1.0,23,combined
0.6,5,2,1.4591774918940845,1.24338993145937,0.10805084745762714,7,1.0,24,combined
0.6,5,2,1.4813259493302913,0.9241453162783639,0.3592657342657343,20,1.0,25,combined
0.6,5,2,3.1077066832686193,3.766451610800331,0.15376458112407212,16,1.0,26,combined
0.6,5,2,1.768425330186811,1.736977583456781,0.22925577416595389,55,1.0,27,combined
0.6,5,2,2.989079541379209,2.4376744376995707,0.23345935727788283,10,1.0,28,combined
0.6,5,2,9.217880574419073,9.775235351245794,0.3107960741548528,37,0.9466666666666667,29,combined
0.8,5,2,3.916847698240289,4.9277286245133345,0.4706572769953052,32,1.0,0,combined
0.8,5,2,1.9805820227924082,2.2370562369709477,0.3330373001776199,3,1.0,1,combined
0.8,5,2,1.9308001495378777,1.2608876087811975,0.2844752818733738,35,1.0,2,combined
0.8,5,2,2.3098236472685496,2.0420019976003285,0.28264758497316633,10,1.0,3,combined
0.8,5,2,1.9962714118893854,1.6438921855239061,0.23903966597077236,4,1.0,4,combined
0.8,5,2,1.2384525600484335,0.7968969249971019,0.2155688622754492,16,1.0,5,combined
0.8,5,2,2.3752246191279025,1.4698931329367226,0.25116279069767444,21,1.0,6,combined
0.8,5,2,2.175770828557305,1.5958434126219596,0.44432194046306506,12,1.0,7,combined
0.8,5,2,3.751533132216501,5.3782667035583565,0.09784735812133072,14,0.94,8,combined
0.8,5,2,1.7462722105821473,1.8892801703856665,0.10816125860373647,1,1.0,9,combined
0.8,5,2,2.0997029574924557,1.681726863720849,0.4239713774597495,16,1.0,10,combined
0.8,5,2,1.3559541171559157,1.5466071302603321,0.24480874316939896,8,1.0,11,combined
0.8,5,2,3.167637867853013,4.07871103684532,0.2433537832310838,1,1.0,12,combined
0.8,5,2,2.4903186207686083,2.197883658082705,0.2489711934156379,7,1.0,13,combined
0.8,5,2,1.382109615285391,1.5802487699895706,0.23371251292657713,13,1.0,14,combined
0.8,5,2,3.0178877090329133,3.926092822630032,0.33808553971486766,22,1.0,15,combined
0.8,5,2,2.747337295074161,1.6814193003070403,0.2863777089783281,18,1.0,16,combined
0.8,5,2,2.3624935825777067,2.8171368384682833,0.5496866606982991,7,1.0,17,combined
0.8,5,2,3.1157292586444822,3.270835743779709,0.37351991388589884,19,1.0,18,combined
0.8,5,2,2.413462678468455,2.015798640612612,0.30106485963213936,160,1.0,19,combined
0.8,5,2,1.6547016395598475,1.4734066733369182,0.3503727369542066,212,1.0,21,combined
0.8,5,2,3.9190653228259884,4.037915813641312,0.1544885177453027,46,1.0,22,combined
0.8,5,2,4.699929833077205,4.447714800564121,0.13048368953880773,14,1.0,23,combined
0.8,5,2,1.2959558257722092,1.1683009130400395,0.5227070347284061,60,1.0,24,combined
0.8,5,2,1.8222893342684872,1.5550627352532904,0.3462603878116343,82,1.0,25,combined
0.8,5,2,3.551106863331453,3.30708994350626,0.4314115308151093,43,1.0,26,combined
0.8,5,2,2.558980098833105,2.525741071439192,0.4734356552538371,25,1.0,27,combined
0.8,5,2,3.0041925464609576,2.4868947838441384,0.39885496183206104,4,1.0,28,combined
0.8,5,2,3.3173505993359473,3.357424590340633,0.4294187425860023,87,1.0,29,combined
1.0,5,2,1.1493090943522661,0.9980077796683846,0.2222222222222222,14,1.0,0,combined
1.0,5,2,2.8419387829843186,2.0560567137717753,0.3009922822491731,10,1.0,1,combined
1.0,5,2,6.09129428008378,7.630956274171193,0.4712990936555891,62,1.0,2,combined
1.0,5,2,1.7802192091603368,1.8678308888538757,0.30793319415448855,8,1.0,3,combined
1.0,5,2,3.1049029464248283,2.2670277601440803,0.2920245398773006,0,1.0,4,combined
1.0,5,2,3.321864629712576,2.6925021512824907,0.1404612159329141,18,1.0,5,combined
1.0,5,2,2.3303891287026812,3.0737083045046365,0.34085778781038373,8,1.0,6,combined
1.0,5,2,5.575126014150115,5.771766147910621,0.46938775510204084,18,1.0,7,combined
1.0,5,2,1.62876025137704,1.5725490073536834,0.1404494382022472,13,1.0,8,combined
1.0,5,2,1.5900772074754574,2.331738262787268,0.17745302713987474,3,1.0,9,combined
1.0,5,2,1.3071909545719684,1.3747273300985288,0.28753680078508354,17,1.0,10,combined
1.0,5,2,8.523289215678156,8.680244408833818,0.28487229862475444,29,0.9733333333333334,11,combined
1.0,5,2,0.8948940536091481,1.0617517221350434,0.38484546360917243,28,1.0,12,combined
1.0,5,2,3.921305736024122,3.0172945779349387,0.3323699421965318,29,1.0,13,combined
1.0,5,2,1.8000599921778357,1.6775154808964132,0.5581061692969872,300,1.0,14,combined
1.0,5,2,3.0078853046514675,4.381072007264572,0.27102803738317754,43,0.57,15,combined
1.0,5,2,1.5521536753348844,1.5677159094066992,0.4683673469387755,16,1.0,16,combined
1.0,5,2,4.519168714594353,13.907329906818692,0.22668004012036116,100,0.8166666666666667,17,combined
1.0,5,2,2.6210855883001116,2.0301386029794157,0.2309107635694573,29,1.0,18,combined
1.0,5,2,2.155624452846865,1.9660501687597185,0.22854387656702027,11,1.0,19,combined
1.0,5,2,5.819155908145087,11.321109650181015,0.41306532663316586,51,0.9633333333333334,20,combined
1.0,5,2,2.385442894907934,1.5961332221887807,0.25719267654751526,3,1.0,21,combined
1.0,5,2,1.4942277690854173,1.7481092747469753,0.30946291560102307,300,1.0,22,combined
1.0,5,2,4.355124016895942,4.206776070243218,0.5238095238095238,24,1.0,23,combined
1.0,5,2,1.6813035371171952,1.7632678492549625,0.24582560296846012,0,1.0,24,combined
1.0,5,2,0.3158074626044229,4.647857393727051,0.959047619047619,300,1.0,25,combined
1.0,5,2,2.512714412036203,2.0540750279143607,0.47981220657276996,18,1.0,26,combined
1.0,5,2,1.8179900713745907,2.012538811139774,0.42321428571428577,17,1.0,27,combined
1.0,5,2,1.6561833133160417,1.6528549990971968,0.30731102850061964,11,1.0,28,combined
1.0,5,2,3.292429897234045,2.295561495525196,0.12941176470588228,20,1.0,29,combined
0.0,1,3,1.5647958236358201,1.480793628698183,0.13800424628450106,24,1.0,0,combined
0.0,1,3,2.3067383115877025,2.5336129511122247,0.10390946502057621,300,1.0,1,combined
0.0,1,3,2.1910130625683215,1.9186095246280328,0.10784313725490197,20,1.0,2,combined
0.0,1,3,1.814954555698135,2.029034207898237,0.17948717948717946,10,1.0,3,combined
0.0,1,3,2.3107556274032914,2.28283210772257,0.2491428571428571,20,1.0,4,combined
0.0,1,3,2.6693090519798504,2.9593546056139237,0.1656378600823046,35,1.0,5,combined
0.0,1,3,2.0257984840050116,3.625532685273572,0.10795454545454546,10,0.0,6,combined
0.0,1,3,3.794523250081244,4.606362501795801,0.1717557251908397,32,0.95,7,combined
0.0,1,3,1.5518739641963868,1.8367448124504535,0.10914760914760914,8,1.0,8,combined
0.0,1,3,1.5634739341272827,0.9191289674864614,0.21266540642722118,20,1.0,9,combined
0.0,1,3,1.2950066162530098,1.3579602838798004,0.11553784860557777,6,1.0,10,combined
0.0,1,3,1.2534924493352828,1.432335048233072,0.16132596685082867,22,1.0,11,combined
0.0,1,3,1.7023865365391635,1.4919780441225108,0.2449952335557674,16,1.0,12,combined
0.0,1,3,4.164411030907152,6.8482674743520136,0.1071849234393405,10,1.0,13,combined
0.0,1,3,1.4066372220395686,1.6784844254228528,0.14179104477611937,6,1.0,14,combined
0.0,1,3,1.3723418449733003,1.073077917122515,0.0994208494208494,19,1.0,15,combined
0.0,1,3,0.8805092673279992,1.0995899926130628,0.1191489361702128,1,1.0,16,combined
0.0,1,3,1.3060471126646551,1.3852502135887712,0.21498054474708167,51,1.0,17,combined
0.0,1,3,3.4660121641873416,3.5514882583702025,0.2222222222222222,35,1.0,18,combined
0.0,1,3,4.432354168914595,4.634516248728464,0.09834469328140222,36,0.9166666666666666,19,combined
0.0,1,3,1.7887901130439978,1.9497754112861456,0.11469194312796203,25,1.0,20,combined
0.0,1,3,3.9982370007181562,4.1247596786390925,0.18506834910620396,36,1.0,21,combined
0.0,1,3,0.9835963219506256,1.0553440431180925,0.10865191146881299,6,1.0,22,combined
0.0,1,3,1.4760578464418876,1.1057475934735534,0.2223255813953489,123,1.0,23,combined
0.0,1,3,2.2139476136592102,2.8766049756244816,0.13689936536718036,21,1.0,24,combined
0.0,1,3,1.1771338696593516,1.1664061555462295,0.1148851148851149,3,1.0,25,combined
0.0,1,3,2.72624916725152,2.7393602088426916,0.15120967741935484,84,0.68,26,combined
0.0,1,3,3.022582519441295,3.682724449617799,0.15546639919759278,47,0.9133333333333333,27,combined
0.0,1,3,1.959688879292934,1.9300425275617001,0.12812499999999996,27,1.0,28,combined
0.0,1,3,2.9218573785485846,2.8722070273305054,0.1363636363636364,24,1.0,29,combined
0.2,1,3,1.056506853942428,1.1725399519459108,0.2569511025886865,300,1.0,0,combined
0.2,1,3,4.8935098677047195,5.044562296474137,0.30293501048218036,237,1.0,1,combined
0.2,1,3,4.960805956147532,5.695355406533901,0.11586638830897698,9,1.0,2,combined
0.2,1,3,1.6523989817626115,1.5579528605568744,0.1745182012847967,4,1.0,3,combined
0.2,1,3,5.985909880329066,7.2518592322614595,0.2306289881494986,25,0.8033333333333333,4,combined
0.2,1,3,3.773541071483028,3.993954807398022,0.26503340757238303,19,1.0,5,combined
0.2,1,3,4.421472879197166,7.590556047181399,0.24089068825910928,17,0.9533333333333334,6,combined
0.2,1,3,1.3709191526939517,1.1286122502838125,0.24242424242424246,10,1.0,7,combined
0.2,1,3,2.5223856573008754,2.5824917980482223,0.24955436720142601,275,1.0,8,combined
0.2,1,3,5.675305440304253,7.244681245356128,0.24274661508704068,60,1.0,9,combined
0.2,1,3,3.134341511841469,3.0968692933493966,0.21655437921077958,41,1.0,10,combined
0.2,1,3,3.035039307274942,4.594178974323533,0.1788389513108614,19,0.96,11,combined
0.2,1,3,2.6406183431246966,2.8308814038358774,0.11869158878504675,25,0.9633333333333334,12,combined
0.2,1,3,1.846336370284812,2.3645463694997577,0.19895287958115182,12,1.0,13,combined
0.2,1,3,1.253002772359435,1.6280366639628174,0.19334975369458132,1,1.0,14,combined
0.2,1,3,2.3345792185307217,2.000909780064476,0.15735461801596348,10,1.0,15,combined
0.2,1,3,1.9660660576791924,2.418777725899757,0.18637653736991489,35,1.0,16,combined
0.2,1,3,2.411814928464024,3.3455437665189396,0.20848375451263534,12,1.0,17,combined
0.2,1,3,3.7719957985557033,5.240927660278482,0.20445736434108536,19,0.9866666666666667,18,combined
0.2,1,3,1.596326496997088,1.360361199727719,0.297737556561086,16,1.0,19,combined
0.2,1,3,5.682907433979384,5.728052353472315,0.25631067961165055,61,1.0,20,combined
0.2,1,3,2.3083743676199404,2.1571162381243156,0.09333333333333331,11,1.0,21,combined
0.2,1,3,2.9440263085424125,2.657482103154998,0.08834244080145723,69,1.0,22,combined
0.2,1,3,2.367129027675319,2.934033596793504,0.22080679405520165,7,1.0,23,combined
0.2,1,3,3.103574220222838,3.9503957083734362,0.1579509071504802,14,1.0,24,combined
0.2,1,3,3.005058850335956,4.5136167625367465,0.14314314314314325,60,1.0,25,combined
0.2,1,3,4.377920057320846,5.992338642465153,0.21262766945218203,103,0.8233333333333334,26,combined
0.2,1,3,2.0271981447745775,1.993901358602954,0.08992805755395683,10,0.30333333333333334,27,combined
0.2,1,3,3.226655024860769,3.3333906860539777,0.260914760914761,25,1.0,28,combined
0.2,1,3,2.260377388239216,2.6100779269352485,0.1073170731707317,24,0.9633333333333334,29,combined
0.4,1,3,2.6822717421715985,2.1617607302997017,0.38468388245770263,7,1.0,0,combined
0.4,1,3,1.6348827439095355,1.496790056496434,0.26211180124223604,11,1.0,1,combined
0.4,1,3,1.9892783714200946,2.339521761408731,0.656934306569343,300,1.0,2,combined
0.4,1,3,10.589401184361046,15.86831917671435,0.09730848861283635,6,0.9766666666666667,3,combined
0.4,1,3,2.5499364687564885,2.5413127168425738,0.31909090909090904,12,1.0,4,combined
0.4,1,3,1.9006988843660193,2.413443442934201,0.20459290187891435,6,1.0,5,combined
0.4,1,3,5.045341861826478,5.784137306472491,0.2549212598425196,18,1.0,6,combined
0.4,1,3,1.4126225374875236,2.0338903565748225,0.28004291845493573,36,1.0,7,combined
0.4,1,3,2.8047580040757345,2.449178070548332,0.24329501915708818,2,1.0,8,combined
0.4,1,3,2.940569457621089,3.8509687433079542,0.2228739002932551,133,0.6733333333333333,9,combined
0.4,1,3,4.951698685053151,5.502747225919695,0.174852652259332,32,0.92,10,combined
0.4,1,3,2.997632700931437,2.9116889245713526,0.25260416666666674,18,1.0,11,combined
0.4,1,3,3.1001766921750518,3.833245848928266,0.1463178294573644,65,0.86,12,combined
0.4,1,3,7.20721424625252,12.694342757220577,0.2782874617737003,19,0.9466666666666667,13,combined
0.4,1,3,2.1293644848704267,2.0529054766775605,0.4153674832962138,27,1.0,14,combined
0.4,1,3,2.7897838955186085,3.4456908783084246,0.13461538461538458,4,1.0,15,combined
0.4,1,3,2.1141495520421754,2.412773672730822,0.41890547263681593,58,1.0,16,combined
0.4,1,3,5.851209859169206,4.646053085990765,0.3932092004381161,3,1.0,17,combined
0.4,1,3,3.2178327188705165,3.024533450806966,0.17238001958863855,28,1.0,18,combined
0.4,1,3,4.021893724241702,3.8548443233373115,0.18834080717488785,10,1.0,19,combined
0.4,1,3,3.9653381186085688,6.871370299603613,0.1303482587064676,39,0.9,20,combined
0.4,1,3,1.8244448698680824,2.0030340840233256,0.20594262295081964,35,1.0,21,combined
0.4,1,3,2.6863948457250517,2.6639667959364766,0.20018975332068317,8,1.0,22,combined
0.4,1,3,2.0776073929020744,1.526878785442351,0.2552415679124886,10,1.0,23,combined
0.4,1,3,1.267201857070232,1.390286319629504,0.3608445297504799,23,1.0,24,combined
0.4,1,3,2.422710017471686,2.6388488471806153,0.30053191489361697,16,1.0,25,combined
0.4,1,3,1.9764524823949488,1.7213563706175354,0.19923002887391725,57,0.68,26,combined
0.4,1,3,2.5673796376527793,2.435878920199292,0.1888185654008438,11,1.0,27,combined
0.4,1,3,1.485390814580855,1.428152827587539,0.31347517730496455,1,1.0,28,combined
0.4,1,3,2.6233266071761507,2.6193717665329435,0.41573926868044514,98,1.0,29,combined
0.6,1,3,1.4572355123068785,1.4708515630494532,0.13882352941176468,7,1.0,0,combined
0.6,1,3,2.3538924474252907,2.3539060448043294,0.324181626187962,32,1.0,1,combined
0.6,1,3,1.7121928352536597,2.0505614011281925,0.22299651567944245,300,0.3233333333333333,2,combined
0.6,1,3,3.814764917540604,4.803386673742166,0.31460674157303364,98,0.7266666666666667,3,combined
0.6,1,3,1.3207024379836427,1.2357149984956528,0.2195767195767195,239,1.0,4,combined
0.6,1,3,2.78466225029545,2.564155328660309,0.4912944738834216,30,1.0,5,combined
0.6,1,3,6.8870933263790945,14.446822886486727,0.40809628008752735,35,0.7266666666666667,6,combined
0.6,1,3,2.380926416041217,2.313362635819693,0.1567398119122257,11,1.0,7,combined
0.6,1,3,1.3861741687709657,1.1137451100954563,0.27628635346756153,1,1.0,8,combined
0.6,1,3,8.9998251491302,17.292271962764854,0.4148727984344423,36,0.9366666666666666,9,combined
0.6,1,3,3.346764099442048,2.9504770179756923,0.5393617021276597,25,1.0,10,combined
0.6,1,3,3.954035667062062,4.210408707150541,0.3208092485549133,13,1.0,11,combined
0.6,1,3,3.363686308835129,3.982904007661025,0.24074074074074073,58,1.0,12,combined
0.6,1,3,2.332640505039323,2.777721208988577,0.6293206197854588,8,1.0,13,combined
0.6,1,3,2.5208778710790245,2.0814041223314095,0.5158974358974359,50,1.0,14,combined
0.6,1,3,2.061215226811705,2.7514789326463163,0.2401103955841767,19,1.0,15,combined
0.6,1,3,5.948410504723661,9.364894558637564,0.17369477911646586,38,0.9666666666666667,16,combined
0.6,1,3,3.9102568052526654,3.2554463894230303,0.3839701770736254,15,1.0,17,combined
0.6,1,3,4.190620556782942,2.028728145303491,0.4994324631101021,300,1.0,18,combined
0.6,1,3,4.848087327209628,11.64199995936746,0.47840172786177104,44,0.9566666666666667,19,combined
0.6,1,3,6.563621691971663,11.336907824393156,0.34117647058823525,64,0.97,20,combined
0.6,1,3,1.9708634620511811,1.8639411911177288,0.3594646271510516,20,1.0,21,combined
0.6,1,3,2.3667752312070687,2.3897788679922596,0.39410480349344973,69,1.0,22,combined
0.6,1,3,7.080782536500672,14.67103687106026,0.44536082474226807,23,0.9966666666666667,23,combined
0.6,1,3,3.096921692008991,2.507184132792109,0.3441558441558441,14,1.0,24,combined
0.6,1,3,2.9014612315539514,3.4089544672732557,0.5962113659022931,157,1.0,25,combined
0.6,1,3,1.870383620634757,2.3019275636894565,0.3401727861771058,35,1.0,26,combined
0.6,1,3,3.7284432446445734,3.084776462603218,0.39926739926739935,8,1.0,27,combined
0.6,1,3,2.2250975962457056,2.1342001865821874,0.16366906474820145,161,0.6266666666666667,28,combined
0.6,1,3,3.844079453380457,7.2359996432778955,0.4039735099337748,50,0.8566666666666667,29,combined
0.8,1,3,0.11254139494876575,5.09285782671177,0.8057259713701431,300,1.0,0,combined
0.8,1,3,3.5975986393349357,4.436567048555385,0.4450923226433431,6,1.0,1,combined
0.8,1,3,3.901401749691888,5.59819703150531,0.22632103688933203,14,0.97,2,combined
0.8,1,3,4.506160078721758,6.341720735220522,0.3858800773694391,30,0.9733333333333334,3,combined
0.8,1,3,2.8849970103351428,2.14889311309294,0.592964824120603,38,1.0,4,combined
0.8,1,3,2.172412803836605,2.155989181851221,0.38894681960375393,31,1.0,5,combined
0.8,1,3,2.3395325197256116,1.9549952374921165,0.30660888407367276,3,1.0,6,combined
0.8,1,3,4.217013177879908,4.873259295072006,0.6201395812562313,30,1.0,8,combined
0.8,1,3,2.831381058662345,2.9655540832600478,0.9601990049751243,21,1.0,9,combined
0.8,1,3,6.360693449849769,9.107007466676727,0.757948717948718,300,0.69,10,combined
0.8,1,3,6.324831628082378,7.652757794465463,0.5694323144104804,35,1.0,11,combined
0.8,1,3,4.058583290743956,5.240791632533349,0.2703213610586011,47,0.9033333333333333,12,combined
0.8,1,3,3.193671809158586,2.714221957994526,0.5667293233082706,20,1.0,13,combined
0.8,1,3,1.1785541508606796,1.827819772368471,0.8809121621621622,300,1.0,14,combined
0.8,1,3,6.323666495787177,8.092332888648041,0.1643543223052295,12,0.9666666666666667,15,combined
0.8,1,3,2.3455257141745185,2.3561343299014257,0.45521023765996343,32,1.0,16,combined
0.8,1,3,2.9202079925264885,6.029176528072116,0.7713097713097713,19,1.0,17,combined
0.8,1,3,2.4376664965065293,2.503528334939979,0.25965665236051505,11,1.0,18,combined
0.8,1,3,1.3889293940146838,3.377711604146767,0.1341698841698841,23,1.0,19,combined
0.8,1,3,4.665082742197296,4.8788825910622675,0.2291666666666667,35,1.0,20,combined
0.8,1,3,3.97243508364168,4.503592242984189,0.3046875,75,1.0,21,combined
0.8,1,3,1.6888979128575694,3.2551513379297585,0.16267123287671234,28,1.0,22,combined
0.8,1,3,4.222700938908746,4.300334447920262,0.7003929273084479,12,1.0,23,combined
0.8,1,3,2.341985204378741,1.7900076857527045,0.1885157096424701,8,1.0,24,combined
0.8,1,3,6.578077739975875,5.935815808266439,0.27272727272727276,18,1.0,25,combined
0.8,1,3,7.077695256422167,6.1635680457126165,0.5360281195079086,300,0.5066666666666667,28,combined
1.0,1,3,4.266144232561769,13.309788533270213,0.9376797698945349,16,0.9633333333333334,0,combined
1.0,1,3,1.2869705409029801,1.7618220175656965,0.966870095902354,44,1.0,1,combined
1.0,1,3,3.3478077507019774,2.9432109120813097,0.37047101449275366,93,1.0,2,combined
1.0,1,3,1.455755783780486,1.8391135705062156,0.9436619718309859,300,1.0,3,combined
1.0,1,3,0.9117368913637467,1.1048465351563646,0.3032178217821782,56,1.0,4,combined
1.0,1,3,1.6065045198713965,2.861169309939131,0.9226044226044227,9,1.0,5,combined
1.0,1,3,3.341606538911817,2.2702295478449313,0.6587234042553192,59,1.0,6,combined
1.0,1,3,1.5169175058520943,1.2378381723774365,0.13685152057245079,139,1.0,7,combined
1.0,1,3,1.2233261806069544,1.8945673544588708,0.28124999999999994,40,1.0,8,combined
1.0,1,3,0.47718513715058514,3.999688871904897,0.8897742363877822,300,1.0,9,combined
1.0,1,3,0.9803923367998016,2.5116305085145147,1.066321243523316,6,1.0,10,combined
1.0,1,3,1.3993480775122544,2.8797155181416123,0.616822429906542,300,1.0,11,combined
1.0,1,3,4.361691678388788,4.327104662854287,0.24273664479850052,25,0.9133333333333333,12,combined
1.0,1,3,3.020664481245207,9.427369222813912,0.9590062111801243,146,1.0,13,combined
1.0,1,3,2.662781974166537,3.65576277925733,0.89103690685413,23,1.0,14,combined
1.0,1,3,3.9617229654475112,6.384932549495435,0.3181818181818182,206,0.33666666666666667,15,combined
1.0,1,3,0.2401091780099476,7.994680801557895,0.9107648725212465,300,1.0,16,combined
1.0,1,3,1.752876153676002e-15,1.9736597673349444e-08,0.0,0,1.0,17,combined
1.0,1,3,4.714573425019085,6.5196453425405245,0.11640211640211642,17,0.98,18,combined
1.0,1,3,2.4571496975024005,4.13315036155278,0.9152892561983471,179,1.0,19,combined
1.0,1,3,0.2506745755440233,3.806531587134612,0.8978658536585366,1,1.0,20,combined
1.0,1,3,1.5763280475187746,2.8243367507956,0.9675213675213675,300,1.0,21,combined
1.0,1,3,2.3896099755005595,2.2776152444549775,0.44325657894736836,24,1.0,22,combined
1.0,1,3,0.022910272401737836,0.5370410038767962,0.05461165048543689,3,1.0,23,combined
1.0,1,3,0.0006959333684006412,0.7121904394774378,0.04399782726778922,300,1.0,24,combined
1.0,1,3,0.1922826463642544,18.621455686407938,0.9710526315789473,300,1.0,25,combined
1.0,1,3,3.4392459249029215,1.0954856042074859,1.1152204836415363,16,1.0,26,combined
1.0,1,3,1.3241041318600448,3.386544223379809,0.8193277310924371,6,1.0,27,combined
1.0,1,3,3.4901233529525206,2.591575098380014,0.7765726681127981,57,1.0,28,combined
1.0,1,3,1.210948635774198,2.8159034523807165,0.9306260575296108,300,1.0,29,combined
0.0,3,3,1.2197909548828134,1.0265303959757877,0.1174603174603174,8,0.0,0,combined
0.0,3,3,1.5119837749790475,1.4220110138453785,0.18602261048304208,2,1.0,1,combined
0.0,3,3,4.221485695179331,4.56025142051779,0.3033226152197213,113,1.0,2,combined
0.0,3,3,2.5991920870060645,2.9970456527681932,0.20464135021097038,44,0.9266666666666666,3,combined
0.0,3,3,2.9090982539531125,3.551851808540016,0.13948717948717942,16,1.0,4,combined
0.0,3,3,2.3415975720922346,2.2840695769628296,0.20833333333333331,92,1.0,5,combined
0.0,3,3,2.5072416682782825,2.223579741659839,0.10844529750479844,18,1.0,6,combined
0.0,3,3,1.1569117093627581,1.2865796017604263,0.11183597390493942,13,1.0,7,combined
0.0,3,3,4.732685062218451,4.587129215581763,0.20534759358288773,35,0.9766666666666667,8,combined
0.0,3,3,1.6761680128764531,2.218623210602847,0.11420059582919563,26,0.7366666666666667,9,combined
0.0,3,3,4.665779696586918,11.054712349178374,0.17349137931034478,16,0.18666666666666668,10,combined
0.0,3,3,2.5629833209921404,4.416751438376924,0.12273212379935966,30,0.94,11,combined
0.0,3,3,2.074024213743025,2.0048256667113136,0.09772951628825263,31,0.8933333333333333,12,combined
0.0,3,3,1.5173432152880038,1.3757761789492104,0.18396226415094338,3,1.0,13,combined
0.0,3,3,1.9618056984697003,1.6045843940006121,0.12615955473098325,24,1.0,14,combined
0.0,3,3,1.8659739868614258,1.991439803285867,0.1851162790697675,12,1.0,15,combined
0.0,3,3,1.5723466392023162,1.6758522113470382,0.27376425855513303,58,1.0,16,combined
0.0,3,3,4.1271776528863064,3.206534743869649,0.23282442748091595,21,1.0,17,combined
0.0,3,3,2.424042041231337,2.2895679695940445,0.12574850299401205,300,1.0,18,combined
0.0,3,3,1.9858352485861517,1.749581933370792,0.17202072538860097,35,1.0,19,combined
0.0,3,3,2.5108277056009434,3.314750756177778,0.09381044487427469,26,0.9133333333333333,20,combined
0.0,3,3,1.1747648599988505,1.1917150406061572,0.08290155440414503,15,1.0,21,combined
0.0,3,3,1.2915677422921643,1.3030796868972296,0.11846318036286028,9,1.0,22,combined
0.0,3,3,0.8020798605348615,1.217830099844207,0.12142152023692002,8,1.0,23,combined
0.0,3,3,1.2890224277335813,1.829727944544745,0.15215215215215216,300,0.8433333333333334,24,combined
0.0,3,3,2.190815284109887,3.1662333631890265,0.2165605095541402,28,0.94,25,combined
0.0,3,3,0.7294061156059678,0.7806622753893802,0.23622782446311857,14,1.0,26,combined
0.0,3,3,2.1676712795936757,2.565473375705917,0.140625,41,1.0,27,combined
0.0,3,3,1.2301642376580264,1.2546471469606482,0.10240963855421692,12,1.0,28,combined
0.0,3,3,1.2052890404170542,1.3719163749106043,0.1270358306188924,21,1.0,29,combined
0.2,3,3,1.848159578532072,1.838104630269514,0.16914893617021282,9,1.0,0,combined
0.2,3,3,5.373210180033415,8.285020083099667,0.11446409989594174,35,0.9433333333333334,1,combined
0.2,3,3,2.3304153141917587,2.9534784445060143,0.2516339869281045,24,0.8966666666666666,2,combined
0.2,3,3,1.04756299483583,0.947924784526627,0.26205450733752617,0,1.0,3,combined
0.2,3,3,3.5751171929373764,5.142413232821732,0.2197802197802198,35,0.99,4,combined
0.2,3,3,2.2453969383686396,1.4975044952835523,0.2414507772020725,8,1.0,5,combined
0.2,3,3,5.588095207750792,5.704044462403318,0.3176352705410822,3,1.0,6,combined
0.2,3,3,3.2901316763481647,5.2197951516317,0.14567360350492878,8,1.0,7,combined
0.2,3,3,1.5580215425590966,1.765913336978498,0.1843003412969284,11,1.0,8,combined
0.2,3,3,2.04040348384765,1.821597371445824,0.3879565646594274,51,1.0,9,combined
0.2,3,3,3.0705427743809954,2.7326718148490285,0.1861198738170346,3,1.0,10,combined
0.2,3,3,5.763759262441157,8.744355895896293,0.20737327188940094,65,0.9533333333333334,11,combined
0.2,3,3,1.9032079335067462,1.9800280655078828,0.1700095510983763,42,1.0,12,combined
0.2,3,3,1.2284185346712029,1.732974482582486,0.22961373390557946,61,1.0,13,combined
0.2,3,3,2.159386139083113,2.899372209102385,0.1385237613751264,3,1.0,14,combined
0.2,3,3,3.1641192026795366,3.7254227781662683,0.2875143184421534,7,1.0,15,combined
0.2,3,3,1.4898104590118821,1.525112984890211,0.11677282377919321,5,1.0,16,combined
0.2,3,3,2.147303904553569,1.937853987596397,0.25203989120580234,50,1.0,17,combined
0.2,3,3,2.986726029753193,4.286733037464485,0.12075471698113205,32,0.9333333333333333,18,combined
0.2,3,3,2.3658368320636254,3.0077855077715445,0.17494600431965432,23,1.0,19,combined
0.2,3,3,2.078305252940361,1.927507281436351,0.19103313840155942,56,1.0,20,combined
0.2,3,3,2.6268067504734436,2.080243114283367,0.15784114052953158,19,1.0,21,combined
0.2,3,3,5.422100609108942,5.087469377748947,0.10848549946294302,23,0.91,22,combined
0.2,3,3,2.2950186277107925,2.9270117803214175,0.10660980810234542,2,1.0,23,combined
0.2,3,3,1.0505361993231042,0.7884691627814185,0.10488058151609547,8,0.0,24,combined
0.2,3,3,1.1161156750252728,0.9896490180602627,0.19108910891089106,27,1.0,25,combined
0.2,3,3,4.261207128496897,4.7571184177948815,0.19652551574375673,34,1.0,26,combined
0.2,3,3,4.613279979224999,4.976146849690324,0.290187891440501,13,1.0,27,combined
0.2,3,3,1.08888434192866,1.3067839483461607,0.14828544949026876,101,1.0,28,combined
0.2,3,3,2.4791744867249683,2.8401534456145785,0.3098937040065412,124,1.0,29,combined
0.4,3,3,2.548658715259014,2.5357423225469944,0.38905472636815924,27,1.0,0,combined
0.4,3,3,5.016781248774025,9.816395926630207,0.26006191950464397,300,0.8233333333333334,1,combined
0.4,3,3,3.184300739532338,3.6408720606043476,0.22197802197802202,42,1.0,2,combined
0.4,3,3,3.62339444703589,3.1964256962661937,0.24533582089552236,22,1.0,3,combined
0.4,3,3,9.602817971661928,16.461765663506956,0.43670886075949367,23,0.93,4,combined
0.4,3,3,1.2894195376682536,0.7223401997740923,0.09149722735674681,17,1.0,5,combined
0.4,3,3,0.8216591572294338,0.7895092240038278,0.10274669379450656,9,1.0,6,combined
0.4,3,3,1.4320344458928949,1.5901926961971475,0.4871287128712872,60,1.0,7,combined
0.4,3,3,2.4699098475310337,2.4913938690527613,0.22396856581532415,30,0.8333333333333334,8,combined
0.4,3,3,1.4841096122511555,2.1822358058698867,0.5,23,1.0,9,combined
0.4,3,3,1.4431748209784232,1.074917423120368,0.4977538185085355,24,1.0,10,combined
0.4,3,3,3.7730682589762434,3.323107545139162,0.3892969569779643,13,1.0,11,combined
0.4,3,3,3.528226441604449,7.287284060997831,0.31225296442687756,9,1.0,12,combined
0.4,3,3,5.3657127461162855,6.3937844563905735,0.31893004115226337,93,0.9,13,combined
0.4,3,3,5.923311819064626,8.7172937989435,0.15565031982942426,11,0.95,14,combined
0.4,3,3,2.0645267908468723,1.8805991498157062,0.3691542288557214,19,1.0,15,combined
0.4,3,3,1.6340221333166796,1.3484733408864378,0.11883182275931518,10,1.0,16,combined
0.4,3,3,3.7804320886715943,5.420807935836943,0.7840531561461794,17,1.0,17,combined
0.4,3,3,1.256024069176331,1.4008536104108142,0.2024952015355087,109,1.0,18,combined
0.4,3,3,4.214226505723988,5.6630578122285105,0.3478260869565218,35,1.0,19,combined
0.4,3,3,2.3796635395671344,1.6073134769865196,0.1534795042897999,300,0.0,20,combined
0.4,3,3,1.445599142363127,2.0133165292830015,0.21796276013143476,40,1.0,21,combined
0.4,3,3,5.417964768144515,4.161547896816317,0.39307535641547864,71,1.0,22,combined
0.4,3,3,3.6325382477609076,4.576683470632448,0.3631436314363144,5,1.0,23,combined
0.4,3,3,9.149733744364,14.02154617380142,0.38253638253638256,98,0.8933333333333333,24,combined
0.4,3,3,2.6490886707158183,1.8962293248954578,0.4085714285714286,111,1.0,25,combined
0.4,3,3,2.0597759284226873,1.4062756740649929,0.5816416593115623,14,1.0,26,combined
0.4,3,3,0.9352768322866217,1.0352516978049553,0.4693504117108874,120,1.0,27,combined
0.4,3,3,2.3713341897622557,2.829671229868636,0.29025641025641025,21,1.0,28,combined
0.4,3,3,1.9638393052119953,1.428860718988344,0.314410480349345,19,1.0,29,combined
0.6,3,3,2.2530445012786084,2.5310252875009507,0.32649420160570913,30,1.0,0,combined
0.6,3,3,6.397345403299046,7.994268801126153,0.4033970276008492,273,0.9533333333333334,1,combined
0.6,3,3,1.3640353699370888,0.8473245400345522,0.5545023696682465,300,1.0,2,combined
0.6,3,3,3.408079437382045,2.80499341886358,0.43973634651600757,40,1.0,3,combined
0.6,3,3,1.334733751722239,1.9831868565818338,0.7659313725490196,0,1.0,4,combined
0.6,3,3,4.4351335156829785,3.537137103313056,0.5867403314917127,3,1.0,5,combined
0.6,3,3,0.5230814177345368,1.0708684764037197,0.07594936708860757,2,1.0,6,combined
0.6,3,3,4.59750616790852,6.429662472331088,0.15778474399164064,46,0.9466666666666667,7,combined
0.6,3,3,4.076128659784776,4.247113467388189,0.45546558704453444,10,1.0,8,combined
0.6,3,3,4.169960848212428,3.8245800925209408,0.5763765541740674,22,1.0,9,combined
0.6,3,3,5.53528491973847,8.558718497173134,0.26565656565656565,41,0.8966666666666666,10,combined
0.6,3,3,7.323559667991478,8.322164754414734,0.37354988399071926,7,1.0,12,combined
0.6,3,3,12.567640002868362,10.677661453936203,0.16805845511482248,26,1.0,13,combined
0.6,3,3,3.265104528516525,2.920536549475855,0.32716049382716056,43,1.0,14,combined
0.6,3,3,2.4143422521082134,2.1925815425374813,0.2101293103448276,1,1.0,15,combined
0.6,3,3,8.660288168781337,9.115957939972738,0.20058708414872797,19,0.96,16,combined
0.6,3,3,5.343081692337172,8.014690701685428,0.422680412371134,116,1.0,17,combined
0.6,3,3,2.5965377828169056,2.69775073432462,0.4491978609625668,2,1.0,18,combined
0.6,3,3,2.250788544318907,2.2268745930301566,0.20497512437810939,22,1.0,20,combined
0.6,3,3,3.3859501591953163,4.4067817921407935,0.23300970873786417,12,1.0,21,combined
0.6,3,3,1.389741968806314,1.2474352940379767,0.2745901639344262,9,1.0,23,combined
0.6,3,3,2.791141782743845,1.5615208497357709,0.4623287671232877,300,1.0,24,combined
0.6,3,3,3.156381742007861,3.5147290974249454,0.23659673659673658,4,1.0,25,combined
0.6,3,3,5.567396730751719,3.677022024148163,0.49110320284697506,271,1.0,26,combined
0.6,3,3,2.2121649599815383,1.95563899782261,0.34786641929499074,12,1.0,27,combined
0.6,3,3,2.8069704931226314,3.3189546853865433,0.2868447082096934,1,1.0,28,combined
0.6,3,3,0.9229630142663917,0.737386060118004,0.48841893252769386,24,1.0,29,combined
0.8,3,3,4.084014913655973,4.728449785457701,0.5647716682199441,23,1.0,0,combined
0.8,3,3,1.7155003824843622,1.8513627283954635,0.5379939209726444,71,1.0,1,combined
0.8,3,3,3.300917872670424,4.53528023338887,0.4703862660944206,27,1.0,2,combined
0.8,3,3,1.639647613889752,2.3584346284920197,0.5355832721936904,13,1.0,3,combined
0.8,3,3,1.2363511792600343,1.4809865297929272,0.4221698113207547,300,1.0,4,combined
0.8,3,3,1.183700514510716,4.019382771662298,0.8540245566166439,1,1.0,5,combined
0.8,3,3,0.8048582615628554,3.777928398877168,0.9398410896708286,79,1.0,6,combined
0.8,3,3,6.562698000528761,12.69578387666078,0.5252837977296182,33,0.9233333333333333,7,combined
0.8,3,3,7.065481080275841,15.700983043254668,0.5647773279352226,82,0.7933333333333333,8,combined
0.8,3,3,3.150371826297502,2.273244509093035,0.8502080443828017,300,1.0,9,combined
0.8,3,3,7.069347668343793,8.18287770579327,0.32432432432432434,37,0.8933333333333333,10,combined
0.8,3,3,0.5759537481007293,3.866948445946313,0.8947885939036381,300,1.0,12,combined
0.8,3,3,1.9010590137058279,1.512756665718371,0.2921348314606742,7,1.0,14,combined
0.8,3,3,3.907567618695431,4.378027195558939,0.5043668122270742,5,1.0,15,combined
0.8,3,3,6.446101115488886,8.896530805738454,0.3425076452599388,18,0.9633333333333334,17,combined
0.8,3,3,3.0787868677195616,2.911342744984063,0.2931354359925788,81,1.0,18,combined
0.8,3,3,1.4729928303119042,1.2859538292356358,0.10828729281767953,2,1.0,21,combined
0.8,3,3,3.074415730893892,2.5705967150044335,0.38734177215189874,1,1.0,22,combined
0.8,3,3,10.155517921885052,14.16866893153803,0.4634730538922156,76,1.0,23,combined
0.8,3,3,3.389357509995123,4.434094691207829,0.35640138408304506,15,1.0,24,combined
0.8,3,3,2.6099609475625627,1.9316254913983029,0.5762538382804504,4,1.0,25,combined
0.8,3,3,0.2134659463542373,9.176660516798599,0.8956197576887232,300,1.0,27,combined
0.8,3,3,3.462791666629265,2.486163098599667,0.5639032815198618,61,1.0,28,combined
0.8,3,3,8.01259780429026,7.437463485891328,0.1457023060796646,17,0.9466666666666667,29,combined
1.0,3,3,6.368125754990531,9.377918364317045,0.4225512528473804,25,0.9033333333333333,0,combined
1.0,3,3,0.056234790649298275,9.627449848523717,0.8617283950617284,300,1.0,1,combined
1.0,3,3,1.5569366186663016,2.294015396667329,0.40989660265878874,1,1.0,2,combined
1.0,3,3,1.4181693469606362,3.8778409455495355,0.9465716829919858,4,1.0,3,combined
1.0,3,3,2.0539997610525735,2.1756846827926566,0.6519337016574586,62,1.0,4,combined
1.0,3,3,0.45201977467448745,0.6491918174743754,0.10865384615384613,2,1.0,5,combined
1.0,3,3,0.25244715066437157,22.320337769959224,0.9406130268199233,300,1.0,6,combined
1.0,3,3,0.8404925181851917,1.350477043558764,0.06051282051282057,6,1.0,7,combined
1.0,3,3,2.404276403795194,1.3969808996402417,1.0116896918172156,24,1.0,8,combined
1.0,3,3,1.3169229055682832,1.6249476155444655,0.5974789915966386,300,1.0,9,combined
1.0,3,3,3.444773099029745,2.98716897407117,0.33800623052959505,39,0.42333333333333334,10,combined
1.0,3,3,4.127223209168455,4.789509406135164,0.7802071346375145,36,1.0,11,combined
1.0,3,3,3.157818870383588,3.6970108321473667,0.9761904761904763,300,1.0,12,combined
1.0,3,3,4.26334103040402,9.894888843432655,0.9151162790697674,193,0.5666666666666667,13,combined
1.0,3,3,1.2580542665205139,1.075647415434007,0.2701829924650162,1,1.0,14,combined
1.0,3,3,3.5301876404861128,9.245535183935743,0.6646180860403863,40,0.9666666666666667,15,combined
1.0,3,3,0.5733191469730405,1.070945360680439,0.0544464609800363,1,1.0,16,combined
1.0,3,3,5.592341748169725,6.647250113125081,0.9650000000000001,2,1.0,17,combined
1.0,3,3,0.6241099907158574,2.0328231940440205,0.8727615457115928,29,1.0,18,combined
1.0,3,3,7.062640722483716,6.526239975958781,0.8461538461538461,300,1.0,19,combined
1.0,3,3,0.5887196528278363,2.1689234916184517,0.2896613190730838,6,1.0,20,combined
1.0,3,3,1.0890174732775693e-15,1.7287817183965974e-08,0.0,0,1.0,21,combined
1.0,3,3,0.7437336661875364,1.9853299757285543,0.835016835016835,300,1.0,22,combined
1.0,3,3,5.77505660316394,8.569438581317632,0.989492119089317,18,0.6666666666666666,23,combined
1.0,3,3,2.5540421139724065,5.056650058392941,0.8760262725779968,30,1.0,24,combined
1.0,3,3,2.840023385069831,3.1849084017239897,0.8847926267281105,3,1.0,25,combined
1.0,3,3,0.9525324781448591,1.4518777923318433,0.09220532319391637,18,1.0,26,combined
1.0,3,3,2.552637087368903,2.8468395175896735,1.063257065948856,300,1.0,27,combined
1.0,3,3,0.10849377113102747,7.10830191188004,0.8722466960352423,300,1.0,28,combined
1.0,3,3,1.4814269471109416,1.4529468685880425,0.253475935828877,3,1.0,29,combined
0.0,5,3,4.334741612960723,7.67253647729709,0.19607843137254902,21,0.8233333333333334,0,combined
0.0,5,3,2.940186193954566,2.706829417187505,0.21042281219272374,22,1.0,1,combined
0.0,5,3,1.0725664126857308,1.303759970777488,0.12151394422310759,28,1.0,2,combined
0.0,5,3,1.0977232902503578,1.1349993236770066,0.2606679035250463,34,1.0,3,combined
0.0,5,3,4.6284830711675236,4.245549571444554,0.10388247639034619,19,0.9433333333333334,4,combined
0.0,5,3,2.7455287932260797,3.1325657199703847,0.16276595744680847,16,0.91,5,combined
0.0,5,3,3.2055742345265217,3.460773003326078,0.21194029850746265,27,1.0,6,combined
0.0,5,3,0.733153779466442,0.8825373538621334,0.12160898035547239,23,1.0,7,combined
0.0,5,3,2.2348730163266266,3.502966655538241,0.08796764408493431,10,1.0,8,combined
0.0,5,3,2.5396971904647923,2.399283374053511,0.11206077872744537,10,1.0,9,combined
0.0,5,3,1.426111901644999,1.9526547297815622,0.24022346368715083,19,1.0,10,combined
0.0,5,3,3.0697808032587384,3.6183929788183717,0.19978284473398472,20,0.9766666666666667,11,combined
0.0,5,3,2.5833062695473394,2.335099646541332,0.27298311444652906,13,1.0,12,combined
0.0,5,3,1.2397932816190829,1.1674037242170354,0.11411149825783967,11,1.0,13,combined
0.0,5,3,1.9020963982288117,1.9956549924574654,0.19783783783783782,23,1.0,14,combined
0.0,5,3,1.0151716990875135,0.817655768430834,0.10628571428571425,2,1.0,15,combined
0.0,5,3,3.045024194790503,3.0589427489979437,0.12055335968379449,28,0.93,16,combined
0.0,5,3,2.38637557833973,2.1117323404084183,0.23443983402489635,48,1.0,17,combined
0.0,5,3,3.5854231434754245,2.7837945932421477,0.09007352941176468,14,0.98,18,combined
0.0,5,3,3.736847013043603,2.596790541030094,0.22337125129265778,40,1.0,19,combined
0.0,5,3,4.35236944728473,3.660629800842675,0.21360153256704992,61,1.0,20,combined
0.0,5,3,4.525273426567236,6.957290296954757,0.20023557126030622,29,1.0,21,combined
0.0,5,3,5.070288855473488,7.8858695725739,0.19444444444444456,47,0.9266666666666666,22,combined
0.0,5,3,2.179574665923486,2.1520681892063482,0.18579234972677588,19,1.0,23,combined
0.0,5,3,1.7494259173006512,1.498879846928378,0.10304659498207885,13,1.0,24,combined
0.0,5,3,5.109939030611026,5.598881799126885,0.1715089034676663,29,1.0,25,combined
0.0,5,3,3.1137713499612514,4.942848802447619,0.145,34,0.9166666666666666,26,combined
0.0,5,3,2.1049859416746504,2.3935861398669105,0.11032388663967603,4,1.0,27,combined
0.0,5,3,0.9625833403170416,1.0897675605503685,0.11684518013631938,8,1.0,28,combined
0.0,5,3,2.3038256078468153,2.033924182827507,0.15717539863325738,24,1.0,29,combined
0.2,5,3,4.29380141012741,3.9926843778496317,0.30322580645161296,29,1.0,0,combined
0.2,5,3,1.8670391102979216,2.1026497592473206,0.19747081712062253,3,1.0,1,combined
0.2,5,3,1.6525870055370833,2.4253692794114077,0.109375,52,0.043333333333333335,2,combined
0.2,5,3,6.033359311016396,5.320869019612012,0.2997299729972997,112,0.8833333333333333,3,combined
0.2,5,3,3.5720475858335883,2.58944371176846,0.23189734188817598,8,1.0,4,combined
0.2,5,3,2.4218340019592834,2.623782798665305,0.2115384615384615,11,1.0,5,combined
0.2,5,3,5.617979488969129,5.342257075050646,0.09596412556053814,11,1.0,6,combined
0.2,5,3,3.0047990198218013,3.145565171495349,0.11040339702760091,10,1.0,7,combined
0.2,5,3,2.8737909039420164,2.7607388828529182,0.17943548387096772,38,1.0,8,combined
0.2,5,3,2.2916451375601414,2.864126550065641,0.33333333333333337,64,1.0,9,combined
0.2,5,3,0.3688905676724034,0.282753582055441,0.4554064719810576,26,1.0,10,combined
0.2,5,3,0.9294112585284041,0.707877097243388,0.09879032258064513,20,1.0,11,combined
0.2,5,3,2.8047323241773037,4.61521181795354,0.13038674033149167,19,0.7366666666666667,12,combined
0.2,5,3,2.921995112294141,7.1407677561527745,0.24053452115812912,28,0.8866666666666667,13,combined
0.2,5,3,1.2455085746620251,1.135722093627886,0.09872029250457048,12,1.0,14,combined
0.2,5,3,5.056511450087865,5.065011466750672,0.1856677524429967,14,1.0,15,combined
0.2,5,3,1.1009361226305396,1.3095965148715314,0.08446601941747575,20,1.0,16,combined
0.2,5,3,1.083091494951206,1.174884698107103,0.10889110889110881,19,1.0,17,combined
0.2,5,3,5.132180486496959,4.933741646076535,0.15421455938697326,80,0.94,18,combined
0.2,5,3,2.2111732904835857,1.9768680934288438,0.1345980126467932,69,1.0,19,combined
0.2,5,3,2.769267666037598,1.8974466171330142,0.12004405286343603,9,1.0,20,combined
0.2,5,3,2.0306411056708926,1.8901098065406758,0.22156398104265404,5,1.0,21,combined
0.2,5,3,2.352388805025439,2.4674702837588214,0.11377245508982041,21,1.0,22,combined
0.2,5,3,1.970523026995226,1.9697715780519154,0.1878335112059766,37,1.0,23,combined
0.2,5,3,1.4770139773715538,1.147853824591758,0.29042553191489356,17,1.0,24,combined
0.2,5,3,4.296754716020576,4.430591471141351,0.32590855803048063,45,1.0,25,combined
0.2,5,3,2.702696566991859,3.2167594306817895,0.13928914505283382,123,0.8566666666666667,26,combined
0.2,5,3,2.4480388686201864,2.637397464744259,0.2832310838445808,26,1.0,27,combined
0.2,5,3,2.543546637202017,2.9348025697763847,0.1416579223504722,47,0.9433333333333334,28,combined
0.2,5,3,1.5418538671204618,1.2806188999969355,0.30076465590484286,300,1.0,29,combined
0.4,5,3,3.6579064445972667,3.892050578549472,0.20943396226415098,10,1.0,0,combined
0.4,5,3,0.9449530419700406,0.6949853450278668,0.21268292682926826,0,1.0,1,combined
0.4,5,3,1.219710908066415,1.1528628068713027,0.1660649819494584,1,1.0,2,combined
0.4,5,3,2.4276522551261754,2.221073165388909,0.40566959921798634,63,1.0,3,combined
0.4,5,3,2.3392521440611618,2.3012688007903463,0.456959706959707,35,1.0,4,combined
0.4,5,3,2.1474907777252263,1.6054272256156272,0.34324065196548414,18,1.0,5,combined
0.4,5,3,1.813435038106483,1.7627306658684534,0.3178893178893179,3,1.0,6,combined
0.4,5,3,1.5897714967083374,1.7830019066132399,0.21783295711060946,13,1.0,7,combined
0.4,5,3,2.9790531982310204,2.0997478956168316,0.3653088042049934,11,1.0,8,combined
0.4,5,3,4.8072952527681,3.937126740280237,0.2524886877828055,7,1.0,9,combined
0.4,5,3,2.1088524426281086,1.3728937946374287,0.20955882352941171,2,1.0,10,combined
0.4,5,3,3.1575130781574474,2.5891863176363232,0.5203679369250985,11,1.0,11,combined
0.4,5,3,3.0344582439772223,3.8841567779076236,0.260110294117647,29,0.83,12,combined
0.4,5,3,1.6961955912059856,2.270304777921515,0.3122529644268775,0,1.0,13,combined
0.4,5,3,1.7617364063609282,1.7913989661533996,0.23595505617977536,7,1.0,14,combined
0.4,5,3,1.7570022015349658,1.8324574812446612,0.14130434782608692,3,1.0,15,combined
0.4,5,3,2.4620515231710622,2.0664125734324887,0.30601569311246735,95,1.0,16,combined
0.4,5,3,1.774739312099333,1.8608916834890246,0.20144628099173553,2,1.0,17,combined
0.4,5,3,5.292117662987371,4.949881705631255,0.2271914132379248,5,1.0,18,combined
0.4,5,3,2.584765618220235,2.835572036926898,0.4088620342396777,1,1.0,19,combined
0.4,5,3,3.17452312603659,3.2144577883015373,0.2590673575129534,8,1.0,20,combined
0.4,5,3,3.736305694975347,3.1723798640923464,0.3333333333333333,13,1.0,21,combined
0.4,5,3,2.864504958940543,2.2629530784609235,0.13157894736842105,7,1.0,22,combined
0.4,5,3,7.793047932360977,13.785896979517895,0.4844789356984479,47,1.0,23,combined
0.4,5,3,1.9557118389163874,1.838839207509975,0.17237903225806459,3,1.0,24,combined
0.4,5,3,2.1303217855893393,1.8302113293573623,0.2988384371700105,61,1.0,25,combined
0.4,5,3,1.8646909826833353,2.5999070332575007,0.25047984644913635,128,1.0,26,combined
0.4,5,3,4.69482428618225,7.394702369390489,0.10334346504559273,17,0.9533333333333334,27,combined
0.4,5,3,3.086016015874239,3.6861120788151016,0.5135722041259501,3,1.0,28,combined
0.4,5,3,5.856586921463097,6.274503943687689,0.3731182795698925,57,1.0,29,combined
0.6,5,3,1.9099860498927093,1.7706346400513195,0.6692650334075724,83,1.0,0,combined
0.6,5,3,2.591933424090723,2.4853512916887714,0.4296951819075713,43,1.0,1,combined
0.6,5,3,6.88591818652236,17.916220951801805,0.7276995305164319,79,0.8833333333333333,4,combined
0.6,5,3,2.921399129450079,2.9410904360568355,0.4794117647058823,40,1.0,5,combined
0.6,5,3,2.009573382859392,2.064777352857714,0.15762925598991173,6,1.0,6,combined
0.6,5,3,1.5903069117383437,1.4441057974483797,0.4519966015293118,43,1.0,7,combined
0.6,5,3,2.133866460572287,2.482974385792979,0.43761996161228406,38,1.0,8,combined
0.6,5,3,2.6634771195472684,2.4154954181760253,0.26277372262773724,45,1.0,9,combined
0.6,5,3,2.7827658994142213,2.3356750203035714,0.5672690763052208,93,1.0,10,combined
0.6,5,3,3.113520228576998,3.403913569313373,0.44651162790697674,49,1.0,11,combined
0.6,5,3,2.908993294823143,2.673420453180885,0.16666666666666666,6,1.0,12,combined
0.6,5,3,7.155348833799864,9.884865700077732,0.36615384615384616,33,0.89,13,combined
0.6,5,3,5.7970195214991,8.356229318491485,0.29847715736040614,12,1.0,14,combined
0.6,5,3,2.624139299023731,2.1946533863776536,0.30890464933018125,4,1.0,15,combined
0.6,5,3,1.005229907064192,1.2886483419966468,0.3547204399633363,98,0.4533333333333333,16,combined
0.6,5,3,1.6524520807211005,2.1095891122681483,0.08851224105461399,7,1.0,17,combined
0.6,5,3,2.810890876020769,5.4464494401845505,0.7717528373266078,18,1.0,18,combined
0.6,5,3,6.908850343961464,8.790087474308475,0.32447397563676633,48,0.7766666666666666,19,combined
0.6,5,3,2.7542705958190288,2.8701673477441045,0.3558648111332008,59,1.0,20,combined
0.6,5,3,4.2064918710846255,3.6520959732769236,0.6329113924050633,117,1.0,21,combined
0.6,5,3,3.060935524923307,2.592867753799561,0.2017766497461929,240,1.0,22,combined
0.6,5,3,3.0845823176551943,3.658232826400018,0.2766159695817491,232,1.0,23,combined
0.6,5,3,1.6836246198900306,1.5508146094247306,0.6296296296296297,66,1.0,24,combined
0.6,5,3,4.282778869606313,3.0418852078753766,0.4107959743824336,57,1.0,25,combined
0.6,5,3,3.2755061367353044,5.360033396672866,0.7706521739130435,64,1.0,26,combined
0.6,5,3,1.9842437314227932,1.7855448407941437,0.6124620060790273,12,1.0,27,combined
0.6,5,3,7.906639153678458,11.66240311637222,0.4605009633911368,13,1.0,28,combined
0.6,5,3,2.076648650216744,2.0554238076187414,0.40216322517207476,8,1.0,29,combined
0.8,5,3,1.1020360136539877,2.7731734848413074,0.07975460122699383,4,1.0,0,combined
0.8,5,3,1.2046896355994787,1.6298084336537133,0.6606786427145709,12,1.0,1,combined
0.8,5,3,2.149223696251282,3.447007035189723,0.44223107569721115,300,1.0,2,combined
0.8,5,3,3.141020791917179,2.278127513374633,0.5396039603960395,10,1.0,3,combined
0.8,5,3,3.366586377770741,2.5944800084630066,0.2916666666666666,9,1.0,4,combined
0.8,5,3,2.4160257651718497,1.749046265801085,0.49210307564422273,1,1.0,5,combined
0.8,5,3,2.1352043227571063,2.0374499562531208,0.5294635004397538,47,1.0,6,combined
0.8,5,3,4.752815675718161,4.790452563839362,0.5155601659751037,40,1.0,7,combined
0.8,5,3,9.928489729332618,14.511787049924715,0.27444794952681384,18,1.0,8,combined
0.8,5,3,0.7687502359399452,1.4044409563595222,0.036792452830188734,1,1.0,9,combined
0.8,5,3,4.98273515444216,5.958453117262135,0.8755244755244755,182,1.0,10,combined
0.8,5,3,1.8808509139199323,3.0775783944651782,0.3191940615058324,47,1.0,11,combined
0.8,5,3,2.5429895075147657,1.6614734302040013,1.0527472527472528,70,1.0,12,combined
0.8,5,3,5.2331993300244575,10.653516902205338,0.2790948275862068,23,0.9433333333333334,13,combined
0.8,5,3,6.87721672945386,16.00035317812617,0.264406779661017,61,0.8533333333333334,14,combined
0.8,5,3,3.6657301444791774,4.407872881639977,0.6123595505617978,10,1.0,15,combined
0.8,5,3,2.582060541456272,3.0869358465193875,0.7547445255474453,300,1.0,16,combined
0.8,5,3,3.510922352885774,3.0866911669784898,0.5367717287488061,2,1.0,17,combined
0.8,5,3,2.640595015519443,2.4618666806097593,0.5269784172661871,52,1.0,18,combined
0.8,5,3,2.55993858907893,2.3775808940841525,0.5,15,1.0,19,combined
0.8,5,3,1.1051862716059508,1.594732632538949,0.5672797676669893,63,1.0,20,combined
0.8,5,3,1.0973662470991747,1.4861018838079925,0.6476578411405295,14,1.0,21,combined
0.8,5,3,7.521180561350476,5.432434915464457,0.3667820069204152,291,0.54,22,combined
0.8,5,3,1.3258381066466827,1.1250528669283568,0.3037249283667621,300,1.0,23,combined
0.8,5,3,1.0938461669659814,1.3349111117445278,0.35294117647058826,2,1.0,27,combined
0.8,5,3,9.855251157490544,24.63638868442457,0.7101449275362318,37,0.9033333333333333,29,combined
1.0,5,3,1.9507428333427037,2.8713821721432318,0.886329866270431,40,1.0,0,combined
1.0,5,3,0.0890865684140515,5.024463539648996,0.783567134268537,300,1.0,2,combined
1.0,5,3,2.4321413657156885,3.965946474261454,0.9512485136741975,40,1.0,3,combined
1.0,5,3,2.492876080822162,3.606547627042713,0.2758620689655172,17,1.0,5,combined
1.0,5,3,0.5091960624370622,5.1168291107392765,0.95512082853855,300,1.0,6,combined
1.0,5,3,1.2333560323043713,1.4755530422413747,0.26618705035971224,300,1.0,7,combined
1.0,5,3,0.1490826124719921,1.578766824048572,0.04490057729313662,3,1.0,9,combined
1.0,5,3,2.483649377540325,3.3217715490429747,0.7828282828282828,88,1.0,10,combined
1.0,5,3,5.408036491643142,-24.52971165460006,1.003680981595092,2,1.0,11,combined
1.0,5,3,2.684614395681456,3.5179503918428656,0.4066736183524505,8,1.0,12,combined
1.0,5,3,1.1420728890313288,7.220503139965269,0.7944572748267898,300,1.0,13,combined
1.0,5,3,0.9032071930305211,1.2447085905598358,0.612153708668454,10,1.0,14,combined
1.0,5,3,1.966520456238743,3.1716059876330522,0.8407494145199064,141,1.0,15,combined
1.0,5,3,5.945287793710613,5.990572318598208,1.0286298568507157,84,1.0,16,combined
1.0,5,3,1.561603152639186,1.5052527240260662,0.26332794830371564,53,1.0,17,combined
1.0,5,3,1.0295452965760206,0.9304555515375393,1.0299319727891156,300,1.0,18,combined
1.0,5,3,1.7712629349834323,2.788569521376077,0.5234708392603129,300,1.0,19,combined
1.0,5,3,0.41516548975208634,1.922960258353835,0.8977272727272728,300,1.0,20,combined
1.0,5,3,0.0,1.4222438271157369e-08,0.0,0,1.0,21,combined
1.0,5,3,1.3841204911034175,3.590416273592662,0.823943661971831,9,1.0,22,combined
1.0,5,3,3.596938366531211,4.6466973676206,0.7204574332909784,9,1.0,23,combined
1.0,5,3,1.6221081330365947,2.859243263399989,0.976068376068376,73,1.0,24,combined
1.0,5,3,3.267796119239496,3.3513679776863676,0.9725378787878788,0,1.0,25,combined
1.0,5,3,5.58801918173221,7.972321863014192,0.6979472140762464,9,0.9766666666666667,26,combined
1.0,5,3,6.62963144763708,9.856711594699654,0.5690021231422505,59,1.0,27,combined
1.0,5,3,0.5491325370351458,4.0840025891865155,0.938034188034188,300,1.0,29,combined
