mode,regime,volume_threshold,hft_frac,run,seed,n_iter,shock_it,shock_dp,speed_multiplier,info_lag,softlimit,vol_ratio,spread_ratio,max_drawdown,recovery_time,mm_panic_ratio,avg_sub_iters,max_sub_iters_observed,threshold_hit_rate,executed_volume_total,book_depleted_rate,calendar_volume_per_tick_target,vstar_to_calendar_tick_ratio
calendar,calendar,,0.0,0,2,500,200,-10,2,0,100,1.5010358456398047,1.4337248464350647,0.1508196721311475,12,1.0,1.0,1,1.0,6296,0.0,12.914933333333332,
calendar,calendar,,0.0,1,10002,500,200,-10,2,0,100,1.5346953760537592,1.7742687009130307,0.22967863894139884,51,1.0,1.0,1,1.0,6633,0.0,12.914933333333332,
calendar,calendar,,0.0,2,20002,500,200,-10,2,0,100,1.0945045545485084,1.12130109786587,0.13673469387755108,4,1.0,1.0,1,1.0,5999,0.0,12.914933333333332,
calendar,calendar,,0.0,3,30002,500,200,-10,2,0,100,1.6407540235298197,1.549791301027311,0.14437984496124037,174,1.0,1.0,1,1.0,6276,0.0,12.914933333333332,
calendar,calendar,,0.0,4,40002,500,200,-10,2,0,100,1.0642317656863922,1.0891750218744354,0.0445344129554655,17,1.0,1.0,1,1.0,6255,0.0,12.914933333333332,
calendar,calendar,,0.0,5,50002,500,200,-10,2,0,100,1.3673067181804082,1.1567376039461184,0.1071428571428571,38,1.0,1.0,1,1.0,6810,0.0,12.914933333333332,
calendar,calendar,,0.0,6,60002,500,200,-10,2,0,100,1.7682480790374233,1.92381024740197,0.22830188679245286,175,1.0,1.0,1,1.0,6568,0.0,12.914933333333332,
calendar,calendar,,0.0,7,70002,500,200,-10,2,0,100,1.9047191328696542,1.5450922005432768,0.11887382690302403,13,1.0,1.0,1,1.0,6308,0.0,12.914933333333332,
calendar,calendar,,0.0,8,80002,500,200,-10,2,0,100,2.9815976631882632,2.4643049863485325,0.17002012072434614,41,1.0,1.0,1,1.0,7139,0.0,12.914933333333332,
calendar,calendar,,0.0,9,90002,500,200,-10,2,0,100,1.1985915131980096,1.0901897117127934,0.123721881390593,8,1.0,1.0,1,1.0,6362,0.0,12.914933333333332,
calendar,calendar,,0.0,10,100002,500,200,-10,2,0,100,2.2533682072728447,1.84038035026979,0.0911627906976744,15,0.9866666666666667,1.0,1,1.0,6159,0.0,12.914933333333332,
calendar,calendar,,0.0,11,110002,500,200,-10,2,0,100,1.6997801007395184,1.656133152808734,0.08283433133732532,4,1.0,1.0,1,1.0,6715,0.0,12.914933333333332,
calendar,calendar,,0.0,12,120002,500,200,-10,2,0,100,2.3285436847336594,2.2322069794688275,0.1826722338204593,4,1.0,1.0,1,1.0,5804,0.0,12.914933333333332,
calendar,calendar,,0.0,13,130002,500,200,-10,2,0,100,2.737638723284853,2.198531651113911,0.14460285132382894,14,1.0,1.0,1,1.0,6295,0.0,12.914933333333332,
calendar,calendar,,0.0,14,140002,500,200,-10,2,0,100,2.4801465401358236,2.9250987131855504,0.14647887323943656,25,1.0,1.0,1,1.0,6351,0.0,12.914933333333332,
calendar,calendar,,0.0,15,150002,500,200,-10,2,0,100,1.6098698060524967,1.460374939436669,0.1657866948257656,23,1.0,1.0,1,1.0,6094,0.0,12.914933333333332,
calendar,calendar,,0.0,16,160002,500,200,-10,2,0,100,1.0634256095217678,1.0856539520654707,0.21037998146431883,300,1.0,1.0,1,1.0,6062,0.0,12.914933333333332,
calendar,calendar,,0.0,17,170002,500,200,-10,2,0,100,2.0126915880471694,2.977785241566906,0.11368421052631576,57,0.9066666666666666,1.0,1,1.0,7794,0.0,12.914933333333332,
calendar,calendar,,0.0,18,180002,500,200,-10,2,0,100,1.3922609683058955,1.4279863676514248,0.09674234945705822,19,1.0,1.0,1,1.0,6110,0.0,12.914933333333332,
calendar,calendar,,0.0,19,190002,500,200,-10,2,0,100,2.0889485438689452,2.376048845356516,0.22178988326848248,37,1.0,1.0,1,1.0,6448,0.0,12.914933333333332,
calendar,calendar,,0.0,20,200002,500,200,-10,2,0,100,1.4067770644109514,0.9781934070404568,0.09226467847157495,19,1.0,1.0,1,1.0,6279,0.0,12.914933333333332,
calendar,calendar,,0.0,21,210002,500,200,-10,2,0,100,1.5445592995902662,1.7418880669703354,0.1559734513274337,28,1.0,1.0,1,1.0,5960,0.0,12.914933333333332,
calendar,calendar,,0.0,22,220002,500,200,-10,2,0,100,1.2348360355605854,1.8403291212238808,0.10224948875255624,20,0.0,1.0,1,1.0,9566,0.0,12.914933333333332,
calendar,calendar,,0.0,23,230002,500,200,-10,2,0,100,1.594005682511141,1.3224455057999345,0.10079051383399212,9,1.0,1.0,1,1.0,5640,0.0,12.914933333333332,
calendar,calendar,,0.0,24,240002,500,200,-10,2,0,100,1.1378244915126372,0.8351085471662828,0.08462867012089807,16,1.0,1.0,1,1.0,6385,0.0,12.914933333333332,
calendar,calendar,,0.0,25,250002,500,200,-10,2,0,100,1.6207685200787958,1.567249247177595,0.07613741875580318,8,0.9633333333333334,1.0,1,1.0,6505,0.0,12.914933333333332,
calendar,calendar,,0.0,26,260002,500,200,-10,2,0,100,2.2907119460773515,3.2862403916727234,0.13070539419087146,6,1.0,1.0,1,1.0,6822,0.0,12.914933333333332,
calendar,calendar,,0.0,27,270002,500,200,-10,2,0,100,1.0888178975462963,1.2252836922282613,0.14915966386554624,4,1.0,1.0,1,1.0,5877,0.0,12.914933333333332,
calendar,calendar,,0.0,28,280002,500,200,-10,2,0,100,1.5938904305632533,1.1558772241869502,0.09838998211091235,16,1.0,1.0,1,1.0,6082,0.0,12.914933333333332,
calendar,calendar,,0.0,29,290002,500,200,-10,2,0,100,3.1452009018233817,2.888591404821537,0.19665271966527195,36,1.0,1.0,1,1.0,6130,0.0,12.914933333333332,
calendar,calendar,,0.1,0,102,500,200,-10,2,0,100,0.941061532652006,1.1358018706453672,0.1931106471816284,3,1.0,1.0,1,1.0,6368,0.0,12.914933333333332,
calendar,calendar,,0.1,1,10102,500,200,-10,2,0,100,3.969243054729204,2.876474314027305,0.22386483632523763,10,0.96,1.0,1,1.0,7434,0.0,12.914933333333332,
calendar,calendar,,0.1,2,20102,500,200,-10,2,0,100,4.740602876552583,5.345687787136103,0.28296146044624737,12,1.0,1.0,1,1.0,7288,0.0,12.914933333333332,
calendar,calendar,,0.1,3,30102,500,200,-10,2,0,100,2.2872585653668116,2.2510804690766633,0.19679849340866296,23,1.0,1.0,1,1.0,7003,0.0,12.914933333333332,
calendar,calendar,,0.1,4,40102,500,200,-10,2,0,100,1.4033186822234742,1.1856589148963301,0.1555555555555556,28,1.0,1.0,1,1.0,7096,0.0,12.914933333333332,
calendar,calendar,,0.1,5,50102,500,200,-10,2,0,100,2.023707687863587,2.024063706384398,0.20693069306930698,64,1.0,1.0,1,1.0,6602,0.0,12.914933333333332,
calendar,calendar,,0.1,6,60102,500,200,-10,2,0,100,1.7784180833860377,1.2977802645984,0.18536585365853658,26,1.0,1.0,1,1.0,7145,0.0,12.914933333333332,
calendar,calendar,,0.1,7,70102,500,200,-10,2,0,100,3.9777336467706723,3.072592555596551,0.23196347031963477,28,0.5666666666666667,1.0,1,1.0,7262,0.0,12.914933333333332,
calendar,calendar,,0.1,8,80102,500,200,-10,2,0,100,2.7946636887297576,3.180812127644534,0.11804961505560317,15,1.0,1.0,1,1.0,6844,0.0,12.914933333333332,
calendar,calendar,,0.1,9,90102,500,200,-10,2,0,100,3.05658769245981,2.932592190013476,0.1207983193277311,14,1.0,1.0,1,1.0,6927,0.0,12.914933333333332,
calendar,calendar,,0.1,10,100102,500,200,-10,2,0,100,0.977057027756775,1.09546813939467,0.11542610571736787,20,1.0,1.0,1,1.0,6076,0.0,12.914933333333332,
calendar,calendar,,0.1,11,110102,500,200,-10,2,0,100,1.6641619510591752,4.036354621857467,0.17089305402425578,300,0.9433333333333334,1.0,1,1.0,8751,0.0,12.914933333333332,
calendar,calendar,,0.1,12,120102,500,200,-10,2,0,100,1.9104345936389344,2.2924847130867265,0.2518315018315018,57,1.0,1.0,1,1.0,6381,0.0,12.914933333333332,
calendar,calendar,,0.1,13,130102,500,200,-10,2,0,100,2.792293240080376,3.0590019045698935,0.1408730158730159,23,0.9466666666666667,1.0,1,1.0,7419,0.0,12.914933333333332,
calendar,calendar,,0.1,14,140102,500,200,-10,2,0,100,1.4029404267348158,1.8426977835960483,0.1963133640552995,2,1.0,1.0,1,1.0,5735,0.0,12.914933333333332,
calendar,calendar,,0.1,15,150102,500,200,-10,2,0,100,1.0404800400815628,1.3806682370766121,0.10944206008583694,8,1.0,1.0,1,1.0,6458,0.0,12.914933333333332,
calendar,calendar,,0.1,16,160102,500,200,-10,2,0,100,3.2033051331058204,3.305938718740976,0.2412451361867704,36,0.94,1.0,1,1.0,7388,0.0,12.914933333333332,
calendar,calendar,,0.1,17,170102,500,200,-10,2,0,100,1.1799897621923605,1.5433316840910927,0.1127982646420825,5,1.0,1.0,1,1.0,6117,0.0,12.914933333333332,
calendar,calendar,,0.1,18,180102,500,200,-10,2,0,100,2.5441641276478917,4.013867391019121,0.15234822451317295,7,1.0,1.0,1,1.0,7904,0.0,12.914933333333332,
calendar,calendar,,0.1,19,190102,500,200,-10,2,0,100,2.133693205210294,1.3912179170451568,0.2032520325203252,16,1.0,1.0,1,1.0,6431,0.0,12.914933333333332,
calendar,calendar,,0.1,20,200102,500,200,-10,2,0,100,3.225959454766534,3.1341442895510956,0.2313596491228071,48,1.0,1.0,1,1.0,7141,0.0,12.914933333333332,
calendar,calendar,,0.1,21,210102,500,200,-10,2,0,100,2.2978775954956308,1.9668516586116782,0.17548746518105854,62,1.0,1.0,1,1.0,6217,0.0,12.914933333333332,
calendar,calendar,,0.1,22,220102,500,200,-10,2,0,100,1.7799256709228588,1.75131336835337,0.1931464174454828,143,1.0,1.0,1,1.0,6834,0.0,12.914933333333332,
calendar,calendar,,0.1,23,230102,500,200,-10,2,0,100,1.7084162923428836,2.810984904522703,0.20495049504950497,61,1.0,1.0,1,1.0,6386,0.0,12.914933333333332,
calendar,calendar,,0.1,24,240102,500,200,-10,2,0,100,3.0335463776947704,3.654135241731432,0.30400000000000005,96,1.0,1.0,1,1.0,7098,0.0,12.914933333333332,
calendar,calendar,,0.1,25,250102,500,200,-10,2,0,100,1.9477806021120212,1.820630767402365,0.1069958847736626,94,0.0,1.0,1,1.0,8350,0.0,12.914933333333332,
calendar,calendar,,0.1,26,260102,500,200,-10,2,0,100,1.970207659567924,1.3671148973894933,0.13116370808678512,27,1.0,1.0,1,1.0,6254,0.0,12.914933333333332,
calendar,calendar,,0.1,27,270102,500,200,-10,2,0,100,2.456267478466671,2.880884628992903,0.27386692381870786,28,1.0,1.0,1,1.0,7512,0.0,12.914933333333332,
calendar,calendar,,0.1,28,280102,500,200,-10,2,0,100,1.0603955191849685,0.994858172121671,0.09049773755656108,25,1.0,1.0,1,1.0,6406,0.0,12.914933333333332,
calendar,calendar,,0.1,29,290102,500,200,-10,2,0,100,1.4084157791864687,1.3830276383011846,0.1415384615384615,32,1.0,1.0,1,1.0,6197,0.0,12.914933333333332,
calendar,calendar,,0.2,0,202,500,200,-10,2,0,100,2.40192269289146,2.368149105591038,0.2733668341708543,300,0.4766666666666667,1.0,1,1.0,8926,0.0,12.914933333333332,
calendar,calendar,,0.2,1,10202,500,200,-10,2,0,100,3.4260141162031648,2.048393019301227,0.29700499168053246,30,1.0,1.0,1,1.0,6920,0.0,12.914933333333332,
calendar,calendar,,0.2,2,20202,500,200,-10,2,0,100,2.401266645150866,5.166435833492685,0.16276703967446593,62,0.9533333333333334,1.0,1,1.0,7777,0.0,12.914933333333332,
calendar,calendar,,0.2,3,30202,500,200,-10,2,0,100,1.7135040950474247,1.6143990658831011,0.18312559923298175,28,1.0,1.0,1,1.0,6489,0.0,12.914933333333332,
calendar,calendar,,0.2,4,40202,500,200,-10,2,0,100,2.3058034814309987,1.8962255781993294,0.18716577540106952,19,1.0,1.0,1,1.0,7322,0.0,12.914933333333332,
calendar,calendar,,0.2,5,50202,500,200,-10,2,0,100,1.9567395926991338,1.7324181165120482,0.20059288537549405,16,1.0,1.0,1,1.0,6439,0.0,12.914933333333332,
calendar,calendar,,0.2,6,60202,500,200,-10,2,0,100,2.825897218155697,4.026517417271267,0.18352450469238799,16,1.0,1.0,1,1.0,7095,0.0,12.914933333333332,
calendar,calendar,,0.2,7,70202,500,200,-10,2,0,100,3.040851038229619,4.119331949938944,0.16168327796234766,14,1.0,1.0,1,1.0,8003,0.0,12.914933333333332,
calendar,calendar,,0.2,8,80202,500,200,-10,2,0,100,1.2174238846198073,1.4114443000424086,0.09455587392550148,14,0.96,1.0,1,1.0,7423,0.0,12.914933333333332,
calendar,calendar,,0.2,9,90202,500,200,-10,2,0,100,2.587454777724908,3.1801669308948686,0.1609322974472808,5,1.0,1.0,1,1.0,8395,0.0,12.914933333333332,
calendar,calendar,,0.2,10,100202,500,200,-10,2,0,100,3.681862166663196,3.785654822700492,0.1828171828171828,55,1.0,1.0,1,1.0,6870,0.0,12.914933333333332,
calendar,calendar,,0.2,11,110202,500,200,-10,2,0,100,2.9716312639235167,2.7901111321003325,0.22057264050901376,18,1.0,1.0,1,1.0,7122,0.0,12.914933333333332,
calendar,calendar,,0.2,12,120202,500,200,-10,2,0,100,2.949182830776799,3.5223005714326874,0.2447257383966245,46,1.0,1.0,1,1.0,7216,0.0,12.914933333333332,
calendar,calendar,,0.2,13,130202,500,200,-10,2,0,100,2.3152799611423163,2.3563299532199604,0.16100178890876565,20,1.0,1.0,1,1.0,7273,0.0,12.914933333333332,
calendar,calendar,,0.2,14,140202,500,200,-10,2,0,100,5.189284930318747,7.12077929600524,0.12627291242362532,28,0.91,1.0,1,1.0,7699,0.0,12.914933333333332,
calendar,calendar,,0.2,15,150202,500,200,-10,2,0,100,2.2593394323777725,2.9488498495750983,0.21865284974093258,13,1.0,1.0,1,1.0,7889,0.0,12.914933333333332,
calendar,calendar,,0.2,16,160202,500,200,-10,2,0,100,1.8554924038897271,1.5238187874812092,0.11269035532994919,22,1.0,1.0,1,1.0,7467,0.0,12.914933333333332,
calendar,calendar,,0.2,17,170202,500,200,-10,2,0,100,0.7236725088529288,0.7803883601487579,0.18219461697722564,2,1.0,1.0,1,1.0,7082,0.0,12.914933333333332,
calendar,calendar,,0.2,18,180202,500,200,-10,2,0,100,2.8191345647594033,3.6635633049880503,0.0946502057613169,15,0.9733333333333334,1.0,1,1.0,7212,0.0,12.914933333333332,
calendar,calendar,,0.2,19,190202,500,200,-10,2,0,100,1.3274813735796613,1.2320399809630884,0.08775137111517375,17,1.0,1.0,1,1.0,6808,0.0,12.914933333333332,
calendar,calendar,,0.2,20,200202,500,200,-10,2,0,100,3.038118819525804,2.3625681216739984,0.0882352941176471,26,0.9733333333333334,1.0,1,1.0,7506,0.0,12.914933333333332,
calendar,calendar,,0.2,21,210202,500,200,-10,2,0,100,1.706509106112811,1.539522572641929,0.10436634717784889,4,1.0,1.0,1,1.0,6523,0.0,12.914933333333332,
calendar,calendar,,0.2,22,220202,500,200,-10,2,0,100,3.4363643219465,3.2263363574940445,0.13631522896698628,6,1.0,1.0,1,1.0,8111,0.0,12.914933333333332,
calendar,calendar,,0.2,23,230202,500,200,-10,2,0,100,0.4360438362478652,0.4685779996576189,0.08761329305135955,8,1.0,1.0,1,1.0,6843,0.0,12.914933333333332,
calendar,calendar,,0.2,24,240202,500,200,-10,2,0,100,7.986876576624415,9.116805459173678,0.1922685656154628,107,0.97,1.0,1,1.0,7454,0.0,12.914933333333332,
calendar,calendar,,0.2,25,250202,500,200,-10,2,0,100,1.2188689701480542,1.3455697308359944,0.14317180616740088,17,1.0,1.0,1,1.0,6424,0.0,12.914933333333332,
calendar,calendar,,0.2,26,260202,500,200,-10,2,0,100,2.9143648883044273,4.264659210893747,0.19337016574585636,26,0.95,1.0,1,1.0,7641,0.0,12.914933333333332,
calendar,calendar,,0.2,27,270202,500,200,-10,2,0,100,1.43185776544795,1.3972013354905921,0.2228381374722839,12,1.0,1.0,1,1.0,6655,0.0,12.914933333333332,
calendar,calendar,,0.2,28,280202,500,200,-10,2,0,100,1.326636545083971,1.693362764908992,0.211340206185567,13,1.0,1.0,1,1.0,6132,0.0,12.914933333333332,
calendar,calendar,,0.2,29,290202,500,200,-10,2,0,100,2.7532643946826476,2.3474590289687893,0.18006103763987796,36,0.9433333333333334,1.0,1,1.0,8257,0.0,12.914933333333332,
calendar,calendar,,0.3,0,302,500,200,-10,2,0,100,1.2836825819575413,1.5586081090592825,0.21393523061825329,31,1.0,1.0,1,1.0,7500,0.0,12.914933333333332,
calendar,calendar,,0.3,1,10302,500,200,-10,2,0,100,1.528788732752692,1.7277399975338477,0.3025210084033613,78,1.0,1.0,1,1.0,7849,0.0,12.914933333333332,
calendar,calendar,,0.3,2,20302,500,200,-10,2,0,100,1.4375433765621668,1.701904926617328,0.20459290187891435,14,1.0,1.0,1,1.0,7211,0.0,12.914933333333332,
calendar,calendar,,0.3,3,30302,500,200,-10,2,0,100,3.9524976630998276,4.349733919276178,0.11482254697286012,21,0.7833333333333333,1.0,1,1.0,9540,0.0,12.914933333333332,
calendar,calendar,,0.3,4,40302,500,200,-10,2,0,100,3.105699130212953,4.350214412857634,0.17691477885652648,3,1.0,1.0,1,1.0,7809,0.0,12.914933333333332,
calendar,calendar,,0.3,5,50302,500,200,-10,2,0,100,6.759841951229325,6.759994445454276,0.2996545768566494,110,1.0,1.0,1,1.0,7580,0.0,12.914933333333332,
calendar,calendar,,0.3,6,60302,500,200,-10,2,0,100,5.491096237511819,4.660579090232432,0.17965367965367973,15,1.0,1.0,1,1.0,7547,0.0,12.914933333333332,
calendar,calendar,,0.3,7,70302,500,200,-10,2,0,100,3.191942243478959,2.8470144574072114,0.1954674220963173,15,0.9933333333333333,1.0,1,1.0,7850,0.0,12.914933333333332,
calendar,calendar,,0.3,8,80302,500,200,-10,2,0,100,1.4622980621027795,1.4719480910864247,0.10352187833511209,8,1.0,1.0,1,1.0,6987,0.0,12.914933333333332,
calendar,calendar,,0.3,9,90302,500,200,-10,2,0,100,1.9498087800407293,2.3793369135322826,0.12499999999999994,12,0.9733333333333334,1.0,1,1.0,7162,0.0,12.914933333333332,
calendar,calendar,,0.3,10,100302,500,200,-10,2,0,100,4.160230213867923,5.548288806142888,0.10750507099391475,24,1.0,1.0,1,1.0,7717,0.0,12.914933333333332,
calendar,calendar,,0.3,11,110302,500,200,-10,2,0,100,2.2923959223782937,1.6961801422808034,0.16510318949343336,138,1.0,1.0,1,1.0,7110,0.0,12.914933333333332,
calendar,calendar,,0.3,12,120302,500,200,-10,2,0,100,1.6238944943427895,1.6655847810512858,0.09351145038167936,14,0.9766666666666667,1.0,1,1.0,7442,0.0,12.914933333333332,
calendar,calendar,,0.3,13,130302,500,200,-10,2,0,100,1.246105205754331,1.1190353357045169,0.09951690821256036,16,1.0,1.0,1,1.0,7417,0.0,12.914933333333332,
calendar,calendar,,0.3,14,140302,500,200,-10,2,0,100,1.198459773738145,1.455661248818442,0.23954372623574147,42,1.0,1.0,1,1.0,7544,0.0,12.914933333333332,
calendar,calendar,,0.3,15,150302,500,200,-10,2,0,100,2.047829837151453,2.371968938342654,0.1909492273730684,8,1.0,1.0,1,1.0,7597,0.0,12.914933333333332,
calendar,calendar,,0.3,16,160302,500,200,-10,2,0,100,1.5002250039524696,1.1632564334345838,0.17062634989200862,17,1.0,1.0,1,1.0,7167,0.0,12.914933333333332,
calendar,calendar,,0.3,17,170302,500,200,-10,2,0,100,4.244285487833986,3.715771041769254,0.15444770283479958,27,1.0,1.0,1,1.0,7121,0.0,12.914933333333332,
calendar,calendar,,0.3,18,180302,500,200,-10,2,0,100,1.3077569913663007,1.452812042685417,0.1661631419939577,108,1.0,1.0,1,1.0,6936,0.0,12.914933333333332,
calendar,calendar,,0.3,19,190302,500,200,-10,2,0,100,1.358224722343657,1.6459650277669078,0.1075581395348838,6,1.0,1.0,1,1.0,7878,0.0,12.914933333333332,
calendar,calendar,,0.3,20,200302,500,200,-10,2,0,100,1.0177676320254292,0.8333076934905344,0.11516853932584267,24,1.0,1.0,1,1.0,7035,0.0,12.914933333333332,
calendar,calendar,,0.3,21,210302,500,200,-10,2,0,100,3.6864380812437743,3.949229247238928,0.23238696109358564,35,1.0,1.0,1,1.0,7109,0.0,12.914933333333332,
calendar,calendar,,0.3,22,220302,500,200,-10,2,0,100,3.319630697718223,3.7874478640894944,0.16799999999999998,20,0.96,1.0,1,1.0,8620,0.0,12.914933333333332,
calendar,calendar,,0.3,23,230302,500,200,-10,2,0,100,3.7949035587478837,5.630827537520531,0.1318897637795275,20,0.88,1.0,1,1.0,9103,0.0,12.914933333333332,
calendar,calendar,,0.3,24,240302,500,200,-10,2,0,100,0.6599836249473002,0.7081610016124606,0.10337972166998004,95,0.0,1.0,1,1.0,8195,0.0,12.914933333333332,
calendar,calendar,,0.3,25,250302,500,200,-10,2,0,100,2.9885701174875496,3.0654119837646863,0.2066115702479339,3,1.0,1.0,1,1.0,7933,0.0,12.914933333333332,
calendar,calendar,,0.3,26,260302,500,200,-10,2,0,100,2.489703937646099,2.6537808350797922,0.18924508790072386,25,1.0,1.0,1,1.0,7169,0.0,12.914933333333332,
calendar,calendar,,0.3,27,270302,500,200,-10,2,0,100,1.3210082913853296,1.7690385360207863,0.19826652221018415,20,1.0,1.0,1,1.0,7305,0.0,12.914933333333332,
calendar,calendar,,0.3,28,280302,500,200,-10,2,0,100,1.2091319541072336,0.699048842420901,0.18067226890756302,23,1.0,1.0,1,1.0,7523,0.0,12.914933333333332,
calendar,calendar,,0.3,29,290302,500,200,-10,2,0,100,1.6131445609354953,1.830758412168948,0.12022900763358774,33,0.84,1.0,1,1.0,8092,0.0,12.914933333333332,
calendar,calendar,,0.4,0,402,500,200,-10,2,0,100,3.520108263835969,3.7830692151457987,0.23391812865497078,6,1.0,1.0,1,1.0,8191,0.0,12.914933333333332,
calendar,calendar,,0.4,1,10402,500,200,-10,2,0,100,3.7446985719867203,4.748175211718928,0.21858500527983107,23,1.0,1.0,1,1.0,8781,0.0,12.914933333333332,
calendar,calendar,,0.4,2,20402,500,200,-10,2,0,100,2.632483167132513,3.042830554938548,0.2979127134724858,15,1.0,1.0,1,1.0,7428,0.0,12.914933333333332,
calendar,calendar,,0.4,3,30402,500,200,-10,2,0,100,1.3060227603560353,1.2038169908027645,0.10692464358452138,5,1.0,1.0,1,1.0,7887,0.0,12.914933333333332,
calendar,calendar,,0.4,4,40402,500,200,-10,2,0,100,6.148814525962201,5.233689743682186,0.3131749460043196,11,1.0,1.0,1,1.0,8321,0.0,12.914933333333332,
calendar,calendar,,0.4,5,50402,500,200,-10,2,0,100,2.0999206702853925,2.302445564530281,0.1700819672131147,11,1.0,1.0,1,1.0,7621,0.0,12.914933333333332,
calendar,calendar,,0.4,6,60402,500,200,-10,2,0,100,2.2001772654436813,1.3959143630638426,0.29567779960707263,18,1.0,1.0,1,1.0,8369,0.0,12.914933333333332,
calendar,calendar,,0.4,7,70402,500,200,-10,2,0,100,2.1645831784785776,2.2076761417349804,0.18311291963377416,9,1.0,1.0,1,1.0,7860,0.0,12.914933333333332,
calendar,calendar,,0.4,8,80402,500,200,-10,2,0,100,2.058078595970071,2.435927323117844,0.23239436619718318,41,1.0,1.0,1,1.0,7438,0.0,12.914933333333332,
calendar,calendar,,0.4,9,90402,500,200,-10,2,0,100,2.720652546624306,2.8079100681229026,0.14705882352941177,14,0.97,1.0,1,1.0,8736,0.0,12.914933333333332,
calendar,calendar,,0.4,10,100402,500,200,-10,2,0,100,5.678657479050018,4.82992583910951,0.20722433460076042,23,0.9833333333333333,1.0,1,1.0,8106,0.0,12.914933333333332,
calendar,calendar,,0.4,11,110402,500,200,-10,2,0,100,2.502831471451686,3.0133234882589015,0.17408906882591096,7,1.0,1.0,1,1.0,8385,0.0,12.914933333333332,
calendar,calendar,,0.4,12,120402,500,200,-10,2,0,100,4.315172757582547,4.658416923118162,0.1462053571428571,22,0.9166666666666666,1.0,1,1.0,8361,0.0,12.914933333333332,
calendar,calendar,,0.4,13,130402,500,200,-10,2,0,100,4.135802671549884,8.046669928232001,0.17431192660550462,14,0.96,1.0,1,1.0,9765,0.0,12.914933333333332,
calendar,calendar,,0.4,14,140402,500,200,-10,2,0,100,2.15318158785767,2.3398027060915374,0.0929577464788733,22,0.9666666666666667,1.0,1,1.0,8323,0.0,12.914933333333332,
calendar,calendar,,0.4,15,150402,500,200,-10,2,0,100,1.7341367996244796,2.583038093394347,0.2960088691796009,10,1.0,1.0,1,1.0,7958,0.0,12.914933333333332,
calendar,calendar,,0.4,16,160402,500,200,-10,2,0,100,1.5745344052936117,0.7554540775644413,0.21752265861027184,3,1.0,1.0,1,1.0,7719,0.0,12.914933333333332,
calendar,calendar,,0.4,17,170402,500,200,-10,2,0,100,4.093653795658626,4.761017542636402,0.16666666666666663,16,0.99,1.0,1,1.0,8141,0.0,12.914933333333332,
calendar,calendar,,0.4,18,180402,500,200,-10,2,0,100,1.9640406143285767,2.1309523768433896,0.21052631578947373,76,1.0,1.0,1,1.0,8263,0.0,12.914933333333332,
calendar,calendar,,0.4,19,190402,500,200,-10,2,0,100,5.300106321317933,6.361072848152881,0.1629327902240326,47,0.8866666666666667,1.0,1,1.0,8148,0.0,12.914933333333332,
calendar,calendar,,0.4,20,200402,500,200,-10,2,0,100,1.5502604269112723,1.3071964939542973,0.12760180995475107,59,1.0,1.0,1,1.0,8267,0.0,12.914933333333332,
calendar,calendar,,0.4,21,210402,500,200,-10,2,0,100,6.50035681651887,5.593689448226248,0.2985074626865672,10,1.0,1.0,1,1.0,8857,0.0,12.914933333333332,
calendar,calendar,,0.4,22,220402,500,200,-10,2,0,100,7.518800730928912,11.645467513228283,0.3763440860215054,59,1.0,1.0,1,1.0,8799,0.0,12.914933333333332,
calendar,calendar,,0.4,23,230402,500,200,-10,2,0,100,4.893320700148377,7.005896051915624,0.17167798254122202,51,0.8866666666666667,1.0,1,1.0,9137,0.0,12.914933333333332,
calendar,calendar,,0.4,24,240402,500,200,-10,2,0,100,2.2397778334990353,2.1167506244688767,0.18872017353579182,13,1.0,1.0,1,1.0,7743,0.0,12.914933333333332,
calendar,calendar,,0.4,25,250402,500,200,-10,2,0,100,1.4322610049613824,1.5929872441544601,0.21608040201005024,48,1.0,1.0,1,1.0,7851,0.0,12.914933333333332,
calendar,calendar,,0.4,26,260402,500,200,-10,2,0,100,3.7950785422238376,3.1186503873295965,0.2616915422885572,28,1.0,1.0,1,1.0,7824,0.0,12.914933333333332,
calendar,calendar,,0.4,27,270402,500,200,-10,2,0,100,5.534268036658814,7.285517839892495,0.1985743380855397,10,0.99,1.0,1,1.0,9367,0.0,12.914933333333332,
calendar,calendar,,0.4,28,280402,500,200,-10,2,0,100,1.631037397528397,1.1942307616564034,0.09400179051029543,17,1.0,1.0,1,1.0,7327,0.0,12.914933333333332,
calendar,calendar,,0.4,29,290402,500,200,-10,2,0,100,4.632167483858161,5.031861656866419,0.2880733944954129,52,1.0,1.0,1,1.0,7997,0.0,12.914933333333332,
calendar,calendar,,0.5,0,502,500,200,-10,2,0,100,4.709439819680452,3.502685597036832,0.27312775330396477,48,1.0,1.0,1,1.0,8531,0.0,12.914933333333332,
calendar,calendar,,0.5,1,10502,500,200,-10,2,0,100,1.1830345811182714,0.9942525196180145,0.18936877076411954,7,1.0,1.0,1,1.0,8268,0.0,12.914933333333332,
calendar,calendar,,0.5,2,20502,500,200,-10,2,0,100,4.573356006928396,5.465065003568274,0.2292531120331951,71,1.0,1.0,1,1.0,8522,0.0,12.914933333333332,
calendar,calendar,,0.5,3,30502,500,200,-10,2,0,100,6.300830273640018,7.302806531606503,0.41527446300715987,300,1.0,1.0,1,1.0,8832,0.0,12.914933333333332,
calendar,calendar,,0.5,4,40502,500,200,-10,2,0,100,1.7653434567202888,1.4998907715470655,0.17853457172342632,18,1.0,1.0,1,1.0,7845,0.0,12.914933333333332,
calendar,calendar,,0.5,5,50502,500,200,-10,2,0,100,3.3468766378190047,6.170011354604167,0.18367346938775506,64,1.0,1.0,1,1.0,9357,0.0,12.914933333333332,
calendar,calendar,,0.5,6,60502,500,200,-10,2,0,100,3.202586166779272,2.4433867448651125,0.2899521531100478,52,1.0,1.0,1,1.0,8783,0.0,12.914933333333332,
calendar,calendar,,0.5,7,70502,500,200,-10,2,0,100,2.969162665851298,2.128308100675569,0.22275334608030592,8,1.0,1.0,1,1.0,7889,0.0,12.914933333333332,
calendar,calendar,,0.5,8,80502,500,200,-10,2,0,100,2.116137771685556,2.447173011495483,0.2922932330827068,178,1.0,1.0,1,1.0,8205,0.0,12.914933333333332,
calendar,calendar,,0.5,9,90502,500,200,-10,2,0,100,3.32054133936285,3.202412270081179,0.34489795918367344,17,1.0,1.0,1,1.0,8480,0.0,12.914933333333332,
calendar,calendar,,0.5,10,100502,500,200,-10,2,0,100,2.673644668021985,4.191394422662398,0.09668246445497633,16,0.9833333333333333,1.0,1,1.0,8281,0.0,12.914933333333332,
calendar,calendar,,0.5,11,110502,500,200,-10,2,0,100,1.1446431476382006,0.8759859784828279,0.0945273631840796,14,1.0,1.0,1,1.0,7541,0.0,12.914933333333332,
calendar,calendar,,0.5,12,120502,500,200,-10,2,0,100,1.5311927314061737,1.6903390610578255,0.1513227513227513,12,1.0,1.0,1,1.0,7680,0.0,12.914933333333332,
calendar,calendar,,0.5,13,130502,500,200,-10,2,0,100,3.2765330162889827,3.984588521646451,0.1385331781140862,14,1.0,1.0,1,1.0,7850,0.0,12.914933333333332,
calendar,calendar,,0.5,14,140502,500,200,-10,2,0,100,5.293377418682098,4.17632139585561,0.2650972364380758,55,1.0,1.0,1,1.0,8988,0.0,12.914933333333332,
calendar,calendar,,0.5,15,150502,500,200,-10,2,0,100,8.36320374355856,7.8227478791428595,0.16632653061224487,31,0.9166666666666666,1.0,1,1.0,9166,0.0,12.914933333333332,
calendar,calendar,,0.5,16,160502,500,200,-10,2,0,100,2.3691850397360157,2.8963968224622163,0.08365758754863808,11,1.0,1.0,1,1.0,7697,0.0,12.914933333333332,
calendar,calendar,,0.5,17,170502,500,200,-10,2,0,100,1.5835058015138825,1.1657831018169047,0.08251121076233187,7,1.0,1.0,1,1.0,7279,0.0,12.914933333333332,
calendar,calendar,,0.5,18,180502,500,200,-10,2,0,100,1.2811785662307427,1.0825340366454006,0.21785714285714283,19,1.0,1.0,1,1.0,8287,0.0,12.914933333333332,
calendar,calendar,,0.5,19,190502,500,200,-10,2,0,100,1.6309913511684715,2.306812626275548,0.17943336831059806,18,1.0,1.0,1,1.0,8180,0.0,12.914933333333332,
calendar,calendar,,0.5,20,200502,500,200,-10,2,0,100,2.0053953114973693,1.988610825862539,0.23062381852551977,1,1.0,1.0,1,1.0,8291,0.0,12.914933333333332,
calendar,calendar,,0.5,21,210502,500,200,-10,2,0,100,4.284197761303155,2.571938457543068,0.24288425047438336,4,1.0,1.0,1,1.0,8605,0.0,12.914933333333332,
calendar,calendar,,0.5,22,220502,500,200,-10,2,0,100,1.622175270930125,1.4771617852360204,0.20562560620756537,2,1.0,1.0,1,1.0,8203,0.0,12.914933333333332,
calendar,calendar,,0.5,23,230502,500,200,-10,2,0,100,0.8319791890390321,0.6249795654395036,0.3954104148278905,19,1.0,1.0,1,1.0,9128,0.0,12.914933333333332,
calendar,calendar,,0.5,24,240502,500,200,-10,2,0,100,4.106109530570388,4.080619389314733,0.24719101123595508,1,1.0,1.0,1,1.0,8591,0.0,12.914933333333332,
calendar,calendar,,0.5,25,250502,500,200,-10,2,0,100,2.2385204340439295,2.3921435557967174,0.3885480572597137,17,1.0,1.0,1,1.0,8625,0.0,12.914933333333332,
calendar,calendar,,0.5,26,260502,500,200,-10,2,0,100,2.5917091505294123,4.957253253942421,0.13841201716738202,28,0.57,1.0,1,1.0,10612,0.0,12.914933333333332,
calendar,calendar,,0.5,27,270502,500,200,-10,2,0,100,7.412184434621379,6.028050962725197,0.11254019292604502,3,1.0,1.0,1,1.0,9022,0.0,12.914933333333332,
calendar,calendar,,0.5,28,280502,500,200,-10,2,0,100,4.8754503655863335,8.906303247869367,0.10564102564102561,22,0.9433333333333334,1.0,1,1.0,10043,0.0,12.914933333333332,
calendar,calendar,,0.5,29,290502,500,200,-10,2,0,100,1.6445622779667646,1.396713440743578,0.4360523665659617,15,1.0,1.0,1,1.0,8239,0.0,12.914933333333332,
calendar,calendar,,0.6,0,602,500,200,-10,2,0,100,3.83649484926827,2.8697530769294666,0.19088319088319083,13,1.0,1.0,1,1.0,9090,0.0,12.914933333333332,
calendar,calendar,,0.6,1,10602,500,200,-10,2,0,100,4.7088957054482075,6.554622175493546,0.17311608961303462,25,0.96,1.0,1,1.0,9310,0.0,12.914933333333332,
calendar,calendar,,0.6,2,20602,500,200,-10,2,0,100,4.714675067257662,4.7682303046326755,0.18732525629077348,39,0.95,1.0,1,1.0,9555,0.0,12.914933333333332,
calendar,calendar,,0.6,3,30602,500,200,-10,2,0,100,3.097189809407114,2.751077033875611,0.34655335221907463,66,1.0,1.0,1,1.0,8728,0.0,12.914933333333332,
calendar,calendar,,0.6,4,40602,500,200,-10,2,0,100,1.6409077969090782,1.5562507847525877,0.11964107676969093,1,1.0,1.0,1,1.0,8126,0.0,12.914933333333332,
calendar,calendar,,0.6,5,50602,500,200,-10,2,0,100,2.235482782681512,2.5028462402392524,0.34090909090909094,128,1.0,1.0,1,1.0,8931,0.0,12.914933333333332,
calendar,calendar,,0.6,6,60602,500,200,-10,2,0,100,3.1013877958775367,4.106108966406755,0.3276450511945393,0,1.0,1.0,1,1.0,9880,0.0,12.914933333333332,
calendar,calendar,,0.6,7,70602,500,200,-10,2,0,100,1.7049674995916273,1.6945691524667432,0.3067484662576687,14,1.0,1.0,1,1.0,8329,0.0,12.914933333333332,
calendar,calendar,,0.6,8,80602,500,200,-10,2,0,100,7.511889298872745,8.35072803559107,0.15932914046121596,37,0.9833333333333333,1.0,1,1.0,9387,0.0,12.914933333333332,
calendar,calendar,,0.6,9,90602,500,200,-10,2,0,100,3.311983153286348,3.3622446274824647,0.36995967741935487,112,1.0,1.0,1,1.0,8854,0.0,12.914933333333332,
calendar,calendar,,0.6,10,100602,500,200,-10,2,0,100,8.241401660094757,7.222220037276282,0.42665289256198347,4,1.0,1.0,1,1.0,9294,0.0,12.914933333333332,
calendar,calendar,,0.6,11,110602,500,200,-10,2,0,100,1.2197872234041385,1.1728798621612189,0.15504682622268462,22,1.0,1.0,1,1.0,7702,0.0,12.914933333333332,
calendar,calendar,,0.6,12,120602,500,200,-10,2,0,100,3.0610661617976844,2.457982576165612,0.24777887462981238,10,1.0,1.0,1,1.0,8304,0.0,12.914933333333332,
calendar,calendar,,0.6,13,130602,500,200,-10,2,0,100,3.9453311125056985,3.211442916358627,0.19601990049751247,2,1.0,1.0,1,1.0,9481,0.0,12.914933333333332,
calendar,calendar,,0.6,14,140602,500,200,-10,2,0,100,1.9707479551086962,2.347417320125063,0.17938553022794854,14,1.0,1.0,1,1.0,8311,0.0,12.914933333333332,
calendar,calendar,,0.6,15,150602,500,200,-10,2,0,100,7.0701424973817995,6.964438458916328,0.3095004897159647,98,1.0,1.0,1,1.0,8855,0.0,12.914933333333332,
calendar,calendar,,0.6,16,160602,500,200,-10,2,0,100,1.3125797713481575,1.2957969784276395,0.3297137216189535,19,1.0,1.0,1,1.0,8884,0.0,12.914933333333332,
calendar,calendar,,0.6,17,170602,500,200,-10,2,0,100,2.2920361457340226,2.910107775622761,0.2341232227488152,16,1.0,1.0,1,1.0,9077,0.0,12.914933333333332,
calendar,calendar,,0.6,18,180602,500,200,-10,2,0,100,2.8796712151876944,3.7783741557114503,0.2777251184834123,128,0.87,1.0,1,1.0,8987,0.0,12.914933333333332,
calendar,calendar,,0.6,19,190602,500,200,-10,2,0,100,4.69085810729298,5.099959801119903,0.18522372528616024,9,1.0,1.0,1,1.0,9631,0.0,12.914933333333332,
calendar,calendar,,0.6,20,200602,500,200,-10,2,0,100,2.077267759153292,2.1279817918760644,0.20000000000000007,1,1.0,1.0,1,1.0,8885,0.0,12.914933333333332,
calendar,calendar,,0.6,21,210602,500,200,-10,2,0,100,1.4831621240505881,1.3622515000568969,0.11473684210526322,13,1.0,1.0,1,1.0,8470,0.0,12.914933333333332,
calendar,calendar,,0.6,22,220602,500,200,-10,2,0,100,1.0770596688464955,0.9615370371633299,0.09247506799637356,14,1.0,1.0,1,1.0,8395,0.0,12.914933333333332,
calendar,calendar,,0.6,23,230602,500,200,-10,2,0,100,2.8601331534375665,2.1751981015047948,0.2380952380952381,3,1.0,1.0,1,1.0,9130,0.0,12.914933333333332,
calendar,calendar,,0.6,24,240602,500,200,-10,2,0,100,1.0911285466056866,0.7916536949822897,0.05870841487279843,25,1.0,1.0,1,1.0,8491,0.0,12.914933333333332,
calendar,calendar,,0.6,25,250602,500,200,-10,2,0,100,1.250788703338587,1.0909412620440446,0.1847826086956522,6,1.0,1.0,1,1.0,7993,0.0,12.914933333333332,
calendar,calendar,,0.6,26,260602,500,200,-10,2,0,100,0.9545193910045391,1.0672398357028625,0.14669652855543108,3,1.0,1.0,1,1.0,8584,0.0,12.914933333333332,
calendar,calendar,,0.6,27,270602,500,200,-10,2,0,100,1.5243508484766568,1.664891342902673,0.1924603174603174,7,1.0,1.0,1,1.0,8069,0.0,12.914933333333332,
calendar,calendar,,0.6,28,280602,500,200,-10,2,0,100,1.4835510525246822,1.390535427125798,0.39164490861618795,31,1.0,1.0,1,1.0,9476,0.0,12.914933333333332,
calendar,calendar,,0.6,29,290602,500,200,-10,2,0,100,2.7620521657537163,4.607193020498126,0.13177470775770447,39,1.0,1.0,1,1.0,9147,0.0,12.914933333333332,
calendar,calendar,,0.7,0,702,500,200,-10,2,0,100,1.238967011333913,0.991995399793994,0.1556728232189974,32,1.0,1.0,1,1.0,9452,0.0,12.914933333333332,
calendar,calendar,,0.7,1,10702,500,200,-10,2,0,100,1.3989424299131337,1.5516660489761582,0.15144766146993313,18,1.0,1.0,1,1.0,8710,0.0,12.914933333333332,
calendar,calendar,,0.7,2,20702,500,200,-10,2,0,100,1.6761802832640813,1.6693785631851914,0.11801242236024836,10,1.0,1.0,1,1.0,8068,0.0,12.914933333333332,
calendar,calendar,,0.7,3,30702,500,200,-10,2,0,100,3.1703675498775525,2.7911478683705133,0.254302103250478,37,1.0,1.0,1,1.0,10049,0.0,12.914933333333332,
calendar,calendar,,0.7,4,40702,500,200,-10,2,0,100,1.4002678794593983,1.6940470074225051,0.2582720588235294,78,1.0,1.0,1,1.0,8854,0.0,12.914933333333332,
calendar,calendar,,0.7,5,50702,500,200,-10,2,0,100,1.9756993582780729,1.6792936421231897,0.3479591836734694,6,1.0,1.0,1,1.0,8948,0.0,12.914933333333332,
calendar,calendar,,0.7,6,60702,500,200,-10,2,0,100,2.5410143966179417,3.0234872185104535,0.21146245059288543,48,1.0,1.0,1,1.0,8995,0.0,12.914933333333332,
calendar,calendar,,0.7,7,70702,500,200,-10,2,0,100,5.708122569851416,6.470707020578359,0.43379978471474706,62,1.0,1.0,1,1.0,9203,0.0,12.914933333333332,
calendar,calendar,,0.7,8,80702,500,200,-10,2,0,100,1.5120098953703591,1.938062522275106,0.32330180567497846,300,1.0,1.0,1,1.0,8860,0.0,12.914933333333332,
calendar,calendar,,0.7,9,90702,500,200,-10,2,0,100,1.720164991095508,1.7522725148568747,0.22976744186046513,40,1.0,1.0,1,1.0,8573,0.0,12.914933333333332,
calendar,calendar,,0.7,10,100702,500,200,-10,2,0,100,1.4383584909285492,1.0090178610436922,0.24546424759871932,26,1.0,1.0,1,1.0,9333,0.0,12.914933333333332,
calendar,calendar,,0.7,11,110702,500,200,-10,2,0,100,3.1040069213854116,3.6217235164275934,0.16172248803827757,17,0.9733333333333334,1.0,1,1.0,10002,0.0,12.914933333333332,
calendar,calendar,,0.7,12,120702,500,200,-10,2,0,100,2.145230482204158,1.5950960661707074,0.10452961672473868,12,1.0,1.0,1,1.0,8171,0.0,12.914933333333332,
calendar,calendar,,0.7,13,130702,500,200,-10,2,0,100,3.6359147889779218,3.6048374470720357,0.21596724667349035,20,0.9333333333333333,1.0,1,1.0,9252,0.0,12.914933333333332,
calendar,calendar,,0.7,14,140702,500,200,-10,2,0,100,3.793859470243232,2.069394743876551,0.34574468085106386,41,1.0,1.0,1,1.0,9718,0.0,12.914933333333332,
calendar,calendar,,0.7,15,150702,500,200,-10,2,0,100,5.8418826376694595,5.586242517803105,0.25270403146509346,41,1.0,1.0,1,1.0,9373,0.0,12.914933333333332,
calendar,calendar,,0.7,16,160702,500,200,-10,2,0,100,3.3715907175335986,2.078182482207123,0.10182207931404073,5,1.0,1.0,1,1.0,10157,0.0,12.914933333333332,
calendar,calendar,,0.7,17,170702,500,200,-10,2,0,100,1.256366118307024,0.994265133650016,0.2465501379944802,41,1.0,1.0,1,1.0,8477,0.0,12.914933333333332,
calendar,calendar,,0.7,18,180702,500,200,-10,2,0,100,3.450561560865404,4.874601803337925,0.1842966194111233,8,1.0,1.0,1,1.0,10573,0.0,12.914933333333332,
calendar,calendar,,0.7,19,190702,500,200,-10,2,0,100,3.4329112140605393,4.247341581498407,0.3368146214099217,5,1.0,1.0,1,1.0,9289,0.0,12.914933333333332,
calendar,calendar,,0.7,20,200702,500,200,-10,2,0,100,4.836535747119367,4.720560380912217,0.25467775467775466,32,1.0,1.0,1,1.0,9101,0.0,12.914933333333332,
calendar,calendar,,0.7,21,210702,500,200,-10,2,0,100,3.3437810674828587,2.767557755171771,0.1309164149043303,51,1.0,1.0,1,1.0,9707,0.0,12.914933333333332,
calendar,calendar,,0.7,22,220702,500,200,-10,2,0,100,1.1710974416683557,1.6385129400091114,0.3005181347150259,7,1.0,1.0,1,1.0,8708,0.0,12.914933333333332,
calendar,calendar,,0.7,23,230702,500,200,-10,2,0,100,3.4603994992453035,4.446355155186624,0.3336831059811123,8,1.0,1.0,1,1.0,9451,0.0,12.914933333333332,
calendar,calendar,,0.7,24,240702,500,200,-10,2,0,100,1.8935349943307713,2.3120971444558416,0.42376237623762375,163,1.0,1.0,1,1.0,9955,0.0,12.914933333333332,
calendar,calendar,,0.7,25,250702,500,200,-10,2,0,100,1.1414428832270844,1.1996411984457955,0.0975609756097561,7,1.0,1.0,1,1.0,8606,0.0,12.914933333333332,
calendar,calendar,,0.7,26,260702,500,200,-10,2,0,100,4.736494085780534,5.5321069718153515,0.11462450592885384,21,0.9466666666666667,1.0,1,1.0,9375,0.0,12.914933333333332,
calendar,calendar,,0.7,27,270702,500,200,-10,2,0,100,0.7246572279957819,0.5230452226139604,0.2084282460136674,3,1.0,1.0,1,1.0,9283,0.0,12.914933333333332,
calendar,calendar,,0.7,28,280702,500,200,-10,2,0,100,3.1373638474961325,5.060945644537015,0.12708333333333335,39,0.8666666666666667,1.0,1,1.0,10338,0.0,12.914933333333332,
calendar,calendar,,0.7,29,290702,500,200,-10,2,0,100,1.150253083597502,1.2737511528328138,0.38385650224215245,19,1.0,1.0,1,1.0,9396,0.0,12.914933333333332,
calendar,calendar,,0.8,0,802,500,200,-10,2,0,100,2.789831706083184,3.087118151038625,0.280667320902846,202,1.0,1.0,1,1.0,9292,0.0,12.914933333333332,
calendar,calendar,,0.8,1,10802,500,200,-10,2,0,100,3.917249250302948,4.302822434474556,0.23366555924695454,10,1.0,1.0,1,1.0,8394,0.0,12.914933333333332,
calendar,calendar,,0.8,2,20802,500,200,-10,2,0,100,1.6854840507288822,1.8015632666223715,0.38888888888888884,300,1.0,1.0,1,1.0,8841,0.0,12.914933333333332,
calendar,calendar,,0.8,3,30802,500,200,-10,2,0,100,2.0639212172363295,1.9846929672237876,0.4852459016393442,58,1.0,1.0,1,1.0,9861,0.0,12.914933333333332,
calendar,calendar,,0.8,4,40802,500,200,-10,2,0,100,1.045902343741975,0.95776623030264,0.23187022900763357,29,1.0,1.0,1,1.0,9579,0.0,12.914933333333332,
calendar,calendar,,0.8,5,50802,500,200,-10,2,0,100,1.3689788649624683,0.9326529517274305,0.10710498409331913,4,1.0,1.0,1,1.0,10103,0.0,12.914933333333332,
calendar,calendar,,0.8,6,60802,500,200,-10,2,0,100,1.6249042782461014,1.4233063671116324,0.27309236947791155,86,1.0,1.0,1,1.0,10173,0.0,12.914933333333332,
calendar,calendar,,0.8,7,70802,500,200,-10,2,0,100,3.9094009124844487,3.4919374558492238,0.3735059760956176,195,1.0,1.0,1,1.0,9599,0.0,12.914933333333332,
calendar,calendar,,0.8,8,80802,500,200,-10,2,0,100,3.2255029700855933,3.105694676067739,0.3453815261044176,45,1.0,1.0,1,1.0,9405,0.0,12.914933333333332,
calendar,calendar,,0.8,9,90802,500,200,-10,2,0,100,3.345601603746075,4.009890172863167,0.276937618147448,80,1.0,1.0,1,1.0,8618,0.0,12.914933333333332,
calendar,calendar,,0.8,10,100802,500,200,-10,2,0,100,3.8952877649360667,3.328968881672843,0.3285834031852473,74,1.0,1.0,1,1.0,9078,0.0,12.914933333333332,
calendar,calendar,,0.8,11,110802,500,200,-10,2,0,100,4.9442125851070875,4.850233222280801,0.39209726443769,1,1.0,1.0,1,1.0,10114,0.0,12.914933333333332,
calendar,calendar,,0.8,12,120802,500,200,-10,2,0,100,3.768593834793826,3.866933280109378,0.22110552763819097,61,1.0,1.0,1,1.0,9583,0.0,12.914933333333332,
calendar,calendar,,0.8,13,130802,500,200,-10,2,0,100,1.7554800407629008,1.548993321158339,0.36562860438292966,7,1.0,1.0,1,1.0,9445,0.0,12.914933333333332,
calendar,calendar,,0.8,14,140802,500,200,-10,2,0,100,1.6164042576513742,1.535531108253463,0.19385796545105569,42,1.0,1.0,1,1.0,9047,0.0,12.914933333333332,
calendar,calendar,,0.8,15,150802,500,200,-10,2,0,100,0.946095696648807,1.0792784047220598,0.21696035242290754,23,1.0,1.0,1,1.0,8523,0.0,12.914933333333332,
calendar,calendar,,0.8,16,160802,500,200,-10,2,0,100,0.8647279280753073,0.7094498970320567,0.08885017421602791,19,1.0,1.0,1,1.0,9161,0.0,12.914933333333332,
calendar,calendar,,0.8,17,170802,500,200,-10,2,0,100,2.830585967520139,2.29354697528142,0.20271682340647862,22,1.0,1.0,1,1.0,10326,0.0,12.914933333333332,
calendar,calendar,,0.8,18,180802,500,200,-10,2,0,100,10.920945438688342,9.979530112965126,0.3059548254620124,88,0.93,1.0,1,1.0,10099,0.0,12.914933333333332,
calendar,calendar,,0.8,19,190802,500,200,-10,2,0,100,2.754369083091137,2.676064739892977,0.3260188087774295,28,1.0,1.0,1,1.0,9397,0.0,12.914933333333332,
calendar,calendar,,0.8,20,200802,500,200,-10,2,0,100,8.148043125928709,8.388475755041142,0.4696813977389517,5,1.0,1.0,1,1.0,10140,0.0,12.914933333333332,
calendar,calendar,,0.8,21,210802,500,200,-10,2,0,100,2.365327921816244,3.0047460805331863,0.09416195856873823,20,0.9633333333333334,1.0,1,1.0,9414,0.0,12.914933333333332,
calendar,calendar,,0.8,22,220802,500,200,-10,2,0,100,3.1173881302043314,3.3407929429447347,0.1907514450867052,22,1.0,1.0,1,1.0,9475,0.0,12.914933333333332,
calendar,calendar,,0.8,23,230802,500,200,-10,2,0,100,4.076200925789862,4.245280725486358,0.14627151051625237,14,0.9866666666666667,1.0,1,1.0,9204,0.0,12.914933333333332,
calendar,calendar,,0.8,24,240802,500,200,-10,2,0,100,4.917847304320617,4.25482431154423,0.37037037037037035,4,1.0,1.0,1,1.0,9048,0.0,12.914933333333332,
calendar,calendar,,0.8,25,250802,500,200,-10,2,0,100,1.1281648732733058,1.1429166500466632,0.10295616717635062,3,1.0,1.0,1,1.0,9642,0.0,12.914933333333332,
calendar,calendar,,0.8,26,260802,500,200,-10,2,0,100,1.762082046834449,2.003580634168245,0.1634980988593156,45,1.0,1.0,1,1.0,9184,0.0,12.914933333333332,
calendar,calendar,,0.8,27,270802,500,200,-10,2,0,100,1.1335555664342507,1.4860449670353146,0.19272369714847598,24,1.0,1.0,1,1.0,9177,0.0,12.914933333333332,
calendar,calendar,,0.8,28,280802,500,200,-10,2,0,100,1.7392124157953839,2.263388084302615,0.55863539445629,97,1.0,1.0,1,1.0,9142,0.0,12.914933333333332,
calendar,calendar,,0.8,29,290802,500,200,-10,2,0,100,1.150190788902919,1.0761497956935921,0.25816326530612244,35,1.0,1.0,1,1.0,9657,0.0,12.914933333333332,
calendar,calendar,,0.9,0,902,500,200,-10,2,0,100,1.5371442407159717,1.1565565872611423,0.12301166489925763,20,1.0,1.0,1,1.0,9641,0.0,12.914933333333332,
calendar,calendar,,0.9,1,10902,500,200,-10,2,0,100,3.4846031490263623,5.04592621332736,0.45964125560538116,28,1.0,1.0,1,1.0,9959,0.0,12.914933333333332,
calendar,calendar,,0.9,2,20902,500,200,-10,2,0,100,6.061821328552266,9.074734697666187,0.34560327198364005,15,0.9566666666666667,1.0,1,1.0,11052,0.0,12.914933333333332,
calendar,calendar,,0.9,3,30902,500,200,-10,2,0,100,1.2992526129509012,1.395214575341475,0.1932515337423312,20,1.0,1.0,1,1.0,9086,0.0,12.914933333333332,
calendar,calendar,,0.9,4,40902,500,200,-10,2,0,100,2.1430306956787426,2.150106883160278,0.10553814002089873,3,1.0,1.0,1,1.0,9891,0.0,12.914933333333332,
calendar,calendar,,0.9,5,50902,500,200,-10,2,0,100,4.145316717531487,5.515865749501717,0.46741573033707867,247,1.0,1.0,1,1.0,10802,0.0,12.914933333333332,
calendar,calendar,,0.9,6,60902,500,200,-10,2,0,100,2.7297392482173852,3.6703465310039474,0.25176233635448136,12,1.0,1.0,1,1.0,9624,0.0,12.914933333333332,
calendar,calendar,,0.9,7,70902,500,200,-10,2,0,100,5.422355516968483,5.827060287527384,0.4107708553326294,2,1.0,1.0,1,1.0,10860,0.0,12.914933333333332,
calendar,calendar,,0.9,8,80902,500,200,-10,2,0,100,1.6483510877656848,1.524518645085115,0.15596330275229356,18,1.0,1.0,1,1.0,9717,0.0,12.914933333333332,
calendar,calendar,,0.9,9,90902,500,200,-10,2,0,100,1.312115252704754,1.6696296194833995,0.09807886754297272,11,1.0,1.0,1,1.0,8559,0.0,12.914933333333332,
calendar,calendar,,0.9,10,100902,500,200,-10,2,0,100,1.3893705634970959,1.4481321502325477,0.481592039800995,1,1.0,1.0,1,1.0,9713,0.0,12.914933333333332,
calendar,calendar,,0.9,11,110902,500,200,-10,2,0,100,1.5827953803402803,1.598701745176611,0.4678362573099415,60,1.0,1.0,1,1.0,9520,0.0,12.914933333333332,
calendar,calendar,,0.9,12,120902,500,200,-10,2,0,100,1.8642276534192221,2.069794950946404,0.26730310262529833,11,1.0,1.0,1,1.0,9973,0.0,12.914933333333332,
calendar,calendar,,0.9,13,130902,500,200,-10,2,0,100,0.7901550705582541,0.6162046214247704,0.08255319148936173,15,1.0,1.0,1,1.0,8306,0.0,12.914933333333332,
calendar,calendar,,0.9,14,140902,500,200,-10,2,0,100,5.10421719553774,3.9886009468616845,0.3358561967833491,14,1.0,1.0,1,1.0,9394,0.0,12.914933333333332,
calendar,calendar,,0.9,15,150902,500,200,-10,2,0,100,1.30995621306087,1.738919807250542,0.12404580152671756,2,1.0,1.0,1,1.0,9059,0.0,12.914933333333332,
calendar,calendar,,0.9,16,160902,500,200,-10,2,0,100,5.640316250557977,7.553197138438625,0.13695871097683782,35,0.95,1.0,1,1.0,11500,0.0,12.914933333333332,
calendar,calendar,,0.9,17,170902,500,200,-10,2,0,100,4.305343905354905,6.014852315373755,0.2682682682682684,16,1.0,1.0,1,1.0,10248,0.0,12.914933333333332,
calendar,calendar,,0.9,18,180902,500,200,-10,2,0,100,2.2903264081906896,1.5675846360947612,0.10087719298245616,1,1.0,1.0,1,1.0,9661,0.0,12.914933333333332,
calendar,calendar,,0.9,19,190902,500,200,-10,2,0,100,4.849695661467291,5.460132857173011,0.30808510638297876,15,1.0,1.0,1,1.0,11160,0.0,12.914933333333332,
calendar,calendar,,0.9,20,200902,500,200,-10,2,0,100,1.741674563244353,1.4394339981290623,0.6142719382835101,64,1.0,1.0,1,1.0,10546,0.0,12.914933333333332,
calendar,calendar,,0.9,21,210902,500,200,-10,2,0,100,2.5615418296640198,2.600393196882525,0.3569131832797428,12,1.0,1.0,1,1.0,10387,0.0,12.914933333333332,
calendar,calendar,,0.9,22,220902,500,200,-10,2,0,100,2.3233198190559388,1.7918472351055703,0.37216189536031585,33,1.0,1.0,1,1.0,9284,0.0,12.914933333333332,
calendar,calendar,,0.9,23,230902,500,200,-10,2,0,100,2.692333662340753,2.5122148328826093,0.29486023444544635,95,1.0,1.0,1,1.0,9593,0.0,12.914933333333332,
calendar,calendar,,0.9,24,240902,500,200,-10,2,0,100,3.786136446365863,5.517104159256605,0.1130346232179227,34,0.9666666666666667,1.0,1,1.0,10604,0.0,12.914933333333332,
calendar,calendar,,0.9,25,250902,500,200,-10,2,0,100,2.3851652927945857,2.0530572115505765,0.13871635610766037,1,1.0,1.0,1,1.0,9484,0.0,12.914933333333332,
calendar,calendar,,0.9,26,260902,500,200,-10,2,0,100,6.444078973126673,7.6008333343459995,0.4405204460966542,47,0.9433333333333334,1.0,1,1.0,11136,0.0,12.914933333333332,
calendar,calendar,,0.9,27,270902,500,200,-10,2,0,100,0.6185965765932887,0.3845814817784149,0.45918367346938777,23,1.0,1.0,1,1.0,10216,0.0,12.914933333333332,
calendar,calendar,,0.9,28,280902,500,200,-10,2,0,100,1.5708772629980459,1.861141912742781,0.08771929824561403,54,1.0,1.0,1,1.0,9045,0.0,12.914933333333332,
calendar,calendar,,0.9,29,290902,500,200,-10,2,0,100,4.867611644480358,4.843876739791244,0.2259225922592259,41,0.96,1.0,1,1.0,10398,0.0,12.914933333333332,
calendar,calendar,,1.0,0,1002,500,200,-10,2,0,100,1.5159635324652867,1.5041861754590267,0.31608548931383584,76,1.0,1.0,1,1.0,9716,0.0,12.914933333333332,
calendar,calendar,,1.0,1,11002,500,200,-10,2,0,100,2.1752008760576627,2.181983737857889,0.35418583256669733,76,1.0,1.0,1,1.0,10389,0.0,12.914933333333332,
calendar,calendar,,1.0,2,21002,500,200,-10,2,0,100,7.177151020827731,12.779299322240508,0.3364485981308411,11,1.0,1.0,1,1.0,11507,0.0,12.914933333333332,
calendar,calendar,,1.0,3,31002,500,200,-10,2,0,100,4.660669255387723,4.322496441505683,0.4054298642533936,8,1.0,1.0,1,1.0,9481,0.0,12.914933333333332,
calendar,calendar,,1.0,4,41002,500,200,-10,2,0,100,1.801211826738541,1.2870218325905867,0.6083995459704881,48,1.0,1.0,1,1.0,10757,0.0,12.914933333333332,
calendar,calendar,,1.0,5,51002,500,200,-10,2,0,100,3.603412914940375,2.813946468725759,0.26530612244897955,10,1.0,1.0,1,1.0,10481,0.0,12.914933333333332,
calendar,calendar,,1.0,6,61002,500,200,-10,2,0,100,2.456471877765163,2.5573068770738834,0.09777347531461757,61,1.0,1.0,1,1.0,8694,0.0,12.914933333333332,
calendar,calendar,,1.0,7,71002,500,200,-10,2,0,100,3.443153650158119,2.059265045038759,0.29357021996615906,34,1.0,1.0,1,1.0,10328,0.0,12.914933333333332,
calendar,calendar,,1.0,8,81002,500,200,-10,2,0,100,2.4703787520371665,5.458047109419199,0.9987966305655837,25,1.0,1.0,1,1.0,9484,0.0,12.914933333333332,
calendar,calendar,,1.0,9,91002,500,200,-10,2,0,100,2.506267369941345,4.884289337565336,0.20925110132158592,21,0.38,1.0,1,1.0,11617,0.0,12.914933333333332,
calendar,calendar,,1.0,10,101002,500,200,-10,2,0,100,3.3020386109430624,1.645759407076843,0.10558375634517772,8,1.0,1.0,1,1.0,10058,0.0,12.914933333333332,
calendar,calendar,,1.0,11,111002,500,200,-10,2,0,100,8.874596500471444,16.854631068301092,0.4500475737392959,300,0.8833333333333333,1.0,1,1.0,11578,0.0,12.914933333333332,
calendar,calendar,,1.0,12,121002,500,200,-10,2,0,100,0.7533947046169865,0.5243295313657407,0.09325946445060014,19,1.0,1.0,1,1.0,10724,0.0,12.914933333333332,
calendar,calendar,,1.0,13,131002,500,200,-10,2,0,100,0.7692175660010087,0.9380224067804134,0.2556306306306307,0,1.0,1.0,1,1.0,9916,0.0,12.914933333333332,
calendar,calendar,,1.0,14,141002,500,200,-10,2,0,100,0.660106038768208,0.3944199337298336,0.24868651488616467,300,0.0,1.0,1,1.0,13189,0.0,12.914933333333332,
calendar,calendar,,1.0,15,151002,500,200,-10,2,0,100,2.830823312290277,2.896738846664246,0.10423116615067088,16,0.95,1.0,1,1.0,10818,0.0,12.914933333333332,
calendar,calendar,,1.0,16,161002,500,200,-10,2,0,100,1.8207483712258954,1.5137293418280886,0.1313868613138687,10,1.0,1.0,1,1.0,9577,0.0,12.914933333333332,
calendar,calendar,,1.0,17,171002,500,200,-10,2,0,100,1.692711427960044,1.3953439758313035,0.42977824709609297,16,1.0,1.0,1,1.0,10074,0.0,12.914933333333332,
calendar,calendar,,1.0,18,181002,500,200,-10,2,0,100,2.5853002661889817,2.1132875729684604,0.3862433862433862,21,1.0,1.0,1,1.0,10722,0.0,12.914933333333332,
calendar,calendar,,1.0,19,191002,500,200,-10,2,0,100,1.454482575972293,0.9916767262363455,0.1409001956947163,18,1.0,1.0,1,1.0,10003,0.0,12.914933333333332,
calendar,calendar,,1.0,20,201002,500,200,-10,2,0,100,1.1902872824415285,0.7889880220693044,0.4183574879227053,27,1.0,1.0,1,1.0,9549,0.0,12.914933333333332,
calendar,calendar,,1.0,21,211002,500,200,-10,2,0,100,7.907200168439687,10.648314981418679,0.4451754385964912,49,1.0,1.0,1,1.0,10443,0.0,12.914933333333332,
calendar,calendar,,1.0,22,221002,500,200,-10,2,0,100,2.9963994290509217,2.753435400642281,0.393595041322314,28,1.0,1.0,1,1.0,10795,0.0,12.914933333333332,
calendar,calendar,,1.0,23,231002,500,200,-10,2,0,100,1.2237823017191625,0.8728780649587771,0.22967189728958623,186,1.0,1.0,1,1.0,9408,0.0,12.914933333333332,
calendar,calendar,,1.0,24,241002,500,200,-10,2,0,100,1.642772030883673,1.0818894531049525,0.444078947368421,18,1.0,1.0,1,1.0,10323,0.0,12.914933333333332,
calendar,calendar,,1.0,25,251002,500,200,-10,2,0,100,2.740496768509433,2.3972896352693613,0.39414414414414417,18,1.0,1.0,1,1.0,10033,0.0,12.914933333333332,
calendar,calendar,,1.0,26,261002,500,200,-10,2,0,100,2.8473157900472987,2.8860584476619375,0.19902912621359223,17,1.0,1.0,1,1.0,9595,0.0,12.914933333333332,
calendar,calendar,,1.0,27,271002,500,200,-10,2,0,100,2.7125883908557515,2.399060486127154,0.34959349593495936,61,1.0,1.0,1,1.0,10034,0.0,12.914933333333332,
calendar,calendar,,1.0,28,281002,500,200,-10,2,0,100,4.489107995928465,5.600732655793411,0.1831916902738433,196,0.67,1.0,1,1.0,11689,0.0,12.914933333333332,
calendar,calendar,,1.0,29,291002,500,200,-10,2,0,100,3.6853027424898954,5.638977390291349,0.3128491620111732,67,0.8966666666666666,1.0,1,1.0,11555,0.0,12.914933333333332,
